19:38:52,D3,19.66,72.0,3685.2,1442.0,1082.9,0,1
19:38:53,D3,19.66,72.0,3685.0,1442.0,1080.8,0,2
19:38:53,D3,19.66,72.0,3685.2,1441.4,1082.9,0,3
19:38:54,D3,19.66,72.0,3685.5,1441.4,1083.6,0,4
19:38:55,D3,19.66,72.0,3686.9,1440.8,1081.8,0,5
19:38:55,D3,19.66,72.0,3686.9,1443.5,1082.0,0,6
19:38:56,D3,19.66,72.0,3686.5,1442.0,1082.1,0,7
19:38:56,D3,19.66,72.0,3687.2,1446.4,1082.3,0,8
19:38:57,D3,19.66,72.0,3686.9,1446.4,1082.6,0,9
19:38:57,D3,19.66,72.0,3687.2,1447.7,1082.4,0,10
19:38:58,D3,19.66,72.0,3686.9,1446.8,1082.4,0,11
19:38:58,D3,19.66,72.0,3686.9,1446.0,1081.6,0,12
19:38:59,D3,19.66,72.0,3689.1,1444.4,1083.1,0,13
19:39:00,D3,19.66,72.0,3686.4,1443.2,1083.2,0,14
19:39:00,D3,19.66,72.0,3686.5,1442.3,1081.8,0,15
19:39:01,D3,19.66,72.0,3686.8,1444.8,1082.0,0,16
19:39:02,D3,19.66,72.0,3686.7,1442.0,1080.4,0,17
19:39:02,D3,19.66,72.0,3687.1,1443.3,1082.5,0,18
19:39:03,D3,19.66,72.0,3686.7,1443.5,1082.6,0,19
19:39:03,D3,19.66,72.0,3686.6,1443.3,1081.9,0,20
19:39:04,D3,19.66,72.0,3687.5,1442.8,1083.2,0,21
19:39:04,D3,19.66,72.0,3686.9,1442.9,1081.6,0,22
19:39:05,D3,19.66,72.0,3687.0,1446.0,1084.6,0,23
19:39:05,D3,19.66,72.0,3686.6,1443.9,1078.9,0,24
19:39:06,D3,19.66,72.0,3686.8,1444.8,1080.0,0,25
19:39:07,D3,19.32,72.0,3691.0,1442.8,1080.8,0,26
19:39:07,D3,19.32,72.0,3690.6,1440.5,1081.2,0,27
19:39:08,D3,19.32,72.0,3687.1,1441.9,1079.6,0,28
19:39:08,D3,19.32,72.0,3686.8,1442.9,1079.9,0,29
19:39:09,D3,19.32,72.0,3686.9,1445.1,1080.9,0,30
19:39:09,D3,19.32,72.0,3686.8,1443.3,1079.5,0,31
19:39:10,D3,19.32,72.0,3687.6,1445.4,1078.3,0,32
19:39:10,D3,19.32,72.0,3685.0,1443.4,1082.8,0,33
19:39:11,D3,19.32,72.0,3684.7,1441.5,1082.4,0,34
19:39:11,D3,19.32,72.0,3685.3,1442.5,1079.6,0,35
19:39:12,D3,19.32,72.0,3684.6,1443.4,1081.7,0,36
19:39:13,D3,19.32,72.0,3686.1,1443.7,1081.5,0,37
19:39:13,D3,19.32,72.0,3685.4,1443.8,1082.3,0,38
19:39:14,D3,19.32,72.0,3685.6,1443.5,1082.3,0,39
19:39:14,D3,19.32,72.0,3688.1,1443.2,1081.8,0,40
19:39:15,D3,19.32,72.0,3689.2,1443.5,1081.2,0,41
19:39:15,D3,19.32,72.0,3689.1,1443.0,1081.3,0,42
19:39:16,D3,19.32,72.0,3689.0,1444.0,1081.0,0,43
19:39:17,D3,19.32,72.0,3688.9,1443.4,1081.1,0,44
19:39:17,D3,19.32,72.0,3688.5,1444.2,1081.9,0,45
19:39:18,D3,19.32,72.0,3688.8,1442.7,1081.2,0,46
19:39:18,D3,19.32,72.0,3686.9,1446.3,1084.7,0,47
19:39:19,D3,19.32,72.0,3687.3,1446.7,1085.6,0,48
19:39:19,D3,19.32,72.0,3687.1,1444.3,1083.4,0,49
19:39:20,D3,19.32,72.0,3686.5,1446.3,1084.3,0,50
19:39:20,D3,19.32,72.0,3687.1,1447.0,1084.5,0,51
19:39:21,D3,19.32,72.0,3686.9,1445.0,1084.5,0,52
19:39:21,D3,19.32,72.0,3687.8,1446.4,1081.1,0,53
19:39:22,D3,19.32,72.0,3688.2,1445.3,1081.8,0,54
19:39:22,D3,19.32,72.0,3688.3,1444.4,1081.5,0,55
19:39:23,D3,19.32,72.0,3687.3,1443.0,1080.7,0,56
19:39:24,D3,19.32,72.0,3686.7,1443.5,1082.9,0,57
19:39:24,D3,19.32,72.0,3687.9,1443.1,1083.9,0,58
19:39:25,D3,19.32,72.0,3688.1,1443.4,1079.2,0,59
19:39:25,D3,19.32,72.0,3688.3,1442.2,1080.0,0,60
19:39:26,D3,19.32,72.0,3687.9,1443.1,1080.7,0,61
19:39:27,D3,19.32,72.0,3687.9,1441.8,1079.8,0,62
19:39:27,D3,19.32,72.0,3687.7,1443.9,1082.1,0,63
19:39:28,D3,19.32,72.0,3686.6,1444.2,1081.5,0,64
19:39:28,D3,19.32,72.0,3687.3,1445.4,1080.2,0,65
19:39:29,D3,19.32,72.0,3687.4,1447.0,1079.6,0,66
19:39:29,D3,19.32,72.0,3687.0,1446.9,1081.3,0,67
19:39:30,D3,19.32,72.0,3687.3,1446.5,1081.8,0,68
19:39:30,D3,19.32,72.0,3687.1,1445.1,1080.8,0,69
19:39:31,D3,19.32,72.0,3686.8,1445.7,1082.5,0,70
19:39:31,D3,19.32,72.0,3690.1,1445.0,1078.6,0,71
19:39:32,D3,19.32,72.0,3690.5,1444.1,1080.7,0,72
19:39:32,D3,19.32,72.0,3690.0,1445.9,1079.4,0,73
19:39:33,D3,19.32,72.0,3690.5,1444.3,1081.8,0,74
19:39:33,D3,19.32,72.0,3687.2,1444.2,1084.1,0,75
19:39:34,D3,19.32,72.0,3690.3,1444.7,1079.2,0,76
19:39:34,D3,19.32,72.0,3690.0,1445.1,1079.4,0,77
19:39:35,D3,19.32,72.0,3687.9,1443.9,1084.9,0,78
19:39:36,D3,19.32,72.0,3688.0,1444.6,1083.6,0,79
19:39:36,D3,19.32,72.0,3687.4,1444.8,1084.0,0,80
19:39:37,D3,19.32,72.0,3687.9,1443.3,1084.0,0,81
19:39:37,D3,19.32,72.0,3688.1,1442.9,1082.0,0,82
19:39:38,D3,19.32,72.0,3688.5,1442.5,1084.0,0,83
19:39:38,D3,19.32,72.0,3687.8,1445.4,1079.3,0,84
19:39:39,D3,19.32,72.0,3687.7,1444.1,1079.5,0,85
19:39:39,D3,19.32,72.0,3685.8,1445.2,1084.5,0,86
19:39:40,D3,19.32,72.0,3686.3,1447.3,1081.7,0,87
19:39:40,D3,19.32,72.0,3686.1,1449.1,1083.9,0,88
19:39:41,D3,19.32,72.0,3685.8,1447.0,1082.7,0,89
19:39:41,D3,19.32,72.0,3686.2,1447.7,1082.7,0,90
19:39:42,D3,19.32,72.0,3686.0,1447.1,1083.8,0,91
19:39:42,D3,19.32,72.0,3686.3,1446.9,1083.4,0,92
19:39:43,D3,19.32,72.0,3685.8,1447.8,1083.6,0,93
19:39:43,D3,19.32,72.0,3685.9,1446.8,1084.0,0,94
19:39:44,D3,19.32,72.0,3685.9,1447.2,1082.7,0,95
19:39:44,D3,19.32,72.0,3685.5,1447.3,1082.4,0,96
19:39:45,D3,19.32,72.0,3686.1,1446.4,1081.9,0,97
19:39:45,D3,19.32,72.0,3686.1,1447.8,1082.1,0,98
19:39:46,D3,19.32,72.0,3687.0,1445.9,1084.1,0,99
19:39:46,D3,19.32,72.0,3686.9,1445.4,1082.3,0,100
19:39:47,D3,19.32,72.0,3686.6,1446.4,1079.6,0,101
19:39:47,D3,19.32,72.0,3686.9,1445.3,1079.6,0,102
19:39:48,D3,19.32,72.0,3686.9,1446.0,1081.5,0,103
19:39:48,D3,19.32,72.0,3686.8,1446.0,1081.6,0,104
19:39:49,D3,19.32,72.0,3688.0,1445.9,1081.6,0,105
19:39:49,D3,19.32,72.0,3688.1,1445.4,1080.7,0,106
19:39:50,D3,19.32,72.0,3688.6,1445.0,1080.9,0,107
19:39:50,D3,19.32,72.0,3689.1,1447.7,1082.3,0,108
19:39:51,D3,19.32,72.0,3689.1,1448.2,1082.1,0,109
19:39:52,D3,19.32,72.0,3689.0,1447.5,1079.7,0,110
19:39:52,D3,19.32,72.0,3688.4,1447.0,1081.8,0,111
19:39:53,D3,19.32,72.0,3689.0,1445.9,1081.1,0,112
19:39:53,D3,19.32,72.0,3689.0,1446.1,1082.2,0,113
19:39:54,D3,19.32,72.0,3687.8,1443.7,1082.1,0,114
19:39:54,D3,19.32,72.0,3687.9,1445.5,1082.4,0,115
19:39:55,D3,19.32,72.0,3688.1,1445.8,1081.7,0,116
19:39:55,D3,19.32,72.0,3688.0,1446.0,1083.0,0,117
19:39:56,D3,19.32,72.0,3687.6,1446.4,1082.5,0,118
19:39:56,D3,19.32,72.0,3688.4,1445.9,1082.4,0,119
19:39:57,D3,19.32,72.0,3688.2,1446.4,1082.6,0,120
19:39:57,D3,19.32,72.0,3688.2,1446.1,1084.2,0,121
19:39:58,D3,19.32,72.0,3687.7,1444.4,1080.8,0,122
19:39:58,D3,19.32,72.0,3688.4,1445.2,1082.5,0,123
19:39:59,D3,19.32,72.0,3687.6,1442.9,1079.0,0,124
19:39:59,D3,19.32,72.0,3688.2,1442.0,1080.6,0,125
19:40:00,D3,19.32,72.0,3688.7,1443.5,1079.0,0,126
19:40:00,D3,19.32,72.0,3687.7,1444.3,1079.6,0,127
19:40:01,D3,19.32,72.0,3687.8,1444.0,1079.7,0,128
19:40:01,D3,19.32,72.0,3689.0,1448.8,1083.0,0,129
19:40:02,D3,19.32,72.0,3688.8,1450.2,1083.0,0,130
19:40:03,D3,19.32,72.0,3688.5,1449.1,1080.7,0,131
19:40:04,D3,19.32,72.0,3689.0,1448.7,1082.1,0,132
19:40:05,D3,19.32,72.0,3688.7,1448.5,1081.3,0,133
19:40:05,D3,19.32,72.0,3686.1,1444.7,1080.7,0,134
19:40:06,D3,19.32,72.0,3685.7,1444.7,1081.8,0,135
19:40:06,D3,19.32,72.0,3686.5,1445.1,1081.7,0,136
19:40:07,D3,19.32,72.0,3685.8,1445.1,1084.5,0,137
19:40:07,D3,19.32,72.0,3688.9,1446.0,1082.5,0,138
19:40:08,D3,19.32,72.0,3688.3,1446.4,1077.6,0,139
19:40:08,D3,19.32,72.0,3686.6,1449.0,1081.4,0,140
19:40:09,D3,19.32,72.0,3687.1,1448.8,1083.1,0,141
19:40:09,D3,19.32,72.0,3687.4,1446.8,1084.2,0,142
19:40:10,D3,19.32,72.0,3690.5,1441.9,1077.3,0,143
19:40:10,D3,19.32,72.0,3691.1,1444.8,1077.0,0,144
19:40:11,D3,19.32,72.0,3691.1,1442.9,1081.0,0,145
19:40:11,D3,19.32,72.0,3691.2,1443.8,1079.4,0,146
19:40:12,D3,19.32,72.0,3690.6,1443.0,1078.1,0,147
19:40:12,D3,19.32,72.0,3690.6,1442.5,1079.6,0,148
19:40:13,D3,19.32,72.0,3689.2,1443.5,1080.2,0,149
19:40:14,D3,19.32,72.0,3689.1,1443.6,1083.0,0,150
19:40:14,D3,19.32,72.0,3689.1,1442.5,1083.3,0,151
19:40:15,D3,19.32,72.0,3689.1,1440.8,1084.0,0,152
19:40:15,D3,19.32,72.0,3684.8,1443.5,1077.9,0,153
19:40:16,D3,19.32,73.0,3688.1,1445.3,1080.1,0,154
19:40:16,D3,19.32,73.0,3689.1,1444.8,1081.0,0,155
19:40:17,D3,19.32,73.0,3688.8,1447.2,1084.3,0,156
19:40:17,D3,19.32,73.0,3689.6,1447.0,1083.1,0,157
19:40:18,D3,19.32,73.0,3689.1,1447.5,1080.6,0,158
19:40:18,D3,19.32,73.0,3688.6,1447.1,1080.0,0,159
19:40:19,D3,19.32,73.0,3689.2,1446.2,1081.7,0,160
19:40:20,D3,19.32,73.0,3688.7,1448.0,1081.9,0,161
19:40:20,D3,19.32,73.0,3686.2,1444.9,1079.8,0,162
19:40:21,D3,19.32,73.0,3686.4,1445.0,1080.0,0,163
19:40:21,D3,19.32,73.0,3685.7,1444.2,1078.5,0,164
19:40:22,D3,19.32,73.0,3686.3,1444.6,1079.7,0,165
19:40:22,D3,19.23,73.0,3686.1,1444.3,1079.9,0,166
19:40:23,D3,19.23,73.0,3686.3,1444.9,1082.7,0,167
19:40:24,D3,19.23,73.0,3689.6,1447.4,1078.8,0,168
19:40:24,D3,19.23,73.0,3688.9,1442.9,1083.5,0,169
19:40:25,D3,19.23,73.0,3688.8,1442.7,1083.0,0,170
19:40:25,D3,19.23,73.0,3688.7,1445.2,1082.3,0,171
19:40:26,D3,19.23,73.0,3688.7,1443.8,1083.8,0,172
19:40:26,D3,19.23,73.0,3688.0,1446.4,1082.4,0,173
19:40:27,D3,19.23,73.0,3689.1,1444.9,1081.4,0,174
19:40:28,D3,19.23,73.0,3687.1,1443.5,1082.9,0,175
19:40:28,D3,19.23,73.0,3687.3,1445.5,1084.3,0,176
19:40:29,D3,19.23,73.0,3687.0,1446.6,1083.1,0,177
19:40:29,D3,19.23,73.0,3690.5,1446.6,1079.3,0,178
19:40:30,D3,19.23,73.0,3689.9,1448.8,1078.6,0,179
19:40:30,D3,19.23,73.0,3690.8,1446.5,1079.8,0,180
19:40:31,D3,19.23,73.0,3688.2,1447.6,1079.2,0,181
19:40:32,D3,19.23,73.0,3686.7,1444.2,1080.9,0,182
19:40:32,D3,19.23,73.0,3686.7,1445.1,1082.3,0,183
19:40:33,D3,19.23,73.0,3687.1,1445.3,1080.5,0,184
19:40:33,D3,19.23,73.0,3686.9,1444.0,1081.0,0,185
19:40:34,D3,19.23,73.0,3685.2,1445.4,1081.1,0,186
19:40:34,D3,19.23,73.0,3689.1,1445.4,1080.9,0,187
19:40:35,D3,19.23,73.0,3689.0,1444.4,1077.6,0,188
19:40:35,D3,19.23,73.0,3688.7,1446.7,1079.4,0,189
19:40:36,D3,19.23,73.0,3688.5,1445.1,1080.2,0,190
19:40:37,D3,19.23,73.0,3688.9,1444.7,1081.3,0,191
19:40:37,D3,19.23,73.0,3690.3,1447.2,1080.5,0,192
19:40:38,D3,19.23,73.0,3690.1,1445.9,1079.0,0,193
19:40:38,D3,19.23,73.0,3689.6,1446.2,1081.6,0,194
19:40:39,D3,19.23,73.0,3690.1,1448.0,1080.3,0,195
19:40:39,D3,19.23,73.0,3690.1,1446.5,1079.8,0,196
19:40:40,D3,19.23,73.0,3689.7,1446.1,1080.3,0,197
19:40:40,D3,19.23,73.0,3690.0,1447.4,1080.8,0,198
19:40:41,D3,19.23,73.0,3690.0,1448.0,1080.4,0,199
19:40:41,D3,19.23,73.0,3689.6,1447.6,1078.7,0,200
19:40:42,D3,19.23,73.0,3690.1,1447.8,1081.9,0,201
19:40:42,D3,19.23,73.0,3690.2,1446.4,1082.3,0,202
19:40:43,D3,19.23,73.0,3690.3,1445.8,1081.7,0,203
19:40:43,D3,19.23,73.0,3690.3,1448.3,1079.8,0,204
19:40:44,D3,19.23,73.0,3689.6,1446.7,1080.8,0,205
19:40:44,D3,19.23,73.0,3689.7,1446.8,1081.0,0,206
19:40:45,D3,19.23,73.0,3690.2,1448.1,1081.6,0,207
19:40:46,D3,19.23,73.0,3690.2,1447.5,1081.7,0,208
19:40:47,D3,19.23,73.0,3690.2,1447.4,1080.2,0,209
19:40:47,D3,19.23,73.0,3691.2,1448.8,1081.1,0,210
19:40:48,D3,19.23,73.0,3688.2,1445.5,1080.5,0,211
19:40:48,D3,19.23,73.0,3688.4,1446.8,1081.5,0,212
19:40:49,D3,19.23,73.0,3688.3,1447.0,1080.7,0,213
19:40:50,D3,19.23,73.0,3688.2,1446.2,1080.8,0,214
19:40:50,D3,19.23,73.0,3687.9,1447.3,1080.1,0,215
19:40:51,D3,19.23,73.0,3688.2,1446.4,1081.5,0,216
19:40:51,D3,19.23,73.0,3687.8,1446.4,1080.4,0,217
19:40:52,D3,19.23,73.0,3687.9,1446.9,1079.1,0,218
19:40:52,D3,19.23,73.0,3687.8,1445.7,1081.5,0,219
19:40:53,D3,19.23,73.0,3688.0,1445.3,1080.7,0,220
19:40:53,D3,19.23,73.0,3688.7,1445.1,1079.5,0,221
19:40:54,D3,19.23,73.0,3686.4,1444.4,1075.5,0,222
19:40:54,D3,19.23,73.0,3687.2,1447.7,1076.3,0,223
19:40:55,D3,19.23,73.0,3686.5,1445.1,1076.5,0,224
19:40:55,D3,19.23,73.0,3686.9,1445.8,1076.2,0,225
19:40:56,D3,19.23,73.0,3687.3,1445.8,1076.3,0,226
19:40:56,D3,19.23,73.0,3687.0,1443.3,1083.8,0,227
19:40:57,D3,19.23,73.0,3686.7,1443.7,1083.1,0,228
19:40:58,D3,19.23,73.0,3686.8,1443.7,1082.2,0,229
19:40:59,D3,19.23,73.0,3687.2,1442.5,1083.0,0,230
19:40:59,D3,19.23,73.0,3686.8,1444.9,1076.9,0,231
19:41:00,D3,19.23,73.0,3687.1,1445.2,1078.4,0,232
19:41:01,D3,19.23,73.0,3687.0,1444.8,1079.9,0,233
19:41:01,D3,19.23,73.0,3686.8,1446.3,1077.8,0,234
19:41:02,D3,19.23,73.0,3687.7,1446.4,1081.1,0,235
19:41:02,D3,19.23,73.0,3687.2,1448.6,1078.3,0,236
19:41:03,D3,19.23,73.0,3686.4,1448.6,1077.9,0,237
19:41:03,D3,19.23,73.0,3687.1,1449.0,1078.2,0,238
19:41:04,D3,19.23,73.0,3686.8,1448.2,1078.6,0,239
19:41:04,D3,19.23,73.0,3687.3,1446.9,1077.5,0,240
19:41:05,D3,19.23,73.0,3686.8,1448.3,1079.0,0,241
19:41:05,D3,19.23,73.0,3687.0,1447.5,1079.9,0,242
19:41:06,D3,19.23,73.0,3687.2,1447.6,1078.0,0,243
19:41:06,D3,19.23,73.0,3686.3,1448.5,1080.6,0,244
19:41:07,D3,19.23,73.0,3685.6,1447.0,1082.5,0,245
19:41:07,D3,19.23,73.0,3685.9,1446.0,1083.1,0,246
19:41:08,D3,19.23,73.0,3685.9,1445.3,1080.3,0,247
19:41:09,D3,19.23,73.0,3685.8,1446.4,1081.9,0,248
19:41:09,D3,19.23,73.0,3687.5,1446.2,1078.9,0,249
19:41:10,D3,19.23,73.0,3687.1,1448.2,1080.9,0,250
19:41:10,D3,19.22,73.0,3686.6,1445.5,1080.2,0,251
19:41:11,D3,19.22,73.0,3689.3,1446.5,1082.6,0,252
19:41:12,D3,19.22,73.0,3689.7,1448.6,1080.8,0,253
19:41:12,D3,19.22,73.0,3690.3,1445.3,1078.1,0,254
19:41:13,D3,19.22,73.0,3689.5,1446.1,1079.6,0,255
19:41:13,D3,19.22,73.0,3688.9,1446.6,1080.0,0,256
19:41:14,D3,19.22,73.0,3689.4,1445.9,1081.5,0,257
19:41:14,D3,19.22,73.0,3688.8,1445.0,1079.6,0,258
19:41:15,D3,19.22,73.0,3689.1,1445.8,1081.9,0,259
19:41:15,D3,19.22,73.0,3685.2,1447.3,1079.7,0,260
19:41:16,D3,19.22,73.0,3684.7,1447.5,1081.6,0,261
19:41:17,D3,19.22,73.0,3685.0,1448.5,1081.7,0,262
19:41:18,D3,19.22,73.0,3686.0,1447.4,1080.3,0,263
19:41:18,D3,19.22,73.0,3690.7,1446.3,1078.6,0,264
19:41:19,D3,19.22,73.0,3688.9,1443.0,1079.3,0,265
19:41:19,D3,19.22,73.0,3688.6,1444.4,1078.4,0,266
19:41:20,D3,19.22,73.0,3688.5,1447.0,1077.9,0,267
19:41:20,D3,19.22,73.0,3687.6,1445.5,1080.9,0,268
19:41:21,D3,19.22,73.0,3683.9,1446.9,1080.4,0,269
19:41:22,D3,19.22,73.0,3690.0,1447.0,1078.4,0,270
19:41:22,D3,19.22,73.0,3690.4,1446.3,1080.1,0,271
19:41:23,D3,19.23,73.0,3689.6,1447.5,1079.7,0,272
19:41:24,D3,19.22,73.0,3690.4,1446.9,1080.7,0,273
19:41:24,D3,19.22,73.0,3688.0,1447.3,1079.7,0,274
19:41:25,D3,19.22,73.0,3688.7,1449.3,1079.7,0,275
19:41:25,D3,19.22,73.0,3689.1,1449.6,1080.8,0,276
19:41:26,D3,19.22,73.0,3689.1,1450.6,1080.4,0,277
19:41:26,D3,19.23,73.0,3688.8,1449.7,1080.3,0,278
19:41:27,D3,19.23,73.0,3689.0,1451.4,1080.5,0,279
19:41:27,D3,19.23,73.0,3688.9,1449.7,1078.4,0,280
19:41:28,D3,19.23,73.0,3688.0,1448.2,1078.8,0,281
19:41:28,D3,19.23,73.0,3688.2,1448.8,1078.6,0,282
19:41:29,D3,19.23,73.0,3688.5,1446.8,1076.9,0,283
19:41:29,D3,19.23,73.0,3687.6,1446.5,1077.7,0,284
19:41:30,D3,19.23,73.0,3688.7,1446.7,1078.0,0,285
19:41:30,D3,19.23,73.0,3686.4,1447.1,1079.9,0,286
19:41:31,D3,19.23,73.0,3687.0,1445.5,1080.4,0,287
19:41:32,D3,19.23,73.0,3688.2,1448.1,1081.5,0,288
19:41:32,D3,19.23,73.0,3688.1,1445.5,1081.1,0,289
19:41:33,D3,19.23,73.0,3686.8,1447.2,1077.6,0,290
19:41:33,D3,19.23,73.0,3686.9,1448.3,1079.7,0,291
19:41:34,D3,19.23,73.0,3686.8,1448.7,1080.4,0,292
19:41:35,D3,19.23,73.0,3686.8,1446.7,1081.4,0,293
19:41:35,D3,19.23,73.0,3687.3,1446.0,1082.1,0,294
19:41:36,D3,19.23,73.0,3687.1,1445.9,1083.1,0,295
19:41:37,D3,19.23,73.0,3686.8,1447.5,1081.1,0,296
19:41:37,D3,19.23,73.0,3687.3,1447.6,1080.3,0,297
19:41:38,D3,19.23,73.0,3685.1,1447.5,1082.1,0,298
19:41:38,D3,19.23,73.0,3685.3,1447.3,1081.2,0,299
19:41:39,D3,19.23,73.0,3685.2,1448.0,1081.0,0,300
19:41:39,D3,19.23,73.0,3684.7,1447.9,1080.6,0,301
19:41:40,D3,19.23,73.0,3684.8,1447.6,1082.6,0,302
19:41:41,D3,19.23,73.0,3685.2,1448.6,1080.1,0,303
19:41:41,D3,19.23,73.0,3685.2,1448.8,1082.6,0,304
19:41:42,D3,19.23,73.0,3685.0,1448.1,1081.5,0,305
19:41:42,D3,19.23,73.0,3685.0,1449.2,1079.5,0,306
19:41:43,D3,19.23,73.0,3685.4,1447.0,1081.4,0,307
19:41:43,D3,19.23,73.0,3684.8,1447.8,1078.8,0,308
19:41:44,D3,19.23,73.0,3686.2,1447.4,1081.7,0,309
19:41:44,D3,19.23,73.0,3685.9,1446.4,1081.9,0,310
19:41:45,D3,19.23,73.0,3685.9,1447.9,1080.4,0,311
19:41:45,D3,19.23,73.0,3686.3,1447.9,1081.1,0,312
19:41:46,D3,19.23,73.0,3686.3,1449.3,1083.0,0,313
19:41:46,D3,19.23,73.0,3686.3,1448.5,1080.5,0,314
19:41:47,D3,19.23,73.0,3686.4,1447.1,1079.9,0,315
19:41:47,D3,19.23,73.0,3686.0,1449.5,1078.6,0,316
19:41:48,D3,19.23,73.0,3686.2,1449.0,1079.1,0,317
19:41:48,D3,19.23,73.0,3685.9,1448.5,1077.0,0,318
19:41:49,D3,19.23,73.0,3686.1,1447.8,1078.1,0,319
19:41:49,D3,19.23,73.0,3686.0,1447.2,1078.4,0,320
19:41:50,D3,19.23,73.0,3685.0,1446.7,1077.2,0,321
19:41:50,D3,19.23,73.0,3685.2,1447.9,1077.5,0,322
19:41:51,D3,19.23,73.0,3684.7,1448.6,1079.3,0,323
19:41:51,D3,19.23,73.0,3685.6,1448.3,1079.8,0,324
19:41:52,D3,19.23,73.0,3684.7,1446.6,1078.6,0,325
19:41:53,D3,19.23,73.0,3684.6,1446.1,1077.1,0,326
19:41:53,D3,19.23,73.0,3685.4,1447.1,1080.1,0,327
19:41:54,D3,19.26,73.0,3685.2,1445.5,1077.4,0,328
19:41:55,D3,19.26,73.0,3689.2,1449.3,1079.6,0,329
19:41:55,D3,19.26,73.0,3689.2,1448.9,1080.4,0,330
19:41:56,D3,19.26,73.0,3689.0,1448.6,1081.6,0,331
19:41:56,D3,19.26,73.0,3688.7,1447.7,1080.9,0,332
19:41:57,D3,19.26,73.0,3689.0,1449.4,1080.4,0,333
19:41:57,D3,19.26,73.0,3688.8,1448.6,1080.5,0,334
19:41:58,D3,19.26,73.0,3689.3,1448.0,1080.0,0,335
19:41:58,D3,19.26,73.0,3689.0,1446.6,1080.6,0,336
19:41:59,D3,19.26,73.0,3688.7,1449.0,1077.3,0,337
19:41:59,D3,19.26,73.0,3688.9,1450.5,1079.7,0,338
19:42:00,D3,19.26,73.0,3686.1,1447.4,1077.3,0,339
19:42:00,D3,19.26,73.0,3687.8,1447.6,1078.8,0,340
19:42:01,D3,19.26,73.0,3687.7,1447.5,1080.4,0,341
19:42:01,D3,19.26,73.0,3688.1,1448.4,1079.8,0,342
19:42:02,D3,19.26,73.0,3688.1,1447.2,1081.8,0,343
19:42:02,D3,19.26,73.0,3687.8,1448.3,1081.6,0,344
19:42:03,D3,19.26,73.0,3687.9,1448.6,1079.5,0,345
19:42:03,D3,19.26,73.0,3688.1,1449.0,1079.8,0,346
19:42:04,D3,19.26,73.0,3687.6,1447.9,1079.9,0,347
19:42:04,D3,19.26,73.0,3687.6,1447.8,1079.5,0,348
19:42:05,D3,19.26,73.0,3687.8,1447.3,1080.2,0,349
19:42:06,D3,19.26,73.0,3687.9,1447.3,1079.2,0,350
19:42:06,D3,19.26,73.0,3688.1,1447.8,1078.8,0,351
19:42:07,D3,19.26,73.0,3688.5,1448.3,1080.7,0,352
19:42:07,D3,19.26,73.0,3688.3,1448.8,1080.7,0,353
19:42:08,D3,19.26,73.0,3688.0,1447.3,1079.2,0,354
19:42:08,D3,19.26,73.0,3688.0,1449.2,1080.9,0,355
19:42:09,D3,19.26,73.0,3687.7,1447.8,1079.3,0,356
19:42:10,D3,19.26,73.0,3688.0,1448.0,1080.3,0,357
19:42:10,D3,19.26,73.0,3687.9,1447.4,1080.9,0,358
19:42:11,D3,19.26,73.0,3687.1,1444.0,1079.0,0,359
19:42:11,D3,19.26,73.0,3686.7,1446.7,1079.5,0,360
19:42:12,D3,19.26,73.0,3688.2,1447.6,1079.5,0,361
19:42:12,D3,19.26,73.0,3686.5,1447.8,1080.8,0,362
19:42:13,D3,19.26,73.0,3686.0,1448.1,1080.8,0,363
19:42:13,D3,19.26,73.0,3688.1,1447.4,1078.2,0,364
19:42:14,D3,19.26,73.0,3688.2,1445.7,1078.8,0,365
19:42:14,D3,19.26,73.0,3687.9,1446.6,1077.4,0,366
19:42:15,D3,19.26,73.0,3688.1,1447.7,1078.5,0,367
19:42:15,D3,19.26,73.0,3686.0,1445.0,1078.7,0,368
19:42:16,D3,19.26,73.0,3688.0,1447.2,1080.7,0,369
19:42:16,D3,19.23,73.0,3687.8,1445.9,1080.7,0,370
19:42:17,D3,19.23,73.0,3688.0,1447.4,1080.9,0,371
19:42:17,D3,19.23,73.0,3685.2,1448.0,1077.5,0,372
19:42:18,D3,19.23,73.0,3685.4,1445.7,1080.9,0,373
19:42:18,D3,19.23,73.0,3686.3,1450.0,1080.3,0,374
19:42:19,D3,19.23,73.0,3686.7,1448.4,1079.7,0,375
19:42:19,D3,19.23,73.0,3685.8,1448.3,1079.9,0,376
19:42:20,D3,19.23,73.0,3686.3,1449.2,1080.5,0,377
19:42:21,D3,19.23,73.0,3688.1,1449.0,1075.6,0,378
19:42:22,D3,19.23,73.0,3688.7,1447.2,1075.2,0,379
19:42:22,D3,19.23,73.0,3687.7,1448.1,1074.6,0,380
19:42:23,D3,19.23,73.0,3687.7,1448.4,1075.5,0,381
19:42:24,D3,19.23,73.0,3684.8,1447.6,1077.2,0,382
19:42:25,D3,19.23,73.0,3686.3,1447.1,1079.6,0,383
19:42:25,D3,19.23,73.0,3686.8,1446.7,1079.4,0,384
19:42:26,D3,19.23,73.0,3686.8,1445.3,1079.6,0,385
19:42:27,D3,19.23,73.0,3686.0,1446.1,1078.0,0,386
19:42:27,D3,19.23,73.0,3686.1,1446.1,1079.0,0,387
19:42:28,D3,19.23,73.0,3687.6,1444.6,1081.1,0,388
19:42:28,D3,19.23,73.0,3687.3,1447.4,1082.6,0,389
19:42:29,D3,19.23,73.0,3686.8,1447.8,1080.1,0,390
19:42:29,D3,19.23,73.0,3686.7,1445.0,1079.6,0,391
19:42:30,D3,19.23,73.0,3688.2,1446.2,1078.3,0,392
19:42:31,D3,19.23,73.0,3687.6,1447.5,1078.2,0,393
19:42:31,D3,19.23,73.0,3688.6,1448.7,1080.8,0,394
19:42:32,D3,19.23,73.0,3688.4,1447.0,1078.4,0,395
19:42:32,D3,19.23,73.0,3687.9,1446.4,1076.9,0,396
19:42:33,D3,19.23,73.0,3687.5,1446.8,1077.9,0,397
19:42:33,D3,19.23,73.0,3690.4,1450.1,1078.1,0,398
19:42:34,D3,19.23,73.0,3690.0,1448.5,1079.9,0,399
19:42:35,D3,19.23,73.0,3690.4,1448.3,1079.1,0,400
19:42:35,D3,19.23,73.0,3687.5,1448.6,1080.0,0,401
19:42:36,D3,19.23,73.0,3686.8,1446.2,1079.4,0,402
19:42:36,D3,19.23,73.0,3687.0,1447.1,1079.9,0,403
19:42:37,D3,19.23,73.0,3687.0,1448.4,1079.3,0,404
19:42:37,D3,19.22,73.0,3686.9,1447.3,1081.8,0,405
19:42:38,D3,19.22,73.0,3689.2,1447.8,1078.7,0,406
19:42:38,D3,19.22,73.0,3688.7,1447.8,1080.9,0,407
19:42:39,D3,19.22,73.0,3689.0,1446.7,1079.9,0,408
19:42:40,D3,19.22,73.0,3689.0,1448.7,1079.5,0,409
19:42:40,D3,19.22,73.0,3689.2,1447.9,1079.4,0,410
19:42:41,D3,19.22,73.0,3689.2,1447.8,1079.4,0,411
19:42:41,D3,19.22,73.0,3688.7,1450.7,1077.0,0,412
19:42:42,D3,19.22,73.0,3688.5,1448.2,1078.7,0,413
19:42:42,D3,19.22,73.0,3689.4,1447.4,1079.9,0,414
19:42:43,D3,19.22,73.0,3689.1,1447.6,1078.9,0,415
19:42:43,D3,19.22,73.0,3688.8,1449.0,1077.5,0,416
19:42:44,D3,19.22,73.0,3689.5,1448.1,1078.9,0,417
19:42:44,D3,19.22,73.0,3688.0,1446.8,1081.8,0,418
19:42:45,D3,19.22,73.0,3687.4,1447.8,1083.3,0,419
19:42:45,D3,19.22,73.0,3687.0,1446.4,1081.9,0,420
19:42:46,D3,19.22,73.0,3687.6,1448.6,1083.0,0,421
19:42:47,D3,19.22,73.0,3687.5,1447.9,1081.6,0,422
19:42:47,D3,19.22,73.0,3686.9,1446.6,1080.2,0,423
19:42:48,D3,19.22,73.0,3687.3,1449.1,1078.0,0,424
19:42:49,D3,19.22,73.0,3686.2,1447.1,1082.6,0,425
19:42:50,D3,19.22,73.0,3686.4,1447.7,1080.7,0,426
19:42:50,D3,19.22,73.0,3684.7,1448.4,1078.7,0,427
19:42:51,D3,19.22,73.0,3686.2,1444.3,1078.7,0,428
19:42:51,D3,19.22,73.0,3686.3,1444.5,1081.0,0,429
19:42:52,D3,19.22,73.0,3685.5,1445.9,1080.7,0,430
19:42:53,D3,19.22,73.0,3685.6,1444.7,1081.3,0,431
19:42:53,D3,19.22,73.0,3685.4,1444.7,1078.8,0,432
19:42:54,D3,19.22,73.0,3685.9,1444.2,1079.3,0,433
19:42:54,D3,19.22,73.0,3686.2,1445.4,1077.4,0,434
19:42:55,D3,19.22,73.0,3689.5,1446.7,1080.5,0,435
19:42:55,D3,19.22,73.0,3689.0,1444.1,1077.8,0,436
19:42:56,D3,19.22,73.0,3689.5,1445.0,1079.2,0,437
19:42:56,D3,19.22,73.0,3688.6,1446.2,1077.8,0,438
19:42:57,D3,19.22,73.0,3686.5,1446.9,1078.4,0,439
19:42:58,D3,19.22,73.0,3688.0,1448.4,1078.1,0,440
19:42:58,D3,19.22,73.0,3688.1,1447.1,1078.4,0,441
19:42:59,D3,19.22,73.0,3688.0,1448.4,1078.4,0,442
19:42:59,D3,19.22,73.0,3687.4,1447.8,1078.4,0,443
19:43:00,D3,19.22,73.0,3688.0,1448.8,1079.9,0,444
19:43:00,D3,19.22,73.0,3687.6,1449.0,1077.8,0,445
19:43:01,D3,19.22,73.0,3688.2,1450.2,1079.2,0,446
19:43:01,D3,19.22,73.0,3688.1,1448.5,1080.3,0,447
19:43:02,D3,19.22,73.0,3687.7,1448.3,1078.5,0,448
19:43:03,D3,19.22,73.0,3687.8,1448.2,1078.2,0,449
19:43:03,D3,19.22,73.0,3687.7,1447.7,1078.8,0,450
19:43:04,D3,19.22,73.0,3688.0,1448.3,1080.2,0,451
19:43:04,D3,19.22,73.0,3688.3,1447.8,1079.2,0,452
19:43:05,D3,19.22,73.0,3687.7,1448.1,1078.4,0,453
19:43:05,D3,19.22,73.0,3688.2,1449.1,1079.5,0,454
19:43:06,D3,19.22,73.0,3687.8,1447.2,1077.8,0,455
19:43:06,D3,19.22,73.0,3687.8,1448.9,1079.7,0,456
19:43:07,D3,19.22,73.0,3688.0,1449.1,1079.4,0,457
19:43:07,D3,19.22,73.0,3687.7,1447.9,1078.7,0,458
19:43:08,D3,19.22,73.0,3687.8,1446.2,1078.1,0,459
19:43:08,D3,19.22,73.0,3687.6,1447.5,1078.1,0,460
19:43:09,D3,19.22,73.0,3688.6,1449.1,1079.6,0,461
19:43:09,D3,19.22,73.0,3688.0,1448.0,1080.3,0,462
19:43:10,D3,19.22,73.0,3687.8,1447.2,1078.3,0,463
19:43:10,D3,19.22,73.0,3688.1,1447.6,1079.5,0,464
19:43:11,D3,19.22,73.0,3688.0,1448.7,1076.8,0,465
19:43:11,D3,19.22,73.0,3687.9,1448.5,1078.4,0,466
19:43:12,D3,19.22,73.0,3688.2,1447.8,1079.0,0,467
19:43:12,D3,19.22,73.0,3686.2,1445.7,1076.0,0,468
19:43:13,D3,19.22,73.0,3685.8,1445.7,1076.0,0,469
19:43:13,D3,19.22,73.0,3685.8,1445.2,1076.3,0,470
19:43:14,D3,19.22,73.0,3685.9,1447.3,1077.3,0,471
19:43:15,D3,19.22,73.0,3685.3,1445.7,1076.8,0,472
19:43:15,D3,19.23,73.0,3685.5,1447.0,1074.7,0,473
19:43:16,D3,19.23,73.0,3690.4,1448.3,1075.8,0,474
19:43:17,D3,19.23,73.0,3689.5,1449.8,1078.4,0,475
19:43:17,D3,19.23,73.0,3685.9,1449.6,1076.5,0,476
19:43:18,D3,19.23,73.0,3686.2,1444.3,1073.1,0,477
19:43:18,D3,19.23,73.0,3690.1,1447.0,1078.5,0,478
19:43:19,D3,19.23,73.0,3692.0,1445.2,1076.4,0,479
19:43:19,D3,19.23,73.0,3689.3,1449.3,1080.5,0,480
19:43:20,D3,19.23,73.0,3689.0,1448.0,1078.6,0,481
19:43:20,D3,19.23,73.0,3688.7,1450.0,1079.4,0,482
19:43:21,D3,19.23,73.0,3684.5,1449.6,1079.1,0,483
19:43:21,D3,19.23,73.0,3686.1,1447.2,1073.8,0,484
19:43:22,D3,19.23,73.0,3685.8,1447.2,1076.8,0,485
19:43:23,D3,19.23,73.0,3685.6,1446.8,1076.2,0,486
19:43:23,D3,19.23,73.0,3685.8,1447.5,1076.5,0,487
19:43:24,D3,19.23,73.0,3684.7,1446.6,1085.1,0,488
19:43:24,D3,19.23,73.0,3685.5,1447.7,1078.8,0,489
19:43:25,D3,19.23,73.0,3686.3,1446.9,1079.8,0,490
19:43:25,D3,19.23,73.0,3686.0,1448.1,1077.7,0,491
19:43:26,D3,19.23,73.0,3687.5,1451.6,1079.3,0,492
19:43:26,D3,19.23,73.0,3687.0,1449.2,1079.0,0,493
19:43:27,D3,19.23,73.0,3686.7,1449.4,1078.6,0,494
19:43:27,D3,19.23,73.0,3687.5,1450.4,1078.4,0,495
19:43:28,D3,19.23,73.0,3687.2,1450.1,1079.3,0,496
19:43:28,D3,19.23,73.0,3686.7,1447.3,1077.4,0,497
19:43:29,D3,19.23,73.0,3686.9,1447.4,1079.8,0,498
19:43:29,D3,19.23,73.0,3686.7,1449.5,1076.6,0,499
19:43:30,D3,19.23,73.0,3686.6,1449.9,1075.8,0,500
19:43:30,D3,19.23,73.0,3687.3,1449.3,1076.5,0,501
19:43:31,D3,19.23,73.0,3688.6,1448.8,1079.3,0,502
19:43:31,D3,19.23,73.0,3687.6,1449.6,1077.4,0,503
19:43:32,D3,19.23,73.0,3687.2,1449.6,1076.4,0,504
19:43:32,D3,19.23,73.0,3686.8,1447.9,1075.2,0,505
19:43:33,D3,19.23,73.0,3686.8,1447.2,1076.8,0,506
19:43:34,D3,19.23,73.0,3686.8,1448.9,1076.7,0,507
19:43:34,D3,19.23,73.0,3686.7,1447.9,1077.9,0,508
19:43:35,D3,19.23,73.0,3687.0,1446.2,1075.8,0,509
19:43:35,D3,19.23,73.0,3686.7,1448.7,1076.7,0,510
19:43:36,D3,19.23,73.0,3687.1,1447.6,1076.1,0,511
19:43:36,D3,19.23,73.0,3687.0,1447.9,1077.4,0,512
19:43:37,D3,19.23,73.0,3686.9,1448.3,1075.2,0,513
19:43:37,D3,19.23,73.0,3686.7,1448.2,1076.8,0,514
19:43:38,D3,19.23,73.0,3686.8,1448.6,1075.8,0,515
19:43:38,D3,19.23,73.0,3687.2,1447.6,1075.9,0,516
19:43:39,D3,19.23,73.0,3688.2,1449.4,1078.1,0,517
19:43:39,D3,19.23,73.0,3687.7,1448.8,1078.3,0,518
19:43:40,D3,19.23,73.0,3688.0,1449.6,1077.9,0,519
19:43:40,D3,19.23,73.0,3688.2,1449.5,1078.2,0,520
19:43:41,D3,19.23,73.0,3687.5,1448.2,1079.7,0,521
19:43:42,D3,19.23,73.0,3688.2,1449.9,1079.0,0,522
19:43:43,D3,19.23,73.0,3687.8,1448.6,1078.9,0,523
19:43:43,D3,19.23,73.0,3688.2,1449.7,1077.5,0,524
19:43:44,D3,19.23,73.0,3687.8,1448.3,1077.1,0,525
19:43:44,D3,19.23,73.0,3687.4,1449.5,1079.0,0,526
19:43:45,D3,19.23,73.0,3689.5,1448.8,1078.9,0,527
19:43:45,D3,19.23,73.0,3690.0,1448.7,1079.5,0,528
19:43:46,D3,19.23,73.0,3690.1,1449.0,1077.4,0,529
19:43:47,D3,19.23,73.0,3689.7,1448.7,1077.8,0,530
19:43:47,D3,19.23,73.0,3690.2,1449.7,1076.3,0,531
19:43:48,D3,19.23,73.0,3691.5,1446.7,1078.6,0,532
19:43:48,D3,19.23,73.0,3687.0,1448.1,1079.0,0,533
19:43:49,D3,19.23,73.0,3688.6,1447.1,1078.5,0,534
19:43:50,D3,19.23,73.0,3688.8,1448.8,1079.7,0,535
19:43:50,D3,19.23,73.0,3689.0,1449.4,1078.8,0,536
19:43:51,D3,19.23,73.0,3689.7,1449.9,1075.3,0,537
19:43:51,D3,19.23,73.0,3689.9,1449.9,1073.8,0,538
19:43:52,D3,19.23,73.0,3690.3,1450.1,1075.1,0,539
19:43:52,D3,19.23,73.0,3689.8,1451.0,1071.9,0,540
19:43:53,D3,19.23,73.0,3690.3,1449.2,1074.8,0,541
19:43:53,D3,19.23,73.0,3689.7,1450.2,1073.3,0,542
19:43:54,D3,19.14,73.0,3688.2,1448.8,1078.3,0,543
19:43:54,D3,19.14,73.0,3688.4,1448.4,1077.8,0,544
19:43:55,D3,19.14,73.0,3687.2,1448.2,1077.5,0,545
19:43:55,D3,19.14,73.0,3687.8,1448.8,1078.6,0,546
19:43:56,D3,19.14,73.0,3688.2,1445.7,1076.0,0,547
19:43:56,D3,19.14,73.0,3687.9,1448.6,1078.8,0,548
19:43:57,D3,19.14,73.0,3688.1,1447.5,1078.0,0,549
19:43:57,D3,19.14,73.0,3687.8,1446.5,1076.8,0,550
19:43:58,D3,19.14,73.0,3688.0,1448.4,1078.2,0,551
19:43:58,D3,19.14,73.0,3688.0,1447.1,1075.8,0,552
19:43:59,D3,19.14,73.0,3688.4,1445.9,1076.1,0,553
19:43:59,D3,19.14,73.0,3688.1,1446.8,1076.4,0,554
19:44:00,D3,19.14,73.0,3688.1,1447.3,1076.4,0,555
19:44:00,D3,19.14,73.0,3687.9,1447.1,1075.9,0,556
19:44:01,D3,19.14,73.0,3687.8,1447.4,1078.3,0,557
19:44:01,D3,19.14,73.0,3687.9,1446.6,1076.7,0,558
19:44:02,D3,19.14,73.0,3688.1,1446.1,1077.4,0,559
19:44:02,D3,19.14,73.0,3687.9,1444.7,1076.4,0,560
19:44:03,D3,19.14,73.0,3689.1,1450.8,1076.1,0,561
19:44:03,D3,19.14,73.0,3689.6,1450.3,1078.3,0,562
19:44:04,D3,19.14,73.0,3691.3,1450.8,1077.0,0,563
19:44:05,D3,19.14,73.0,3690.9,1448.9,1078.9,0,564
19:44:06,D3,19.14,73.0,3689.4,1448.1,1076.6,0,565
19:44:06,D3,19.14,73.0,3688.9,1450.5,1078.1,0,566
19:44:07,D3,19.14,73.0,3688.4,1450.0,1077.0,0,567
19:44:07,D3,19.14,73.0,3688.7,1451.4,1076.1,0,568
19:44:08,D3,19.14,73.0,3688.4,1449.5,1077.3,0,569
19:44:08,D3,19.14,73.0,3688.9,1450.2,1075.1,0,570
19:44:09,D3,19.14,73.0,3689.0,1449.4,1076.6,0,571
19:44:09,D3,19.14,73.0,3689.5,1448.9,1076.2,0,572
19:44:10,D3,19.14,73.0,3689.1,1449.5,1076.3,0,573
19:44:10,D3,19.14,73.0,3688.9,1450.0,1077.3,0,574
19:44:11,D3,19.14,73.0,3689.3,1449.6,1076.8,0,575
19:44:11,D3,19.14,73.0,3688.3,1449.4,1076.3,0,576
19:44:12,D3,19.14,73.0,3689.1,1448.8,1074.3,0,577
19:44:12,D3,19.14,73.0,3689.2,1449.9,1075.0,0,578
19:44:13,D3,19.14,73.0,3688.5,1448.7,1075.9,0,579
19:44:13,D3,19.14,73.0,3688.4,1451.6,1077.1,0,580
19:44:14,D3,19.14,73.0,3688.1,1451.1,1075.8,0,581
19:44:14,D3,19.14,73.0,3687.9,1448.8,1079.5,0,582
19:44:15,D3,19.14,73.0,3688.2,1449.7,1078.6,0,583
19:44:15,D3,19.14,73.0,3689.7,1446.4,1076.6,0,584
19:44:16,D3,19.14,73.0,3689.1,1447.3,1076.1,0,585
19:44:16,D3,19.14,73.0,3689.1,1448.1,1075.8,0,586
19:44:17,D3,19.14,73.0,3688.9,1445.4,1075.0,0,587
19:44:17,D3,19.14,73.0,3688.7,1447.1,1076.1,0,588
19:44:18,D3,19.14,73.0,3689.3,1446.9,1076.3,0,589
19:44:18,D3,19.14,73.0,3688.7,1447.6,1074.7,0,590
19:44:19,D3,19.14,73.0,3687.0,1449.2,1076.4,0,591
19:44:19,D3,19.14,73.0,3687.9,1452.4,1077.8,0,592
19:44:20,D3,19.14,73.0,3688.1,1452.7,1076.0,0,593
19:44:21,D3,19.14,73.0,3688.1,1452.3,1077.1,0,594
19:44:21,D3,19.14,73.0,3688.3,1453.9,1077.6,0,595
19:44:22,D3,19.14,73.0,3687.8,1453.0,1080.0,0,596
19:44:22,D3,19.14,73.0,3687.9,1454.6,1078.6,0,597
19:44:23,D3,19.14,73.0,3687.7,1452.9,1076.6,0,598
19:44:23,D3,19.14,73.0,3687.9,1450.4,1076.5,0,599
19:44:24,D3,19.14,73.0,3688.1,1447.7,1076.4,0,600
19:44:24,D3,19.14,73.0,3688.2,1447.5,1079.1,0,601
19:44:25,D3,19.14,73.0,3687.7,1447.7,1077.5,0,602
19:44:25,D3,19.14,73.0,3688.3,1449.2,1077.9,0,603
19:44:26,D3,19.14,73.0,3688.4,1448.4,1077.4,0,604
19:44:26,D3,19.14,73.0,3688.1,1446.7,1074.7,0,605
19:44:27,D3,19.14,73.0,3689.6,1448.7,1076.5,0,606
19:44:28,D3,19.14,73.0,3688.8,1447.6,1077.4,0,607
19:44:28,D3,19.14,73.0,3687.6,1450.1,1078.1,0,608
19:44:29,D3,19.14,73.0,3686.4,1449.3,1073.4,0,609
19:44:29,D3,19.14,73.0,3690.5,1450.7,1074.0,0,610
19:44:30,D3,19.14,73.0,3690.2,1449.8,1076.5,0,611
19:44:30,D3,19.14,73.0,3690.0,1449.3,1077.6,0,612
19:44:31,D3,19.14,73.0,3686.1,1446.2,1079.3,0,613
19:44:31,D3,19.14,73.0,3687.7,1448.4,1077.5,0,614
19:44:32,D3,19.14,73.0,3688.8,1448.8,1077.6,0,615
19:44:32,D3,19.14,73.0,3688.0,1448.2,1080.2,0,616
19:44:33,D3,19.14,73.0,3688.0,1448.9,1077.0,0,617
19:44:33,D3,19.14,73.0,3688.2,1449.1,1078.6,0,618
19:44:34,D3,19.14,73.0,3690.1,1446.8,1077.2,0,619
19:44:34,D3,19.14,73.0,3690.1,1446.5,1077.5,0,620
19:44:35,D3,19.14,73.0,3686.8,1447.1,1075.5,0,621
19:44:36,D3,19.14,73.0,3687.1,1447.4,1076.0,0,622
19:44:36,D3,19.14,73.0,3687.6,1446.1,1073.4,0,623
19:44:37,D3,19.14,73.0,3687.4,1448.2,1075.3,0,624
19:44:37,D3,19.14,73.0,3687.5,1446.9,1076.5,0,625
19:44:38,D3,19.14,73.0,3689.8,1453.0,1076.0,0,626
19:44:38,D3,19.14,73.0,3689.7,1453.6,1077.1,0,627
19:44:39,D3,19.14,73.0,3690.0,1453.2,1077.5,0,628
19:44:39,D3,19.14,73.0,3686.0,1450.8,1075.6,0,629
19:44:40,D3,19.14,73.0,3686.3,1450.2,1076.2,0,630
19:44:40,D3,19.14,73.0,3687.5,1449.5,1076.0,0,631
19:44:41,D3,19.14,73.0,3688.5,1450.3,1076.8,0,632
19:44:42,D3,19.14,73.0,3688.0,1449.0,1077.6,0,633
19:44:42,D3,19.14,73.0,3687.9,1450.1,1077.2,0,634
19:44:43,D3,19.14,73.0,3687.7,1450.0,1076.4,0,635
19:44:43,D3,19.14,73.0,3686.5,1448.8,1076.2,0,636
19:44:44,D3,19.14,73.0,3687.3,1448.9,1076.7,0,637
19:44:44,D3,19.14,73.0,3688.0,1446.4,1075.9,0,638
19:44:45,D3,19.14,73.0,3687.6,1447.5,1079.2,0,639
19:44:45,D3,19.14,73.0,3687.6,1448.1,1077.6,0,640
19:44:46,D3,19.14,73.0,3687.9,1448.1,1078.4,0,641
19:44:46,D3,19.14,73.0,3687.5,1450.1,1078.3,0,642
19:44:47,D3,19.14,73.0,3686.9,1452.1,1075.6,0,643
19:44:48,D3,19.14,73.0,3686.5,1450.3,1076.3,0,644
19:44:49,D3,19.14,73.0,3685.9,1447.8,1077.7,0,645
19:44:49,D3,19.14,73.0,3685.9,1447.4,1077.2,0,646
19:44:50,D3,19.14,73.0,3685.2,1446.5,1079.8,0,647
19:44:50,D3,19.14,73.0,3686.0,1448.5,1077.1,0,648
19:44:51,D3,19.14,73.0,3685.9,1446.0,1077.4,0,649
19:44:51,D3,19.14,73.0,3686.2,1447.8,1078.2,0,650
19:44:52,D3,19.14,73.0,3684.6,1449.8,1076.7,0,651
19:44:52,D3,19.14,73.0,3684.3,1448.4,1077.6,0,652
19:44:53,D3,19.14,73.0,3683.9,1450.2,1078.3,0,653
19:44:53,D3,19.14,73.0,3683.7,1448.8,1077.7,0,654
19:44:54,D3,19.14,73.0,3684.8,1449.2,1077.9,0,655
19:44:54,D3,19.14,73.0,3684.0,1449.2,1077.4,0,656
19:44:55,D3,19.14,73.0,3684.0,1448.9,1076.4,0,657
19:44:55,D3,19.14,73.0,3684.0,1449.7,1078.3,0,658
19:44:56,D3,19.14,73.0,3684.1,1449.7,1079.8,0,659
19:44:56,D3,19.14,73.0,3684.0,1447.5,1078.0,0,660
19:44:57,D3,19.14,73.0,3683.8,1450.1,1078.2,0,661
19:44:57,D3,19.14,73.0,3683.8,1447.6,1078.7,0,662
19:44:58,D3,19.14,73.0,3684.0,1449.9,1076.7,0,663
19:44:58,D3,19.14,73.0,3684.8,1450.9,1081.8,0,664
19:44:59,D3,19.14,73.0,3684.8,1449.1,1080.2,0,665
19:44:59,D3,19.14,73.0,3685.0,1449.7,1081.7,0,666
19:45:00,D3,19.14,73.0,3684.9,1449.1,1079.2,0,667
19:45:00,D3,19.14,73.0,3685.5,1449.8,1081.9,0,668
19:45:01,D3,19.14,73.0,3686.2,1449.7,1079.8,0,669
19:45:01,D3,19.14,73.0,3690.3,1448.6,1076.6,0,670
19:45:02,D3,19.14,73.0,3690.4,1449.1,1076.2,0,671
19:45:02,D3,19.14,73.0,3689.4,1449.2,1075.7,0,672
19:45:03,D3,19.14,73.0,3689.9,1447.5,1077.3,0,673
19:45:03,D3,19.14,73.0,3688.9,1447.8,1079.1,0,674
19:45:04,D3,19.14,73.0,3688.6,1446.6,1076.9,0,675
19:45:05,D3,19.14,73.0,3688.8,1447.3,1077.8,0,676
19:45:05,D3,19.14,73.0,3688.7,1448.8,1078.8,0,677
19:45:06,D3,19.14,73.0,3689.5,1449.3,1079.3,0,678
19:45:06,D3,19.14,73.0,3689.3,1447.0,1078.9,0,679
19:45:07,D3,19.14,73.0,3689.4,1447.5,1080.3,0,680
19:45:07,D3,19.14,73.0,3689.2,1448.0,1077.0,0,681
19:45:08,D3,19.14,73.0,3688.7,1448.2,1079.2,0,682
19:45:08,D3,19.14,73.0,3688.8,1447.3,1077.1,0,683
19:45:09,D3,19.14,73.0,3689.2,1448.4,1079.8,0,684
19:45:09,D3,19.14,73.0,3688.6,1447.6,1078.9,0,685
19:45:10,D3,19.14,73.0,3689.2,1448.0,1079.4,0,686
19:45:10,D3,19.14,73.0,3689.9,1463.5,1072.1,0,687
19:45:11,D3,19.14,73.0,3689.9,1463.0,1074.3,0,688
19:45:11,D3,19.14,73.0,3692.2,1460.6,1068.1,0,689
19:45:12,D3,19.14,73.0,3690.1,1460.9,1066.6,0,690
19:45:12,D3,19.14,73.0,3688.9,1460.9,1066.9,0,691
19:45:13,D3,19.14,73.0,3689.4,1460.7,1067.6,0,692
19:45:13,D3,19.14,73.0,3688.7,1460.8,1066.3,0,693
19:45:14,D3,19.14,73.0,3689.2,1462.3,1067.9,0,694
19:45:14,D3,19.14,73.0,3689.2,1461.5,1068.7,0,695
19:45:15,D3,19.14,73.0,3693.9,1462.8,1065.1,0,696
19:45:15,D3,19.14,73.0,3694.1,1462.6,1063.2,0,697
19:45:16,D3,19.14,73.0,3693.6,1461.7,1064.4,0,698
19:45:17,D3,19.14,73.0,3694.3,1463.0,1062.6,0,699
19:45:17,D3,19.14,73.0,3693.9,1462.3,1064.6,0,700
19:45:18,D3,19.14,73.0,3693.8,1461.9,1064.5,0,701
19:45:18,D3,19.14,73.0,3694.3,1462.4,1062.0,0,702
19:45:19,D3,19.14,73.0,3693.8,1460.7,1062.8,0,703
19:45:19,D3,19.14,73.0,3690.6,1458.1,1067.7,0,704
19:45:20,D3,19.14,73.0,3690.5,1458.0,1067.7,0,705
19:45:20,D3,19.14,73.0,3691.2,1459.1,1066.7,0,706
19:45:21,D3,19.14,73.0,3690.6,1460.4,1068.4,0,707
19:45:21,D3,19.14,73.0,3691.5,1460.9,1068.3,0,708
19:45:22,D3,19.14,73.0,3690.4,1459.5,1067.8,0,709
19:45:22,D3,19.14,73.0,3691.5,1459.4,1067.2,0,710
19:45:23,D3,19.14,73.0,3691.1,1457.5,1069.1,0,711
19:45:23,D3,19.14,73.0,3691.0,1458.5,1069.7,0,712
19:45:24,D3,19.14,73.0,3691.8,1457.3,1064.5,0,713
19:45:24,D3,19.14,73.0,3691.1,1458.5,1068.4,0,714
19:45:25,D3,19.14,73.0,3691.0,1458.9,1069.5,0,715
19:45:25,D3,19.14,73.0,3691.3,1458.6,1068.6,0,716
19:45:26,D3,19.14,73.0,3691.0,1457.4,1068.9,0,717
19:45:26,D3,19.14,73.0,3691.0,1459.6,1069.8,0,718
19:45:27,D3,19.14,73.0,3690.9,1458.1,1067.0,0,719
19:45:27,D3,19.14,73.0,3691.0,1459.2,1070.4,0,720
19:45:28,D3,19.14,73.0,3691.1,1460.7,1069.1,0,721
19:45:29,D3,19.14,73.0,3689.5,1454.2,1068.6,0,722
19:45:29,D3,19.14,73.0,3689.6,1453.9,1067.9,0,723
19:45:30,D3,19.14,73.0,3690.2,1455.8,1068.0,0,724
19:45:30,D3,19.14,73.0,3690.1,1456.9,1066.2,0,725
19:45:31,D3,19.14,73.0,3689.9,1457.6,1069.6,0,726
19:45:31,D3,19.14,73.0,3690.0,1453.0,1069.0,0,727
19:45:32,D3,19.14,73.0,3690.1,1454.4,1069.5,0,728
19:45:32,D3,19.14,73.0,3688.8,1451.6,1073.0,0,729
19:45:33,D3,19.14,73.0,3688.8,1451.9,1070.9,0,730
19:45:33,D3,19.14,73.0,3689.1,1454.2,1072.5,0,731
19:45:34,D3,19.14,73.0,3688.7,1450.7,1071.7,0,732
19:45:34,D3,19.14,73.0,3689.1,1452.2,1072.9,0,733
19:45:35,D3,19.14,73.0,3688.5,1452.4,1069.8,0,734
19:45:35,D3,19.14,73.0,3689.3,1452.9,1071.9,0,735
19:45:36,D3,19.14,73.0,3689.1,1452.1,1071.4,0,736
19:45:36,D3,19.14,73.0,3689.1,1452.3,1072.5,0,737
19:45:37,D3,19.14,73.0,3688.3,1453.7,1068.5,0,738
19:45:37,D3,19.14,73.0,3688.5,1454.2,1067.3,0,739
19:45:38,D3,19.14,73.0,3689.3,1453.7,1069.3,0,740
19:45:38,D3,19.14,73.0,3688.4,1454.5,1069.9,0,741
19:45:39,D3,19.14,73.0,3688.6,1453.7,1069.1,0,742
19:45:39,D3,19.14,73.0,3688.8,1454.3,1070.9,0,743
19:45:40,D3,19.14,73.0,3689.0,1454.0,1069.6,0,744
19:45:41,D3,19.14,73.0,3689.2,1454.9,1067.0,0,745
19:45:41,D3,19.14,73.0,3688.8,1454.0,1069.6,0,746
19:45:42,D3,19.14,73.0,3689.1,1452.5,1068.9,0,747
19:45:42,D3,19.14,73.0,3690.8,1454.1,1069.3,0,748
19:45:43,D3,19.14,73.0,3690.8,1452.2,1069.7,0,749
19:45:43,D3,19.14,73.0,3690.6,1452.5,1071.1,0,750
19:45:44,D3,19.14,73.0,3690.7,1452.5,1072.4,0,751
19:45:45,D3,19.14,73.0,3690.6,1454.1,1071.3,0,752
19:45:45,D3,19.14,73.0,3690.7,1451.2,1070.4,0,753
19:45:46,D3,19.14,73.0,3691.3,1455.6,1071.5,0,754
19:45:46,D3,19.14,73.0,3686.7,1452.9,1070.5,0,755
19:45:47,D3,19.14,73.0,3687.8,1452.2,1070.3,0,756
19:45:47,D3,19.14,73.0,3689.2,1453.0,1069.8,0,757
19:45:48,D3,19.14,73.0,3689.1,1453.2,1069.2,0,758
19:45:48,D3,19.14,73.0,3688.7,1453.4,1070.6,0,759
19:45:49,D3,19.14,73.0,3689.2,1453.5,1071.2,0,760
19:45:49,D3,19.14,73.0,3689.8,1451.5,1071.9,0,761
19:45:50,D3,19.14,73.0,3690.0,1451.1,1071.6,0,762
19:45:51,D3,19.14,73.0,3690.8,1450.8,1071.0,0,763
19:45:51,D3,19.14,73.0,3690.0,1450.9,1072.6,0,764
19:45:52,D3,19.14,73.0,3688.4,1450.8,1072.6,0,765
19:45:52,D3,19.14,73.0,3687.8,1451.9,1074.8,0,766
19:45:53,D3,19.14,73.0,3689.0,1454.5,1071.9,0,767
19:45:53,D3,19.14,73.0,3689.5,1451.5,1072.2,0,768
19:45:54,D3,19.14,73.0,3688.8,1454.5,1071.5,0,769
19:45:54,D3,19.14,73.0,3689.6,1454.2,1072.5,0,770
19:45:55,D3,19.14,73.0,3689.2,1454.0,1074.0,0,771
19:45:55,D3,19.14,73.0,3688.8,1453.7,1073.5,0,772
19:45:56,D3,19.14,73.0,3690.2,1451.9,1073.0,0,773
19:45:57,D3,19.14,73.0,3690.3,1451.8,1072.5,0,774
19:45:57,D3,19.14,73.0,3688.2,1453.4,1070.8,0,775
19:45:58,D3,19.14,73.0,3687.5,1454.3,1071.7,0,776
19:45:58,D3,19.14,73.0,3687.8,1453.2,1071.2,0,777
19:45:59,D3,19.14,73.0,3687.9,1452.9,1073.4,0,778
19:45:59,D3,19.14,73.0,3688.0,1453.5,1070.7,0,779
19:46:00,D3,19.14,73.0,3688.2,1454.7,1072.9,0,780
19:46:00,D3,19.14,73.0,3688.1,1454.8,1072.9,0,781
19:46:01,D3,19.14,73.0,3687.6,1454.4,1073.9,0,782
19:46:01,D3,19.14,73.0,3688.1,1454.6,1071.6,0,783
19:46:02,D3,19.14,73.0,3688.2,1454.4,1072.7,0,784
19:46:02,D3,19.14,73.0,3688.2,1453.5,1074.4,0,785
19:46:03,D3,19.14,73.0,3688.3,1454.4,1071.4,0,786
19:46:03,D3,19.14,73.0,3688.3,1454.7,1070.4,0,787
19:46:04,D3,19.14,73.0,3688.1,1454.6,1070.0,0,788
19:46:04,D3,19.14,73.0,3688.0,1455.0,1072.7,0,789
19:46:05,D3,19.14,73.0,3687.5,1454.6,1070.0,0,790
19:46:05,D3,19.14,73.0,3688.1,1454.3,1071.6,0,791
19:46:06,D3,19.14,73.0,3688.1,1454.9,1072.5,0,792
19:46:06,D3,19.14,73.0,3688.1,1454.0,1072.2,0,793
19:46:07,D3,19.14,73.0,3687.6,1453.3,1072.4,0,794
19:46:07,D3,19.14,73.0,3687.7,1453.9,1072.2,0,795
19:46:08,D3,19.14,73.0,3688.3,1453.4,1073.3,0,796
19:46:08,D3,19.14,73.0,3687.0,1451.4,1070.0,0,797
19:46:09,D3,19.14,73.0,3687.2,1451.9,1070.3,0,798
19:46:09,D3,19.14,73.0,3687.0,1451.3,1070.2,0,799
19:46:10,D3,19.14,73.0,3687.0,1451.7,1071.9,0,800
19:46:10,D3,19.14,73.0,3687.3,1450.4,1071.9,0,801
19:46:11,D3,19.14,73.0,3686.8,1453.2,1070.5,0,802
19:46:11,D3,19.14,73.0,3687.0,1453.0,1071.2,0,803
19:46:12,D3,19.14,73.0,3686.9,1452.3,1068.8,0,804
19:46:12,D3,19.14,73.0,3686.9,1453.5,1071.7,0,805
19:46:13,D3,19.14,73.0,3686.9,1453.8,1071.6,0,806
19:46:14,D3,19.14,73.0,3687.1,1451.7,1070.8,0,807
19:46:14,D3,19.14,73.0,3686.9,1452.4,1071.9,0,808
19:46:15,D3,19.14,73.0,3687.4,1452.4,1068.3,0,809
19:46:16,D3,19.14,73.0,3688.7,1447.2,1072.5,0,810
19:46:16,D3,19.14,73.0,3690.9,1452.7,1072.2,0,811
19:46:17,D3,19.14,73.0,3690.9,1451.8,1073.8,0,812
19:46:17,D3,19.14,73.0,3691.4,1451.8,1071.9,0,813
19:46:18,D3,19.14,73.0,3691.1,1450.3,1073.8,0,814
19:46:18,D3,19.14,73.0,3691.3,1452.5,1074.4,0,815
19:46:19,D3,19.14,73.0,3688.5,1450.0,1073.7,0,816
19:46:19,D3,19.14,73.0,3689.1,1451.0,1073.3,0,817
19:46:20,D3,19.14,73.0,3689.3,1453.2,1070.0,0,818
19:46:20,D3,19.14,73.0,3689.0,1454.1,1070.1,0,819
19:46:21,D3,19.14,73.0,3689.3,1451.9,1072.3,0,820
19:46:21,D3,19.14,73.0,3688.8,1450.5,1071.8,0,821
19:46:22,D3,19.14,73.0,3689.4,1453.2,1071.0,0,822
19:46:22,D3,19.14,73.0,3689.7,1454.5,1070.6,0,823
19:46:23,D3,19.14,73.0,3685.9,1453.0,1069.9,0,824
19:46:24,D3,19.14,73.0,3685.9,1452.2,1070.9,0,825
19:46:24,D3,19.14,73.0,3686.5,1451.6,1074.0,0,826
19:46:25,D3,19.14,73.0,3686.5,1452.7,1070.7,0,827
19:46:26,D3,19.14,73.0,3685.8,1451.2,1072.2,0,828
19:46:26,D3,19.14,73.0,3685.9,1452.4,1073.1,0,829
19:46:27,D3,19.14,73.0,3685.9,1452.4,1070.7,0,830
19:46:27,D3,19.14,73.0,3685.6,1452.9,1072.2,0,831
19:46:28,D3,19.14,73.0,3685.7,1454.3,1073.0,0,832
19:46:28,D3,19.14,73.0,3687.7,1452.3,1073.0,0,833
19:46:29,D3,19.14,73.0,3686.8,1450.6,1076.0,0,834
19:46:29,D3,19.14,73.0,3687.0,1451.0,1071.3,0,835
19:46:30,D3,19.14,73.0,3687.1,1449.5,1074.1,0,836
19:46:30,D3,19.14,73.0,3687.5,1450.4,1072.8,0,837
19:46:31,D3,19.14,73.0,3686.7,1450.7,1073.8,0,838
19:46:31,D3,19.14,73.0,3687.3,1450.6,1073.5,0,839
19:46:32,D3,19.14,73.0,3686.9,1451.1,1072.2,0,840
19:46:32,D3,19.14,73.0,3687.0,1450.3,1073.2,0,841
19:46:33,D3,19.14,73.0,3687.2,1451.9,1071.1,0,842
19:46:33,D3,19.14,73.0,3686.7,1451.0,1073.6,0,843
19:46:34,D3,19.14,73.0,3689.1,1450.0,1074.3,0,844
19:46:34,D3,19.14,73.0,3686.1,1450.7,1070.7,0,845
19:46:35,D3,19.14,73.0,3686.2,1451.1,1071.1,0,846
19:46:36,D3,19.14,73.0,3686.1,1451.7,1070.4,0,847
19:46:36,D3,19.14,73.0,3686.8,1450.3,1070.2,0,848
19:46:37,D3,19.14,73.0,3685.8,1450.5,1069.1,0,849
19:46:37,D3,19.14,73.0,3685.8,1450.7,1069.3,0,850
19:46:38,D3,19.14,73.0,3685.8,1449.9,1071.2,0,851
19:46:38,D3,19.14,73.0,3685.8,1450.3,1071.5,0,852
19:46:39,D3,19.14,73.0,3685.8,1450.6,1069.8,0,853
19:46:39,D3,19.14,73.0,3686.4,1451.7,1070.0,0,854
19:46:40,D3,19.14,73.0,3689.4,1450.2,1072.1,0,855
19:46:40,D3,19.14,73.0,3688.8,1450.2,1074.2,0,856
19:46:41,D3,19.14,73.0,3688.7,1452.7,1074.7,0,857
19:46:41,D3,19.14,73.0,3689.1,1451.9,1076.0,0,858
19:46:42,D3,19.14,73.0,3688.8,1452.3,1073.1,0,859
19:46:42,D3,19.14,73.0,3689.2,1451.9,1073.6,0,860
19:46:43,D3,19.14,73.0,3686.1,1449.2,1074.2,0,861
19:46:43,D3,19.14,73.0,3685.5,1448.5,1074.7,0,862
19:46:44,D3,19.14,73.0,3686.5,1447.0,1073.8,0,863
19:46:44,D3,19.14,73.0,3686.6,1448.9,1073.1,0,864
19:46:45,D3,19.14,73.0,3685.8,1450.2,1074.9,0,865
19:46:45,D3,19.14,73.0,3685.9,1449.8,1074.8,0,866
19:46:46,D3,19.14,73.0,3688.1,1452.8,1072.0,0,867
19:46:46,D3,19.14,73.0,3688.1,1453.0,1074.4,0,868
19:46:47,D3,19.14,73.0,3688.2,1452.1,1074.2,0,869
19:46:48,D3,19.14,73.0,3688.6,1452.2,1073.1,0,870
19:46:48,D3,19.14,73.0,3687.9,1451.5,1073.1,0,871
19:46:49,D3,19.14,73.0,3687.8,1451.7,1073.6,0,872
19:46:49,D3,19.14,73.0,3687.6,1452.5,1072.1,0,873
19:46:50,D3,19.14,73.0,3687.8,1453.0,1073.0,0,874
19:46:50,D3,19.14,73.0,3688.0,1451.9,1070.7,0,875
19:46:51,D3,19.14,73.0,3689.6,1453.6,1077.9,0,876
19:46:51,D3,19.14,73.0,3688.8,1454.0,1075.4,0,877
19:46:52,D3,19.14,73.0,3689.1,1454.5,1078.6,0,878
19:46:52,D3,19.14,73.0,3693.0,1462.8,1070.7,0,879
19:46:53,D3,19.14,73.0,3693.4,1462.1,1070.8,0,880
19:46:53,D3,19.14,73.0,3693.8,1463.5,1070.3,0,881
19:46:54,D3,19.14,73.0,3692.8,1463.0,1070.7,0,882
19:46:54,D3,19.14,73.0,3691.8,1465.6,1066.5,0,883
19:46:55,D3,19.14,73.0,3694.3,1468.9,1063.4,0,884
19:46:55,D3,19.14,73.0,3694.2,1468.6,1067.3,0,885
19:46:56,D3,19.14,73.0,3694.6,1470.2,1066.4,0,886
19:46:56,D3,19.14,73.0,3694.2,1469.3,1064.7,0,887
19:46:57,D3,19.14,73.0,3694.9,1466.3,1054.9,0,888
19:46:57,D3,19.14,73.0,3695.2,1466.5,1057.8,0,889
19:46:58,D3,19.14,73.0,3695.3,1465.1,1055.0,0,890
19:46:58,D3,19.14,73.0,3695.3,1466.9,1054.8,0,891
19:46:59,D3,19.14,73.0,3695.2,1466.9,1054.2,0,892
19:46:59,D3,19.14,73.0,3695.3,1467.6,1053.4,0,893
19:47:00,D3,19.14,73.0,3695.4,1466.1,1052.0,0,894
19:47:00,D3,19.14,73.0,3695.4,1465.7,1053.2,0,895
19:47:01,D3,19.14,73.0,3695.2,1467.7,1051.9,0,896
19:47:02,D3,19.14,73.0,3693.9,1467.3,1059.2,0,897
19:47:02,D3,19.14,73.0,3694.0,1466.2,1059.1,0,898
19:47:03,D3,19.14,73.0,3694.4,1466.3,1058.6,0,899
19:47:03,D3,19.14,73.0,3693.7,1467.9,1058.4,0,900
19:47:04,D3,19.14,73.0,3694.1,1466.0,1059.8,0,901
19:47:04,D3,19.14,73.0,3693.9,1468.4,1058.0,0,902
19:47:05,D3,19.14,73.0,3694.0,1466.2,1056.8,0,903
19:47:05,D3,19.14,73.0,3694.4,1467.5,1058.5,0,904
19:47:06,D3,19.14,73.0,3694.1,1466.7,1060.2,0,905
19:47:06,D3,19.14,73.0,3693.0,1467.5,1053.9,0,906
19:47:07,D3,19.14,73.0,3692.6,1466.5,1054.6,0,907
19:47:07,D3,19.14,73.0,3693.2,1466.9,1055.4,0,908
19:47:08,D3,19.14,73.0,3693.2,1467.0,1054.9,0,909
19:47:08,D3,19.14,73.0,3693.7,1466.2,1054.0,0,910
19:47:09,D3,19.14,73.0,3692.9,1467.6,1056.2,0,911
19:47:09,D3,19.14,73.0,3693.1,1466.6,1057.4,0,912
19:47:10,D3,19.14,73.0,3693.1,1466.8,1055.2,0,913
19:47:10,D3,19.14,73.0,3693.5,1466.2,1054.1,0,914
19:47:11,D3,19.14,73.0,3692.0,1460.9,1058.4,0,915
19:47:11,D3,19.14,73.0,3692.1,1462.8,1060.3,0,916
19:47:12,D3,19.14,73.0,3692.2,1465.0,1061.2,0,917
19:47:12,D3,19.14,73.0,3692.1,1463.7,1060.5,0,918
19:47:13,D3,19.14,73.0,3691.9,1463.0,1060.0,0,919
19:47:13,D3,19.14,73.0,3692.1,1462.8,1059.4,0,920
19:47:14,D3,19.14,73.0,3692.3,1463.0,1058.9,0,921
19:47:14,D3,19.14,73.0,3691.7,1463.5,1060.9,0,922
19:47:15,D3,19.14,73.0,3692.0,1462.0,1061.0,0,923
19:47:15,D3,19.14,73.0,3691.8,1463.9,1058.4,0,924
19:47:16,D3,19.14,73.0,3692.4,1463.6,1061.7,0,925
19:47:17,D3,19.14,73.0,3691.5,1463.6,1060.6,0,926
19:47:17,D3,19.14,73.0,3691.8,1463.4,1061.5,0,927
19:47:18,D3,19.14,73.0,3692.1,1463.0,1058.6,0,928
19:47:18,D3,19.14,73.0,3689.5,1457.6,1063.6,0,929
19:47:19,D3,19.14,73.0,3687.0,1458.5,1061.8,0,930
19:47:19,D3,19.14,73.0,3686.8,1457.7,1062.5,0,931
19:47:20,D3,19.14,73.0,3687.6,1457.5,1063.9,0,932
19:47:20,D3,19.14,73.0,3686.6,1458.1,1062.7,0,933
19:47:21,D3,19.14,73.0,3686.3,1459.3,1061.7,0,934
19:47:21,D3,19.14,73.0,3687.1,1457.0,1060.9,0,935
19:47:22,D3,19.14,73.0,3686.8,1456.8,1063.3,0,936
19:47:22,D3,19.14,73.0,3688.7,1459.1,1063.0,0,937
19:47:23,D3,19.14,73.0,3689.2,1459.0,1065.7,0,938
19:47:23,D3,19.14,73.0,3689.1,1455.1,1065.7,0,939
19:47:24,D3,19.14,73.0,3688.8,1455.2,1067.7,0,940
19:47:24,D3,19.14,73.0,3688.6,1454.8,1066.7,0,941
19:47:25,D3,19.14,73.0,3689.3,1456.2,1065.9,0,942
19:47:25,D3,19.14,73.0,3689.2,1453.7,1065.5,0,943
19:47:26,D3,19.14,73.0,3689.0,1454.3,1065.6,0,944
19:47:26,D3,19.14,73.0,3689.6,1454.9,1066.4,0,945
19:47:27,D3,19.14,73.0,3688.7,1453.6,1066.1,0,946
19:47:27,D3,19.14,73.0,3688.5,1454.9,1065.4,0,947
19:47:28,D3,19.14,73.0,3691.8,1458.4,1065.8,0,948
19:47:28,D3,19.14,73.0,3692.0,1457.0,1066.1,0,949
19:47:29,D3,19.14,73.0,3692.1,1457.2,1063.8,0,950
19:47:29,D3,19.14,73.0,3691.9,1455.9,1066.5,0,951
19:47:30,D3,19.14,73.0,3692.1,1456.5,1065.0,0,952
19:47:30,D3,19.14,73.0,3691.6,1456.7,1064.8,0,953
19:47:31,D3,19.14,73.0,3692.4,1456.7,1064.2,0,954
19:47:31,D3,19.14,73.0,3692.0,1458.1,1064.1,0,955
19:47:32,D3,19.14,73.0,3692.3,1457.5,1064.6,0,956
19:47:32,D3,19.14,73.0,3692.1,1456.1,1065.3,0,957
19:47:33,D3,19.14,73.0,3692.1,1457.2,1068.0,0,958
19:47:33,D3,19.14,73.0,3692.2,1457.4,1065.4,0,959
19:47:34,D3,19.14,73.0,3692.1,1458.0,1066.2,0,960
19:47:35,D3,19.14,73.0,3692.2,1458.3,1066.4,0,961
19:47:35,D3,19.14,73.0,3692.4,1456.2,1066.1,0,962
19:47:36,D3,19.14,73.0,3691.1,1458.3,1065.9,0,963
19:47:36,D3,19.14,73.0,3691.2,1458.0,1064.7,0,964
19:47:37,D3,19.14,73.0,3691.0,1458.8,1067.5,0,965
19:47:37,D3,19.14,73.0,3689.4,1460.4,1064.9,0,966
19:47:38,D3,19.14,73.0,3688.8,1460.8,1061.2,0,967
19:47:38,D3,19.14,73.0,3689.6,1459.9,1061.9,0,968
19:47:39,D3,19.14,73.0,3689.0,1459.7,1062.7,0,969
19:47:39,D3,19.14,73.0,3691.6,1460.1,1064.0,0,970
19:47:40,D3,19.14,73.0,3692.0,1459.3,1065.5,0,971
19:47:40,D3,19.14,73.0,3691.8,1461.7,1064.2,0,972
19:47:41,D3,19.14,73.0,3693.3,1456.7,1064.3,0,973
19:47:41,D3,19.14,73.0,3692.8,1458.2,1063.2,0,974
19:47:42,D3,19.14,73.0,3692.9,1459.7,1062.2,0,975
19:47:43,D3,19.14,73.0,3692.4,1458.0,1063.1,0,976
19:47:43,D3,19.14,73.0,3692.9,1457.8,1063.2,0,977
19:47:44,D3,19.14,73.0,3692.2,1457.7,1061.4,0,978
19:47:44,D3,19.14,73.0,3692.5,1457.8,1061.1,0,979
19:47:45,D3,19.14,73.0,3693.2,1459.1,1062.1,0,980
19:47:45,D3,19.14,73.0,3691.2,1456.2,1062.9,0,981
19:47:46,D3,19.14,73.0,3691.1,1459.3,1062.1,0,982
19:47:46,D3,19.14,73.0,3690.7,1456.8,1060.3,0,983
19:47:47,D3,19.14,73.0,3691.0,1457.8,1061.2,0,984
19:47:48,D3,19.14,73.0,3691.0,1457.6,1061.9,0,985
19:47:48,D3,19.14,73.0,3690.6,1458.5,1061.9,0,986
19:47:49,D3,19.14,73.0,3691.5,1456.7,1064.1,0,987
19:47:49,D3,19.14,73.0,3691.3,1458.4,1060.5,0,988
19:47:50,D3,19.14,73.0,3690.9,1459.7,1062.5,0,989
19:47:50,D3,19.14,73.0,3691.0,1456.9,1063.6,0,990
19:47:51,D3,19.14,73.0,3689.1,1458.2,1068.4,0,991
19:47:51,D3,19.14,73.0,3688.4,1457.4,1065.6,0,992
19:47:52,D3,19.14,73.0,3691.9,1458.4,1065.5,0,993
19:47:52,D3,19.14,73.0,3691.8,1459.0,1061.6,0,994
19:47:53,D3,19.14,73.0,3689.7,1460.5,1065.2,0,995
19:47:53,D3,19.14,73.0,3689.9,1461.4,1064.9,0,996
19:47:54,D3,19.14,73.0,3690.6,1462.5,1065.5,0,997
19:47:54,D3,19.14,73.0,3690.2,1460.8,1062.3,0,998
19:47:55,D3,19.14,73.0,3689.8,1461.6,1065.7,0,999
19:47:55,D3,19.14,73.0,3690.2,1459.9,1065.1,0,1000
19:47:56,D3,19.14,73.0,3690.4,1460.2,1064.8,0,1001
19:47:56,D3,19.14,73.0,3690.3,1461.4,1067.1,0,1002
19:47:57,D3,19.14,73.0,3690.0,1462.2,1064.3,0,1003
19:47:58,D3,19.14,73.0,3689.8,1464.3,1062.6,0,1004
19:47:58,D3,19.14,73.0,3690.2,1463.7,1065.1,0,1005
19:47:59,D3,19.14,73.0,3690.1,1464.0,1062.1,0,1006
19:47:59,D3,19.14,73.0,3690.3,1463.0,1062.4,0,1007
19:48:00,D3,19.14,73.0,3690.2,1462.5,1063.8,0,1008
19:48:00,D3,19.14,73.0,3690.3,1462.7,1064.9,0,1009
19:48:01,D3,19.14,73.0,3690.8,1459.6,1063.2,0,1010
19:48:01,D3,19.14,73.0,3691.4,1459.6,1061.6,0,1011
19:48:02,D3,19.14,73.0,3691.1,1460.2,1062.4,0,1012
19:48:02,D3,19.14,73.0,3691.6,1459.6,1062.4,0,1013
19:48:03,D3,19.14,73.0,3690.8,1459.9,1062.9,0,1014
19:48:03,D3,19.14,73.0,3691.5,1461.7,1063.4,0,1015
19:48:04,D3,19.14,73.0,3692.1,1457.8,1062.4,0,1016
19:48:04,D3,19.14,73.0,3691.8,1457.7,1060.1,0,1017
19:48:05,D3,19.14,73.0,3691.9,1457.5,1063.1,0,1018
19:48:05,D3,19.14,73.0,3691.9,1458.6,1062.3,0,1019
19:48:06,D3,19.14,73.0,3692.1,1457.8,1063.5,0,1020
19:48:07,D3,19.14,73.0,3692.2,1457.5,1062.5,0,1021
19:48:07,D3,19.14,73.0,3691.8,1459.1,1063.2,0,1022
19:48:08,D3,19.14,73.0,3692.0,1459.2,1062.5,0,1023
19:48:08,D3,19.14,73.0,3692.7,1457.5,1063.4,0,1024
19:48:09,D3,19.14,73.0,3690.5,1456.4,1064.5,0,1025
19:48:09,D3,19.14,73.0,3690.1,1456.8,1063.9,0,1026
19:48:10,D3,19.14,73.0,3690.0,1455.4,1066.4,0,1027
19:48:10,D3,19.14,73.0,3690.0,1456.7,1064.9,0,1028
19:48:11,D3,19.14,73.0,3692.2,1458.4,1064.6,0,1029
19:48:11,D3,19.14,73.0,3691.7,1460.7,1062.7,0,1030
19:48:12,D3,19.14,73.0,3688.9,1459.0,1060.6,0,1031
19:48:12,D3,19.14,73.0,3688.5,1460.6,1062.3,0,1032
19:48:13,D3,19.14,73.0,3689.1,1460.0,1062.2,0,1033
19:48:13,D3,19.14,73.0,3689.2,1459.2,1061.4,0,1034
19:48:14,D3,19.14,73.0,3688.9,1459.7,1062.1,0,1035
19:48:14,D3,19.14,73.0,3689.5,1460.6,1063.7,0,1036
19:48:15,D3,19.14,73.0,3689.6,1456.1,1063.7,0,1037
19:48:15,D3,19.14,73.0,3688.5,1456.5,1063.8,0,1038
19:48:16,D3,19.14,73.0,3689.1,1460.6,1064.9,0,1039
19:48:17,D3,19.14,73.0,3689.3,1457.7,1064.2,0,1040
19:48:18,D3,19.14,73.0,3689.5,1460.3,1064.6,0,1041
19:48:18,D3,19.14,73.0,3688.9,1459.1,1064.6,0,1042
19:48:19,D3,19.14,73.0,3689.3,1458.3,1064.5,0,1043
19:48:19,D3,19.14,73.0,3689.0,1457.9,1063.7,0,1044
19:48:20,D3,19.14,73.0,3688.9,1458.8,1064.9,0,1045
19:48:20,D3,19.14,73.0,3689.3,1459.8,1064.4,0,1046
19:48:21,D3,19.14,73.0,3689.2,1458.9,1061.9,0,1047
19:48:21,D3,19.14,73.0,3688.5,1460.3,1067.2,0,1048
19:48:22,D3,19.14,73.0,3689.5,1457.8,1066.1,0,1049
19:48:22,D3,19.14,73.0,3689.4,1459.0,1064.6,0,1050
19:48:23,D3,19.14,73.0,3688.8,1458.0,1065.0,0,1051
19:48:23,D3,19.14,73.0,3690.1,1454.3,1064.8,0,1052
19:48:24,D3,19.14,73.0,3690.2,1454.7,1067.8,0,1053
19:48:24,D3,19.14,73.0,3690.1,1453.6,1068.0,0,1054
19:48:25,D3,19.14,73.0,3689.8,1451.8,1066.2,0,1055
19:48:25,D3,19.14,73.0,3689.8,1454.2,1067.1,0,1056
19:48:26,D3,19.14,73.0,3690.0,1454.4,1066.2,0,1057
19:48:26,D3,19.14,73.0,3690.4,1454.3,1064.6,0,1058
19:48:27,D3,19.14,73.0,3690.2,1455.0,1065.6,0,1059
19:48:27,D3,19.14,73.0,3689.9,1453.1,1066.1,0,1060
19:48:28,D3,19.14,73.0,3690.2,1454.6,1065.5,0,1061
19:48:28,D3,19.14,73.0,3689.1,1455.0,1065.8,0,1062
19:48:29,D3,19.14,73.0,3690.4,1452.5,1065.9,0,1063
19:48:29,D3,19.14,73.0,3689.5,1454.3,1065.9,0,1064
19:48:30,D3,19.14,73.0,3689.9,1453.6,1066.1,0,1065
19:48:30,D3,19.14,73.0,3689.7,1453.9,1064.9,0,1066
19:48:31,D3,19.14,73.0,3689.6,1454.3,1065.2,0,1067
19:48:31,D3,19.14,73.0,3690.4,1453.6,1064.7,0,1068
19:48:32,D3,19.14,73.0,3689.9,1453.4,1067.0,0,1069
19:48:32,D3,19.14,73.0,3692.1,1457.0,1062.8,0,1070
19:48:33,D3,19.14,73.0,3692.0,1456.1,1066.2,0,1071
19:48:34,D3,19.14,73.0,3692.1,1456.1,1066.5,0,1072
19:48:34,D3,19.14,73.0,3692.0,1457.6,1064.7,0,1073
19:48:35,D3,19.14,73.0,3691.6,1456.0,1062.3,0,1074
19:48:35,D3,19.14,73.0,3692.3,1457.6,1064.6,0,1075
19:48:36,D3,19.14,73.0,3691.8,1457.4,1064.9,0,1076
19:48:37,D3,19.14,73.0,3691.5,1455.6,1063.9,0,1077
19:48:37,D3,19.14,73.0,3688.9,1453.4,1066.5,0,1078
19:48:38,D3,19.14,73.0,3689.5,1455.0,1068.6,0,1079
19:48:38,D3,19.14,73.0,3689.3,1453.2,1067.7,0,1080
19:48:39,D3,19.14,73.0,3688.9,1453.6,1066.0,0,1081
19:48:39,D3,19.14,73.0,3688.9,1454.4,1065.3,0,1082
19:48:40,D3,19.14,73.0,3688.9,1454.7,1066.7,0,1083
19:48:40,D3,19.14,73.0,3689.6,1453.8,1066.8,0,1084
19:48:41,D3,19.14,73.0,3689.1,1453.5,1067.5,0,1085
19:48:41,D3,19.14,73.0,3689.1,1455.2,1066.4,0,1086
19:48:42,D3,19.14,73.0,3689.3,1455.4,1067.5,0,1087
19:48:42,D3,19.14,73.0,3689.1,1454.8,1069.0,0,1088
19:48:43,D3,19.14,73.0,3688.9,1454.1,1067.9,0,1089
19:48:43,D3,19.14,73.0,3688.9,1453.3,1066.9,0,1090
19:48:44,D3,19.14,73.0,3689.0,1453.3,1066.8,0,1091
19:48:44,D3,19.14,73.0,3689.0,1454.4,1066.6,0,1092
19:48:45,D3,19.14,73.0,3689.2,1454.3,1068.2,0,1093
19:48:45,D3,19.14,73.0,3689.0,1455.2,1066.3,0,1094
19:48:46,D3,19.14,73.0,3691.2,1455.5,1066.0,0,1095
19:48:46,D3,19.14,73.0,3691.0,1453.7,1066.1,0,1096
19:48:47,D3,19.14,73.0,3691.0,1457.9,1067.5,0,1097
19:48:48,D3,19.14,73.0,3690.4,1456.2,1066.6,0,1098
19:48:49,D3,19.14,73.0,3691.3,1456.7,1068.3,0,1099
19:48:49,D3,19.14,73.0,3691.1,1457.2,1067.9,0,1100
19:48:50,D3,19.14,73.0,3691.3,1458.7,1068.5,0,1101
19:48:50,D3,19.14,73.0,3690.1,1459.6,1067.4,0,1102
19:48:51,D3,19.14,73.0,3691.6,1457.5,1069.3,0,1103
19:48:51,D3,19.14,73.0,3691.0,1453.8,1065.1,0,1104
19:48:52,D3,19.14,73.0,3691.3,1454.4,1067.8,0,1105
19:48:53,D3,19.14,73.0,3690.7,1454.7,1064.2,0,1106
19:48:53,D3,19.14,73.0,3691.2,1451.7,1066.5,0,1107
19:48:54,D3,19.14,73.0,3690.7,1453.5,1066.5,0,1108
19:48:55,D3,19.14,73.0,3690.8,1452.2,1065.2,0,1109
19:48:55,D3,19.14,73.0,3689.6,1454.4,1066.4,0,1110
19:48:56,D3,19.14,73.0,3691.9,1454.6,1069.3,0,1111
19:48:56,D3,19.14,73.0,3692.1,1454.4,1065.7,0,1112
19:48:57,D3,19.14,73.0,3692.3,1454.7,1068.5,0,1113
19:48:57,D3,19.14,73.0,3692.2,1453.5,1065.4,0,1114
19:48:58,D3,19.14,73.0,3692.0,1453.5,1067.0,0,1115
19:48:58,D3,19.14,73.0,3692.1,1453.1,1069.7,0,1116
19:48:59,D3,19.14,76.0,3691.7,1452.4,1069.4,0,1117
19:49:00,D3,19.14,76.0,3691.0,1452.6,1068.8,0,1118
19:49:00,D3,19.14,76.0,3691.1,1452.4,1069.8,0,1119
19:49:01,D3,19.14,76.0,3691.3,1453.4,1072.2,0,1120
19:49:01,D3,19.14,76.0,3691.3,1452.0,1068.1,0,1121
19:49:02,D3,19.14,76.0,3691.4,1452.6,1068.9,0,1122
19:49:02,D3,19.14,76.0,3691.2,1451.1,1071.6,0,1123
19:49:03,D3,19.14,76.0,3690.6,1451.7,1071.9,0,1124
19:49:03,D3,19.14,76.0,3691.5,1452.6,1069.9,0,1125
19:49:04,D3,19.14,76.0,3690.6,1452.7,1068.7,0,1126
19:49:04,D3,19.14,76.0,3691.1,1451.8,1072.2,0,1127
19:49:05,D3,19.14,76.0,3690.8,1451.9,1071.7,0,1128
19:49:05,D3,19.14,76.0,3690.0,1449.7,1067.7,0,1129
19:49:06,D3,19.14,76.0,3690.1,1450.7,1066.1,0,1130
19:49:06,D3,19.14,76.0,3690.1,1451.7,1066.9,0,1131
19:49:07,D3,19.14,76.0,3690.1,1451.5,1066.8,0,1132
19:49:07,D3,19.14,76.0,3691.5,1453.4,1068.3,0,1133
19:49:08,D3,19.14,76.0,3690.1,1453.0,1066.5,0,1134
19:49:08,D3,19.14,76.0,3689.9,1453.0,1065.9,0,1135
19:49:09,D3,19.14,76.0,3690.3,1452.4,1063.9,0,1136
19:49:09,D3,19.14,76.0,3690.4,1453.6,1066.4,0,1137
19:49:10,D3,19.14,76.0,3689.6,1453.4,1065.3,0,1138
19:49:10,D3,19.14,76.0,3690.2,1453.4,1065.7,0,1139
19:49:11,D3,19.14,76.0,3690.2,1452.6,1066.5,0,1140
19:49:11,D3,19.14,76.0,3689.9,1451.2,1063.8,0,1141
19:49:12,D3,19.14,76.0,3690.4,1453.9,1067.0,0,1142
19:49:13,D3,19.14,76.0,3690.0,1452.6,1066.4,0,1143
19:49:13,D3,19.14,76.0,3691.0,1455.3,1064.4,0,1144
19:49:14,D3,19.14,76.0,3689.9,1453.6,1067.4,0,1145
19:49:14,D3,19.14,76.0,3690.0,1452.7,1069.6,0,1146
19:49:15,D3,19.14,76.0,3689.7,1453.9,1065.1,0,1147
19:49:15,D3,19.14,76.0,3689.6,1453.5,1067.0,0,1148
19:49:16,D3,19.14,76.0,3690.5,1453.6,1067.7,0,1149
19:49:16,D3,19.14,76.0,3689.7,1451.9,1067.1,0,1150
19:49:17,D3,19.14,76.0,3689.7,1454.0,1066.9,0,1151
19:49:17,D3,19.14,76.0,3687.3,1451.2,1066.6,0,1152
19:49:18,D3,19.14,76.0,3687.8,1450.7,1068.2,0,1153
19:49:18,D3,19.14,76.0,3687.6,1451.1,1067.2,0,1154
19:49:19,D3,19.14,76.0,3688.5,1449.5,1065.7,0,1155
19:49:19,D3,19.14,76.0,3691.3,1451.3,1070.3,0,1156
19:49:20,D3,19.14,76.0,3690.8,1450.1,1070.0,0,1157
19:49:20,D3,19.14,76.0,3691.7,1449.9,1069.1,0,1158
19:49:21,D3,19.14,76.0,3691.3,1449.7,1069.2,0,1159
19:49:21,D3,19.14,76.0,3690.9,1451.9,1070.1,0,1160
19:49:22,D3,19.14,76.0,3687.2,1451.5,1069.2,0,1161
19:49:22,D3,19.14,76.0,3689.7,1454.3,1069.9,0,1162
19:49:23,D3,19.14,76.0,3688.6,1454.6,1064.7,0,1163
19:49:23,D3,19.14,76.0,3688.5,1453.6,1066.4,0,1164
19:49:24,D3,19.14,76.0,3689.3,1454.1,1065.3,0,1165
19:49:24,D3,19.14,76.0,3689.8,1456.0,1065.2,0,1166
19:49:25,D3,19.14,76.0,3689.4,1454.9,1063.7,0,1167
19:49:25,D3,19.14,76.0,3689.2,1454.5,1065.3,0,1168
19:49:26,D3,19.14,76.0,3689.2,1455.1,1064.1,0,1169
19:49:26,D3,19.14,76.0,3689.3,1455.4,1064.3,0,1170
19:49:27,D3,19.14,76.0,3689.2,1451.9,1067.1,0,1171
19:49:27,D3,19.14,76.0,3689.1,1452.2,1066.9,0,1172
19:49:28,D3,19.14,76.0,3689.0,1450.7,1070.2,0,1173
19:49:29,D3,19.14,76.0,3689.0,1449.9,1069.4,0,1174
19:49:30,D3,19.14,76.0,3688.8,1450.7,1070.0,0,1175
19:49:30,D3,19.14,76.0,3688.9,1451.2,1066.7,0,1176
19:49:31,D3,19.14,76.0,3688.5,1450.2,1068.1,0,1177
19:49:31,D3,19.14,76.0,3689.0,1450.2,1066.6,0,1178
19:49:32,D3,19.14,76.0,3688.7,1451.3,1067.3,0,1179
19:49:32,D3,19.14,76.0,3688.7,1451.0,1067.0,0,1180
19:49:33,D3,19.14,76.0,3689.1,1451.0,1069.3,0,1181
19:49:33,D3,19.14,76.0,3689.4,1450.4,1067.6,0,1182
19:49:34,D3,19.14,76.0,3689.3,1450.8,1069.1,0,1183
19:49:34,D3,19.14,76.0,3688.5,1450.2,1068.6,0,1184
19:49:35,D3,19.14,76.0,3688.7,1451.7,1070.4,0,1185
19:49:35,D3,19.14,76.0,3689.3,1451.9,1066.4,0,1186
19:49:36,D3,19.14,76.0,3688.7,1449.5,1069.3,0,1187
19:49:36,D3,19.14,76.0,3688.9,1450.2,1069.2,0,1188
19:49:37,D3,19.14,76.0,3689.2,1449.8,1067.0,0,1189
19:49:37,D3,19.14,76.0,3688.7,1450.5,1069.1,0,1190
19:49:38,D3,19.14,76.0,3689.0,1450.9,1068.4,0,1191
19:49:38,D3,19.14,76.0,3688.6,1449.8,1067.8,0,1192
19:49:39,D3,19.14,76.0,3688.8,1450.2,1067.1,0,1193
19:49:39,D3,19.14,76.0,3689.1,1450.2,1067.2,0,1194
19:49:40,D3,19.14,76.0,3688.5,1451.2,1070.1,0,1195
19:49:40,D3,19.14,76.0,3689.1,1451.1,1068.0,0,1196
19:49:41,D3,19.14,76.0,3689.0,1450.4,1068.8,0,1197
19:49:41,D3,19.14,76.0,3689.2,1451.1,1067.2,0,1198
19:49:42,D3,19.14,76.0,3689.1,1450.5,1067.2,0,1199
19:49:42,D3,19.14,76.0,3689.4,1450.8,1069.1,0,1200
19:49:43,D3,19.14,76.0,3689.0,1452.4,1066.6,0,1201
19:49:43,D3,19.14,76.0,3688.9,1452.1,1067.6,0,1202
19:49:44,D3,19.14,76.0,3689.0,1450.9,1066.0,0,1203
19:49:45,D3,19.14,76.0,3689.2,1452.7,1066.1,0,1204
