20:00:13,D4_D1eD2,21.21,37.0,3690.0,1455.0,1065.0,0,1
20:00:14,D4_D1eD2,21.21,37.0,3690.0,1455.0,1065.0,0,2
20:00:14,D4_D1eD2,21.21,37.0,3690.0,1455.0,1065.0,0,3
20:00:15,D4_D1eD2,21.21,37.0,3690.0,1455.0,1065.0,0,4
20:00:15,D4_D1eD2,21.21,37.0,3690.0,1455.0,1065.0,0,5
20:00:16,D4_D1eD2,21.21,37.0,3690.0,1455.0,1065.0,0,6
20:00:16,D4_D1eD2,21.21,37.0,3690.0,1455.0,1065.0,0,7
20:00:17,D4_D1eD2,21.21,37.0,3690.0,1455.0,1065.0,0,8
20:00:17,D4_D1eD2,21.21,37.0,3690.0,1455.0,1065.0,0,9
20:00:18,D4_D1eD2,21.21,37.0,3690.0,1455.0,1065.0,0,10
20:00:18,D4_D1eD2,21.21,37.0,3690.0,1455.0,1065.0,0,11
20:00:19,D4_D1eD2,21.21,37.0,3690.0,1455.0,1065.0,0,12
20:00:19,D4_D1eD2,21.21,37.0,3690.0,1455.0,1065.0,0,13
20:00:20,D4_D1eD2,21.21,37.0,3691.0,1458.0,1063.0,0,14
20:00:20,D4_D1eD2,21.21,37.0,3691.0,1458.0,1063.0,0,15
20:00:21,D4_D1eD2,21.21,37.0,3691.0,1458.0,1063.0,0,16
20:00:22,D4_D1eD2,21.21,37.0,3691.0,1458.0,1063.0,0,17
20:00:22,D4_D1eD2,21.21,37.0,3690.0,1450.0,1068.0,0,18
20:00:23,D4_D1eD2,21.21,37.0,3687.0,1456.0,1065.0,0,19
20:00:23,D4_D1eD2,21.21,37.0,3687.0,1456.0,1065.0,0,20
20:00:24,D4_D1eD2,21.21,37.0,3687.0,1456.0,1065.0,0,21
20:00:24,D4_D1eD2,21.21,37.0,3687.0,1456.0,1065.0,0,22
20:00:25,D4_D1eD2,21.21,37.0,3687.0,1456.0,1065.0,0,23
20:00:25,D4_D1eD2,21.21,37.0,3690.0,1455.0,1065.0,0,24
20:00:26,D4_D1eD2,21.21,37.0,3690.0,1455.0,1065.0,0,25
20:00:26,D4_D1eD2,21.21,37.0,3687.0,1454.0,1067.0,0,26
20:00:27,D4_D1eD2,21.21,37.0,3689.0,1455.0,1067.0,0,27
20:00:27,D4_D1eD2,21.21,37.0,3689.0,1455.0,1067.0,0,28
20:00:28,D4_D1eD2,21.21,37.0,3689.0,1455.0,1067.0,0,29
20:00:28,D4_D1eD2,21.21,37.0,3689.0,1455.0,1067.0,0,30
20:00:29,D4_D1eD2,21.21,37.0,3689.0,1455.0,1067.0,0,31
20:00:29,D4_D1eD2,21.21,37.0,3689.0,1455.0,1067.0,0,32
20:00:30,D4_D1eD2,21.21,37.0,3689.0,1455.0,1067.0,0,33
20:00:30,D4_D1eD2,21.21,37.0,3689.0,1455.0,1067.0,0,34
20:00:31,D4_D1eD2,21.21,37.0,3689.0,1455.0,1067.0,0,35
20:00:31,D4_D1eD2,21.21,37.0,3689.0,1455.0,1067.0,0,36
20:00:32,D4_D1eD2,21.21,37.0,3688.0,1459.0,1063.0,0,37
20:00:32,D4_D1eD2,21.21,37.0,3688.0,1459.0,1063.0,0,38
20:00:33,D4_D1eD2,21.21,37.0,3688.0,1459.0,1063.0,0,39
20:00:33,D4_D1eD2,21.21,37.0,3688.0,1459.0,1063.0,0,40
20:00:34,D4_D1eD2,21.21,37.0,3688.0,1455.0,1069.0,0,41
20:00:34,D4_D1eD2,21.21,37.0,3688.0,1455.0,1069.0,0,42
20:00:35,D4_D1eD2,21.21,37.0,3688.0,1455.0,1069.0,0,43
20:00:36,D4_D1eD2,21.21,37.0,3688.0,1455.0,1069.0,0,44
20:00:36,D4_D1eD2,21.21,37.0,3688.0,1455.0,1069.0,0,45
20:00:37,D4_D1eD2,21.21,37.0,3688.0,1455.0,1069.0,0,46
20:00:37,D4_D1eD2,21.21,37.0,3688.0,1455.0,1069.0,0,47
20:00:38,D4_D1eD2,21.21,37.0,3688.0,1455.0,1069.0,0,48
20:00:38,D4_D1eD2,21.21,37.0,3688.0,1455.0,1069.0,0,49
20:00:47,D4_D1eD2,21.21,37.0,3688.0,1454.0,1068.0,0,1
20:00:47,D4_D1eD2,21.21,37.0,3688.0,1454.0,1068.0,0,2
20:00:48,D4_D1eD2,21.21,37.0,3688.0,1454.0,1068.0,0,3
20:00:49,D4_D1eD2,21.21,37.0,3688.0,1454.0,1068.0,0,4
20:00:50,D4_D1eD2,21.21,37.0,3688.0,1454.0,1068.0,0,5
20:00:50,D4_D1eD2,21.21,37.0,3688.0,1454.0,1068.0,0,6
20:00:51,D4_D1eD2,21.21,37.0,3688.0,1454.0,1068.0,0,7
20:00:52,D4_D1eD2,21.21,37.0,3688.0,1454.0,1068.0,0,8
20:00:52,D4_D1eD2,21.21,37.0,3688.0,1454.0,1068.0,0,9
20:00:53,D4_D1eD2,21.21,37.0,3690.0,1452.0,1068.0,0,10
20:00:53,D4_D1eD2,21.21,37.0,3690.0,1452.0,1068.0,0,11
20:00:54,D4_D1eD2,21.21,37.0,3690.0,1456.0,1062.0,0,12
20:00:55,D4_D1eD2,21.21,37.0,3690.0,1456.0,1062.0,0,13
20:00:55,D4_D1eD2,21.21,37.0,3689.0,1451.0,1067.0,0,14
20:00:56,D4_D1eD2,21.21,37.0,3689.0,1451.0,1067.0,0,15
20:00:56,D4_D1eD2,21.21,37.0,3689.0,1453.0,1066.0,0,16
20:00:57,D4_D1eD2,21.21,37.0,3689.0,1453.0,1066.0,0,17
20:00:57,D4_D1eD2,21.21,37.0,3689.0,1453.0,1066.0,0,18
20:00:58,D4_D1eD2,21.21,37.0,3689.0,1453.0,1066.0,0,19
20:00:58,D4_D1eD2,21.21,37.0,3689.0,1453.0,1066.0,0,20
20:00:59,D4_D1eD2,21.21,37.0,3689.0,1453.0,1066.0,0,21
20:00:59,D4_D1eD2,21.21,37.0,3691.0,1454.0,1062.0,0,22
20:01:00,D4_D1eD2,21.21,37.0,3691.0,1454.0,1062.0,0,23
20:01:00,D4_D1eD2,21.21,37.0,3691.0,1454.0,1062.0,0,24
20:01:01,D4_D1eD2,21.21,37.0,3691.0,1454.0,1062.0,0,25
20:01:01,D4_D1eD2,21.21,37.0,3691.0,1454.0,1062.0,0,26
20:01:02,D4_D1eD2,21.21,37.0,3691.0,1454.0,1062.0,0,27
20:01:02,D4_D1eD2,21.21,37.0,3691.0,1454.0,1062.0,0,28
20:01:03,D4_D1eD2,21.21,37.0,3691.0,1454.0,1062.0,0,29
20:01:03,D4_D1eD2,21.21,37.0,3691.0,1454.0,1062.0,0,30
20:01:04,D4_D1eD2,21.21,37.0,3691.0,1454.0,1062.0,0,31
20:01:04,D4_D1eD2,21.21,37.0,3691.0,1454.0,1062.0,0,32
20:01:05,D4_D1eD2,21.21,37.0,3691.0,1454.0,1062.0,0,33
20:01:05,D4_D1eD2,21.21,37.0,3691.0,1454.0,1062.0,0,34
20:01:06,D4_D1eD2,21.21,37.0,3691.0,1454.0,1062.0,0,35
20:01:06,D4_D1eD2,21.21,37.0,3691.0,1454.0,1062.0,0,36
20:01:07,D4_D1eD2,21.21,37.0,3691.0,1454.0,1062.0,0,37
20:01:08,D4_D1eD2,21.21,37.0,3691.0,1454.0,1062.0,0,38
20:01:08,D4_D1eD2,21.21,37.0,3691.0,1454.0,1062.0,0,39
20:01:09,D4_D1eD2,21.21,37.0,3691.0,1454.0,1062.0,0,40
20:01:09,D4_D1eD2,21.21,37.0,3691.0,1454.0,1062.0,0,41
20:01:10,D4_D1eD2,21.21,37.0,3691.0,1454.0,1062.0,0,42
20:01:10,D4_D1eD2,21.21,37.0,3691.0,1454.0,1062.0,0,43
20:01:11,D4_D1eD2,21.21,37.0,3691.0,1454.0,1062.0,0,44
20:01:11,D4_D1eD2,21.21,37.0,3690.0,1455.0,1068.0,0,45
20:01:12,D4_D1eD2,21.21,37.0,3690.0,1455.0,1068.0,0,46
20:01:12,D4_D1eD2,21.21,37.0,3690.0,1455.0,1068.0,0,47
20:01:13,D4_D1eD2,21.21,37.0,3690.0,1455.0,1068.0,0,48
20:01:13,D4_D1eD2,21.21,37.0,3690.0,1455.0,1068.0,0,49
20:01:14,D4_D1eD2,21.21,37.0,3690.0,1455.0,1068.0,0,50
20:01:14,D4_D1eD2,21.21,37.0,3690.0,1455.0,1068.0,0,51
20:01:15,D4_D1eD2,21.21,37.0,3690.0,1455.0,1068.0,0,52
20:01:15,D4_D1eD2,21.21,37.0,3690.0,1455.0,1068.0,0,53
20:01:16,D4_D1eD2,21.21,37.0,3690.0,1455.0,1068.0,0,54
20:01:16,D4_D1eD2,21.21,37.0,3688.0,1456.0,1067.0,0,55
20:01:17,D4_D1eD2,21.21,37.0,3688.0,1456.0,1067.0,0,56
20:01:17,D4_D1eD2,21.21,37.0,3688.0,1456.0,1067.0,0,57
20:01:18,D4_D1eD2,21.21,37.0,3688.0,1456.0,1067.0,0,58
20:01:18,D4_D1eD2,21.21,37.0,3688.0,1456.0,1067.0,0,59
20:01:19,D4_D1eD2,21.21,37.0,3688.0,1456.0,1067.0,0,60
20:01:20,D4_D1eD2,21.21,37.0,3673.0,1426.0,1180.0,0,61
20:01:20,D4_D1eD2,21.21,37.0,3673.0,1426.0,1180.0,0,62
20:01:21,D4_D1eD2,21.21,37.0,3673.0,1426.0,1180.0,0,63
20:01:21,D4_D1eD2,21.21,37.0,3673.0,1426.0,1180.0,0,64
20:01:22,D4_D1eD2,21.21,37.0,3673.0,1426.0,1180.0,0,65
20:01:22,D4_D1eD2,21.21,37.0,3675.0,1459.0,1101.0,0,66
20:01:23,D4_D1eD2,21.21,37.0,3675.0,1459.0,1101.0,0,67
20:01:23,D4_D1eD2,34.99,37.0,3675.0,1459.0,1101.0,0,68
20:01:24,D4_D1eD2,34.99,37.0,3675.0,1459.0,1101.0,0,69
20:01:24,D4_D1eD2,34.99,37.0,3675.0,1459.0,1101.0,0,70
20:01:25,D4_D1eD2,34.99,37.0,3675.0,1459.0,1101.0,0,71
20:01:25,D4_D1eD2,34.99,37.0,3675.0,1459.0,1101.0,0,72
20:01:26,D4_D1eD2,34.99,37.0,3675.0,1459.0,1101.0,0,73
20:01:26,D4_D1eD2,34.99,37.0,3675.0,1459.0,1101.0,0,74
20:01:27,D4_D1eD2,34.99,37.0,3675.0,1459.0,1101.0,0,75
20:01:27,D4_D1eD2,34.99,37.0,3675.0,1459.0,1101.0,0,76
20:01:28,D4_D1eD2,34.99,37.0,3675.0,1459.0,1101.0,0,77
20:01:28,D4_D1eD2,34.99,37.0,3675.0,1459.0,1101.0,0,78
20:01:29,D4_D1eD2,34.99,37.0,3675.0,1459.0,1101.0,0,79
20:01:29,D4_D1eD2,34.99,37.0,3675.0,1459.0,1101.0,0,80
20:01:30,D4_D1eD2,34.99,37.0,3675.0,1459.0,1101.0,0,81
20:01:31,D4_D1eD2,34.99,37.0,3675.0,1459.0,1101.0,0,82
20:01:31,D4_D1eD2,34.99,37.0,3679.0,1449.0,1103.0,0,83
20:01:32,D4_D1eD2,34.99,37.0,3681.0,1449.0,1107.0,0,84
20:01:32,D4_D1eD2,34.99,37.0,3681.0,1449.0,1107.0,0,85
20:01:33,D4_D1eD2,34.99,37.0,3681.0,1449.0,1107.0,0,86
20:01:33,D4_D1eD2,34.99,37.0,3681.0,1449.0,1107.0,0,87
20:01:34,D4_D1eD2,34.99,37.0,3681.0,1449.0,1107.0,0,88
20:01:34,D4_D1eD2,34.99,37.0,3681.0,1449.0,1107.0,0,89
20:01:35,D4_D1eD2,34.99,37.0,3681.0,1449.0,1107.0,0,90
20:01:35,D4_D1eD2,34.99,37.0,3681.0,1449.0,1107.0,0,91
20:01:36,D4_D1eD2,34.99,37.0,3681.0,1449.0,1107.0,0,92
20:01:36,D4_D1eD2,34.99,37.0,3681.0,1449.0,1107.0,0,93
20:01:37,D4_D1eD2,34.99,37.0,3681.0,1449.0,1107.0,0,94
20:01:38,D4_D1eD2,34.99,37.0,3681.0,1449.0,1107.0,0,95
20:01:38,D4_D1eD2,34.99,37.0,3681.0,1449.0,1107.0,0,96
20:01:39,D4_D1eD2,34.99,37.0,3681.0,1449.0,1107.0,0,97
20:01:39,D4_D1eD2,34.99,37.0,3681.0,1449.0,1107.0,0,98
20:01:40,D4_D1eD2,34.99,37.0,3681.0,1449.0,1107.0,0,99
20:01:40,D4_D1eD2,34.99,37.0,3681.0,1449.0,1107.0,0,100
20:01:41,D4_D1eD2,34.99,37.0,3681.0,1449.0,1107.0,0,101
20:01:41,D4_D1eD2,34.99,37.0,3681.0,1449.0,1107.0,0,102
20:01:42,D4_D1eD2,34.99,37.0,3681.0,1449.0,1107.0,0,103
20:01:42,D4_D1eD2,34.99,37.0,3681.0,1449.0,1107.0,0,104
20:01:43,D4_D1eD2,34.99,37.0,3681.0,1449.0,1107.0,0,105
20:01:43,D4_D1eD2,34.99,37.0,3681.0,1449.0,1107.0,0,106
20:01:44,D4_D1eD2,34.99,37.0,3681.0,1449.0,1107.0,0,107
20:01:44,D4_D1eD2,34.99,37.0,3681.0,1449.0,1107.0,0,108
20:01:45,D4_D1eD2,34.99,37.0,3680.0,1437.0,1129.0,0,109
20:01:45,D4_D1eD2,34.99,37.0,3682.0,1433.0,1139.0,0,110
20:01:46,D4_D1eD2,34.99,37.0,3681.0,1468.0,1062.0,0,111
20:01:46,D4_D1eD2,34.99,37.0,3681.0,1468.0,1062.0,0,112
20:01:47,D4_D1eD2,34.99,37.0,3681.0,1468.0,1062.0,0,113
20:01:47,D4_D1eD2,34.99,37.0,3684.0,1452.0,1097.0,0,114
20:01:48,D4_D1eD2,34.99,37.0,3684.0,1452.0,1097.0,0,115
20:01:48,D4_D1eD2,34.99,37.0,3684.0,1452.0,1097.0,0,116
20:01:49,D4_D1eD2,34.99,37.0,3684.0,1452.0,1097.0,0,117
20:01:49,D4_D1eD2,34.99,37.0,3684.0,1452.0,1097.0,0,118
20:01:50,D4_D1eD2,34.99,37.0,3684.0,1452.0,1097.0,0,119
20:01:50,D4_D1eD2,34.99,37.0,3684.0,1452.0,1097.0,0,120
20:01:51,D4_D1eD2,34.99,37.0,3683.0,1447.0,1093.0,0,121
20:01:52,D4_D1eD2,34.99,37.0,3683.0,1447.0,1093.0,0,122
20:01:52,D4_D1eD2,34.99,37.0,3683.0,1447.0,1093.0,0,123
20:01:53,D4_D1eD2,34.99,37.0,3683.0,1447.0,1093.0,0,124
20:01:53,D4_D1eD2,34.99,37.0,3683.0,1447.0,1093.0,0,125
20:01:54,D4_D1eD2,34.99,37.0,3683.0,1447.0,1093.0,0,126
20:01:54,D4_D1eD2,34.99,37.0,3678.0,1461.0,1075.0,0,127
20:01:55,D4_D1eD2,34.99,37.0,3678.0,1461.0,1075.0,0,128
20:01:55,D4_D1eD2,34.99,37.0,3678.0,1461.0,1075.0,0,129
20:01:56,D4_D1eD2,34.99,37.0,3678.0,1461.0,1075.0,0,130
20:01:56,D4_D1eD2,34.99,37.0,3678.0,1461.0,1075.0,0,131
20:01:57,D4_D1eD2,34.99,37.0,3678.0,1461.0,1075.0,0,132
20:01:57,D4_D1eD2,34.99,37.0,3678.0,1461.0,1075.0,0,133
20:01:58,D4_D1eD2,34.99,37.0,3678.0,1461.0,1075.0,0,134
20:01:58,D4_D1eD2,34.99,37.0,3678.0,1461.0,1075.0,0,135
20:01:59,D4_D1eD2,35.32,37.0,3678.0,1461.0,1075.0,0,136
20:01:59,D4_D1eD2,35.32,37.0,3678.0,1461.0,1075.0,0,137
20:02:00,D4_D1eD2,35.32,37.0,3678.0,1461.0,1075.0,0,138
20:02:00,D4_D1eD2,35.32,37.0,3678.0,1461.0,1075.0,0,139
20:02:01,D4_D1eD2,35.32,37.0,3678.0,1461.0,1075.0,0,140
20:02:01,D4_D1eD2,35.32,37.0,3678.0,1461.0,1075.0,0,141
20:02:02,D4_D1eD2,35.32,37.0,3678.0,1461.0,1075.0,0,142
20:02:03,D4_D1eD2,35.32,37.0,3678.0,1461.0,1075.0,0,143
20:02:03,D4_D1eD2,35.32,37.0,3678.0,1461.0,1075.0,0,144
20:02:04,D4_D1eD2,35.32,37.0,3683.0,1457.0,1078.0,0,145
20:02:04,D4_D1eD2,35.32,37.0,3683.0,1457.0,1078.0,0,146
20:02:05,D4_D1eD2,35.32,37.0,3683.0,1457.0,1078.0,0,147
20:02:05,D4_D1eD2,35.32,37.0,3683.0,1457.0,1078.0,0,148
20:02:06,D4_D1eD2,35.32,37.0,3683.0,1457.0,1078.0,0,149
20:02:06,D4_D1eD2,35.32,37.0,3682.0,1450.0,1094.0,0,150
20:02:07,D4_D1eD2,35.32,37.0,3682.0,1466.0,1056.0,0,151
20:02:07,D4_D1eD2,35.32,37.0,3682.0,1466.0,1056.0,0,152
20:02:08,D4_D1eD2,35.32,37.0,3682.0,1470.0,1046.0,0,153
20:02:08,D4_D1eD2,35.32,37.0,3682.0,1470.0,1046.0,0,154
20:02:09,D4_D1eD2,35.32,37.0,3682.0,1470.0,1046.0,0,155
20:02:09,D4_D1eD2,35.32,37.0,3680.0,1465.0,1059.0,0,156
20:02:10,D4_D1eD2,35.32,37.0,3680.0,1465.0,1059.0,0,157
20:02:10,D4_D1eD2,35.32,37.0,3680.0,1465.0,1059.0,0,158
20:02:11,D4_D1eD2,35.32,37.0,3680.0,1465.0,1059.0,0,159
20:02:11,D4_D1eD2,35.32,37.0,3682.0,1459.0,1072.0,0,160
20:02:12,D4_D1eD2,35.32,37.0,3682.0,1459.0,1072.0,0,161
20:02:12,D4_D1eD2,35.32,37.0,3682.0,1459.0,1072.0,0,162
20:02:13,D4_D1eD2,35.32,37.0,3682.0,1459.0,1072.0,0,163
20:02:13,D4_D1eD2,35.32,37.0,3682.0,1459.0,1072.0,0,164
20:02:14,D4_D1eD2,35.32,37.0,3684.0,1453.0,1089.0,0,165
20:02:14,D4_D1eD2,35.32,37.0,3684.0,1453.0,1089.0,0,166
20:02:15,D4_D1eD2,35.32,37.0,3684.0,1453.0,1089.0,0,167
20:02:15,D4_D1eD2,35.32,37.0,3684.0,1453.0,1089.0,0,168
20:02:16,D4_D1eD2,35.32,37.0,3684.0,1453.0,1089.0,0,169
20:02:16,D4_D1eD2,35.32,37.0,3684.0,1453.0,1089.0,0,170
20:02:17,D4_D1eD2,35.32,37.0,3684.0,1453.0,1089.0,0,171
20:02:17,D4_D1eD2,35.32,37.0,3684.0,1453.0,1089.0,0,172
20:02:18,D4_D1eD2,35.32,37.0,3683.0,1448.0,1114.0,0,173
20:02:18,D4_D1eD2,35.32,37.0,3683.0,1448.0,1114.0,0,174
20:02:19,D4_D1eD2,35.32,37.0,3683.0,1448.0,1114.0,0,175
20:02:19,D4_D1eD2,35.32,37.0,3683.0,1448.0,1114.0,0,176
20:02:20,D4_D1eD2,35.32,37.0,3683.0,1448.0,1114.0,0,177
20:02:20,D4_D1eD2,35.32,37.0,3681.0,1447.0,1107.0,0,178
20:02:21,D4_D1eD2,35.32,37.0,3681.0,1447.0,1107.0,0,179
20:02:21,D4_D1eD2,35.32,37.0,3681.0,1447.0,1107.0,0,180
20:02:22,D4_D1eD2,35.32,37.0,3681.0,1447.0,1107.0,0,181
20:02:23,D4_D1eD2,35.32,37.0,3683.0,1447.0,1101.0,0,182
20:02:23,D4_D1eD2,35.49,37.0,3683.0,1447.0,1101.0,0,183
20:02:24,D4_D1eD2,35.49,37.0,3683.0,1447.0,1101.0,0,184
20:02:24,D4_D1eD2,35.49,37.0,3682.0,1450.0,1094.0,0,185
20:02:25,D4_D1eD2,35.49,37.0,3682.0,1450.0,1094.0,0,186
20:02:25,D4_D1eD2,35.49,37.0,3682.0,1450.0,1094.0,0,187
20:02:26,D4_D1eD2,35.49,37.0,3682.0,1450.0,1094.0,0,188
20:02:26,D4_D1eD2,35.49,37.0,3682.0,1450.0,1094.0,0,189
20:02:27,D4_D1eD2,35.49,37.0,3682.0,1450.0,1094.0,0,190
20:02:27,D4_D1eD2,35.49,37.0,3682.0,1450.0,1094.0,0,191
20:02:28,D4_D1eD2,35.49,37.0,3682.0,1450.0,1094.0,0,192
20:02:28,D4_D1eD2,35.49,37.0,3683.0,1454.0,1085.0,0,193
20:02:29,D4_D1eD2,35.49,37.0,3683.0,1454.0,1085.0,0,194
20:02:29,D4_D1eD2,35.49,37.0,3683.0,1454.0,1085.0,0,195
20:02:30,D4_D1eD2,35.49,37.0,3683.0,1454.0,1085.0,0,196
20:02:30,D4_D1eD2,35.49,37.0,3683.0,1454.0,1085.0,0,197
20:02:31,D4_D1eD2,35.49,37.0,3683.0,1454.0,1085.0,0,198
20:02:31,D4_D1eD2,35.49,37.0,3683.0,1454.0,1085.0,0,199
20:02:32,D4_D1eD2,35.49,37.0,3683.0,1454.0,1085.0,0,200
20:02:32,D4_D1eD2,35.49,37.0,3683.0,1454.0,1085.0,0,201
20:02:33,D4_D1eD2,35.49,37.0,3683.0,1454.0,1085.0,0,202
20:02:33,D4_D1eD2,35.49,37.0,3683.0,1454.0,1085.0,0,203
20:02:34,D4_D1eD2,35.49,37.0,3683.0,1454.0,1085.0,0,204
20:02:34,D4_D1eD2,35.49,37.0,3683.0,1454.0,1085.0,0,205
20:02:35,D4_D1eD2,35.49,37.0,3683.0,1454.0,1085.0,0,206
20:02:36,D4_D1eD2,35.49,37.0,3683.0,1454.0,1085.0,0,207
20:02:36,D4_D1eD2,35.49,37.0,3683.0,1454.0,1085.0,0,208
20:02:37,D4_D1eD2,35.49,37.0,3683.0,1454.0,1085.0,0,209
20:02:38,D4_D1eD2,35.49,37.0,3683.0,1454.0,1085.0,0,210
20:02:38,D4_D1eD2,35.49,37.0,3683.0,1454.0,1085.0,0,211
20:02:39,D4_D1eD2,35.49,37.0,3683.0,1454.0,1085.0,0,212
20:02:39,D4_D1eD2,35.49,37.0,3683.0,1454.0,1085.0,0,213
20:02:40,D4_D1eD2,35.49,37.0,3685.0,1454.0,1085.0,0,214
20:02:40,D4_D1eD2,35.49,37.0,3685.0,1454.0,1085.0,0,215
20:02:41,D4_D1eD2,35.49,37.0,3685.0,1454.0,1085.0,0,216
20:02:41,D4_D1eD2,35.49,37.0,3685.0,1454.0,1085.0,0,217
20:02:42,D4_D1eD2,35.49,37.0,3685.0,1454.0,1085.0,0,218
20:02:42,D4_D1eD2,35.49,37.0,3685.0,1454.0,1085.0,0,219
20:02:43,D4_D1eD2,35.49,37.0,3685.0,1458.0,1084.0,0,220
20:02:43,D4_D1eD2,35.49,37.0,3685.0,1458.0,1084.0,0,221
20:02:44,D4_D1eD2,35.49,37.0,3684.0,1453.0,1088.0,0,222
20:02:44,D4_D1eD2,35.49,37.0,3684.0,1453.0,1088.0,0,223
20:02:45,D4_D1eD2,35.49,37.0,3684.0,1453.0,1088.0,0,224
20:02:45,D4_D1eD2,35.49,37.0,3684.0,1453.0,1088.0,0,225
20:02:46,D4_D1eD2,35.49,37.0,3684.0,1453.0,1088.0,0,226
20:02:46,D4_D1eD2,35.49,37.0,3684.0,1453.0,1088.0,0,227
20:02:47,D4_D1eD2,35.49,37.0,3684.0,1453.0,1088.0,0,228
20:02:48,D4_D1eD2,35.49,37.0,3684.0,1453.0,1088.0,0,229
20:02:49,D4_D1eD2,35.49,37.0,3684.0,1453.0,1088.0,0,230
20:02:49,D4_D1eD2,35.49,37.0,3685.0,1454.0,1088.0,0,231
20:02:50,D4_D1eD2,35.49,37.0,3685.0,1454.0,1088.0,0,232
20:02:50,D4_D1eD2,35.49,37.0,3685.0,1454.0,1088.0,0,233
20:02:51,D4_D1eD2,35.49,37.0,3685.0,1454.0,1088.0,0,234
20:02:51,D4_D1eD2,35.49,37.0,3685.0,1454.0,1088.0,0,235
20:02:52,D4_D1eD2,35.49,37.0,3685.0,1454.0,1088.0,0,236
20:02:52,D4_D1eD2,35.49,37.0,3685.0,1452.0,1089.0,0,237
20:02:53,D4_D1eD2,35.49,37.0,3685.0,1452.0,1089.0,0,238
20:02:53,D4_D1eD2,35.49,37.0,3685.0,1452.0,1089.0,0,239
20:02:54,D4_D1eD2,35.49,37.0,3685.0,1452.0,1089.0,0,240
20:02:54,D4_D1eD2,35.49,37.0,3685.0,1452.0,1089.0,0,241
20:02:55,D4_D1eD2,35.49,37.0,3685.0,1452.0,1089.0,0,242
20:02:55,D4_D1eD2,35.49,37.0,3685.0,1452.0,1089.0,0,243
20:02:56,D4_D1eD2,35.49,37.0,3683.0,1454.0,1088.0,0,244
20:02:56,D4_D1eD2,35.49,37.0,3683.0,1454.0,1088.0,0,245
20:02:57,D4_D1eD2,35.49,37.0,3683.0,1454.0,1088.0,0,246
20:02:57,D4_D1eD2,35.49,37.0,3684.0,1457.0,1086.0,0,247
20:02:58,D4_D1eD2,35.49,37.0,3685.0,1455.0,1088.0,0,248
20:02:58,D4_D1eD2,35.49,37.0,3685.0,1455.0,1088.0,0,249
20:02:59,D4_D1eD2,35.49,37.0,3685.0,1455.0,1088.0,0,250
20:02:59,D4_D1eD2,35.49,37.0,3685.0,1455.0,1088.0,0,251
20:03:00,D4_D1eD2,35.49,37.0,3685.0,1452.0,1087.0,0,252
20:03:01,D4_D1eD2,35.49,37.0,3684.0,1456.0,1087.0,0,253
20:03:02,D4_D1eD2,35.49,37.0,3684.0,1456.0,1087.0,0,254
20:03:02,D4_D1eD2,35.49,37.0,3684.0,1456.0,1087.0,0,255
20:03:03,D4_D1eD2,35.49,37.0,3684.0,1456.0,1087.0,0,256
20:03:03,D4_D1eD2,35.49,37.0,3684.0,1455.0,1086.0,0,257
20:03:04,D4_D1eD2,35.49,37.0,3684.0,1455.0,1086.0,0,258
20:03:04,D4_D1eD2,35.49,37.0,3684.0,1455.0,1086.0,0,259
20:03:05,D4_D1eD2,35.49,37.0,3684.0,1455.0,1086.0,0,260
20:03:05,D4_D1eD2,35.49,37.0,3684.0,1455.0,1086.0,0,261
20:03:06,D4_D1eD2,35.49,37.0,3684.0,1455.0,1086.0,0,262
20:03:06,D4_D1eD2,35.49,37.0,3684.0,1455.0,1086.0,0,263
20:03:07,D4_D1eD2,35.49,37.0,3684.0,1455.0,1086.0,0,264
20:03:07,D4_D1eD2,35.49,37.0,3682.0,1457.0,1085.0,0,265
20:03:08,D4_D1eD2,35.49,37.0,3682.0,1457.0,1085.0,0,266
20:03:08,D4_D1eD2,35.49,37.0,3682.0,1457.0,1085.0,0,267
20:03:09,D4_D1eD2,35.49,37.0,3682.0,1457.0,1085.0,0,268
20:03:09,D4_D1eD2,35.49,37.0,3682.0,1457.0,1085.0,0,269
20:06:01,D4_D1eD2,35.99,34.0,3672.0,1437.0,1150.0,0,1
20:06:02,D4_D1eD2,35.99,34.0,3672.0,1437.0,1150.0,0,2
20:06:02,D4_D1eD2,35.99,34.0,3672.0,1437.0,1150.0,0,3
20:06:03,D4_D1eD2,35.99,34.0,3672.0,1437.0,1150.0,0,4
20:06:03,D4_D1eD2,35.99,34.0,3672.0,1437.0,1150.0,0,5
20:06:04,D4_D1eD2,35.99,34.0,3672.0,1437.0,1150.0,0,6
20:06:04,D4_D1eD2,35.99,34.0,3672.0,1437.0,1150.0,0,7
20:06:05,D4_D1eD2,35.99,34.0,3672.0,1437.0,1150.0,0,8
20:06:05,D4_D1eD2,35.99,34.0,3672.0,1437.0,1150.0,0,9
20:06:06,D4_D1eD2,35.99,34.0,3672.0,1437.0,1150.0,0,10
20:06:06,D4_D1eD2,35.99,34.0,3672.0,1437.0,1150.0,0,11
20:06:07,D4_D1eD2,35.99,34.0,3672.0,1437.0,1150.0,0,12
20:06:08,D4_D1eD2,35.99,34.0,3672.0,1437.0,1150.0,0,13
20:06:08,D4_D1eD2,35.99,34.0,3672.0,1437.0,1150.0,0,14
20:06:09,D4_D1eD2,35.99,34.0,3672.0,1437.0,1150.0,0,15
20:06:09,D4_D1eD2,35.99,34.0,3672.0,1437.0,1150.0,0,16
20:06:10,D4_D1eD2,35.99,34.0,3672.0,1437.0,1150.0,0,17
20:06:10,D4_D1eD2,35.99,34.0,3672.0,1437.0,1150.0,0,18
20:06:11,D4_D1eD2,35.99,34.0,3683.0,1456.0,1088.0,0,19
20:06:12,D4_D1eD2,35.99,34.0,3683.0,1456.0,1088.0,0,20
20:06:12,D4_D1eD2,35.99,34.0,3683.0,1456.0,1088.0,0,21
20:06:13,D4_D1eD2,35.99,34.0,3683.0,1456.0,1088.0,0,22
20:06:13,D4_D1eD2,35.99,34.0,3683.0,1456.0,1088.0,0,23
20:06:14,D4_D1eD2,35.99,34.0,3683.0,1456.0,1088.0,0,24
20:06:14,D4_D1eD2,35.99,34.0,3682.0,1458.0,1090.0,0,25
20:06:15,D4_D1eD2,35.99,34.0,3681.0,1453.0,1089.0,0,26
20:06:15,D4_D1eD2,35.99,34.0,3683.0,1455.0,1090.0,0,27
20:06:16,D4_D1eD2,35.99,34.0,3683.0,1455.0,1090.0,0,28
20:06:16,D4_D1eD2,35.99,34.0,3683.0,1455.0,1090.0,0,29
20:06:17,D4_D1eD2,35.99,34.0,3683.0,1455.0,1090.0,0,30
20:06:17,D4_D1eD2,35.99,34.0,3684.0,1453.0,1088.0,0,31
20:06:18,D4_D1eD2,35.99,34.0,3684.0,1453.0,1088.0,0,32
20:06:18,D4_D1eD2,35.99,34.0,3684.0,1453.0,1088.0,0,33
20:06:19,D4_D1eD2,35.99,34.0,3684.0,1453.0,1088.0,0,34
20:06:19,D4_D1eD2,35.99,34.0,3684.0,1453.0,1088.0,0,35
20:06:20,D4_D1eD2,35.99,34.0,3684.0,1453.0,1088.0,0,36
20:06:20,D4_D1eD2,35.99,34.0,3684.0,1453.0,1088.0,0,37
20:06:21,D4_D1eD2,35.99,34.0,3684.0,1453.0,1088.0,0,38
20:06:22,D4_D1eD2,35.99,34.0,3684.0,1453.0,1088.0,0,39
20:06:22,D4_D1eD2,35.99,34.0,3684.0,1453.0,1088.0,0,40
20:06:23,D4_D1eD2,35.99,34.0,3684.0,1453.0,1088.0,0,41
20:06:24,D4_D1eD2,35.99,34.0,3684.0,1453.0,1088.0,0,42
20:06:24,D4_D1eD2,35.99,34.0,3684.0,1453.0,1088.0,0,43
20:06:25,D4_D1eD2,35.99,34.0,3684.0,1453.0,1088.0,0,44
20:06:26,D4_D1eD2,35.99,34.0,3680.0,1455.0,1088.0,0,45
20:06:26,D4_D1eD2,35.99,34.0,3680.0,1455.0,1088.0,0,46
20:06:27,D4_D1eD2,35.99,34.0,3680.0,1455.0,1088.0,0,47
20:06:28,D4_D1eD2,35.99,34.0,3683.0,1457.0,1084.0,0,48
20:06:28,D4_D1eD2,35.99,34.0,3683.0,1457.0,1084.0,0,49
20:06:29,D4_D1eD2,35.99,34.0,3682.0,1459.0,1086.0,0,50
20:06:29,D4_D1eD2,35.99,34.0,3682.0,1459.0,1086.0,0,51
20:06:30,D4_D1eD2,35.99,34.0,3683.0,1450.0,1089.0,0,52
20:06:30,D4_D1eD2,35.99,34.0,3683.0,1458.0,1089.0,0,53
20:06:31,D4_D1eD2,35.99,34.0,3683.0,1458.0,1089.0,0,54
20:06:31,D4_D1eD2,35.99,34.0,3680.0,1453.0,1087.0,0,55
20:06:32,D4_D1eD2,35.99,34.0,3680.0,1453.0,1087.0,0,56
20:06:32,D4_D1eD2,35.99,34.0,3680.0,1453.0,1087.0,0,57
20:06:33,D4_D1eD2,35.99,34.0,3680.0,1453.0,1087.0,0,58
20:06:34,D4_D1eD2,35.99,34.0,3680.0,1453.0,1087.0,0,59
20:06:35,D4_D1eD2,35.99,34.0,3680.0,1453.0,1087.0,0,60
20:06:35,D4_D1eD2,35.99,34.0,3680.0,1453.0,1087.0,0,61
20:06:36,D4_D1eD2,35.99,34.0,3680.0,1453.0,1087.0,0,62
20:06:36,D4_D1eD2,35.99,34.0,3681.0,1455.0,1084.0,0,63
20:06:37,D4_D1eD2,35.99,34.0,3681.0,1455.0,1084.0,0,64
20:06:37,D4_D1eD2,35.99,34.0,3681.0,1455.0,1084.0,0,65
20:06:38,D4_D1eD2,35.99,34.0,3681.0,1455.0,1084.0,0,66
20:06:38,D4_D1eD2,35.99,34.0,3681.0,1455.0,1084.0,0,67
20:06:39,D4_D1eD2,35.99,34.0,3681.0,1455.0,1084.0,0,68
20:06:39,D4_D1eD2,35.99,34.0,3681.0,1455.0,1084.0,0,69
20:06:40,D4_D1eD2,35.99,33.0,3681.0,1455.0,1084.0,0,70
20:06:40,D4_D1eD2,35.99,33.0,3681.0,1455.0,1084.0,0,71
20:06:41,D4_D1eD2,35.99,33.0,3685.0,1455.0,1084.0,0,72
20:06:41,D4_D1eD2,35.99,33.0,3685.0,1455.0,1088.0,0,73
20:06:42,D4_D1eD2,35.99,33.0,3685.0,1455.0,1088.0,0,74
20:06:42,D4_D1eD2,35.99,33.0,3685.0,1455.0,1088.0,0,75
20:06:43,D4_D1eD2,35.99,33.0,3685.0,1455.0,1088.0,0,76
20:06:43,D4_D1eD2,35.99,33.0,3685.0,1455.0,1088.0,0,77
20:06:44,D4_D1eD2,35.99,33.0,3685.0,1455.0,1088.0,0,78
20:06:44,D4_D1eD2,35.99,33.0,3685.0,1455.0,1088.0,0,79
20:06:45,D4_D1eD2,35.99,33.0,3685.0,1455.0,1088.0,0,80
20:06:45,D4_D1eD2,35.99,33.0,3685.0,1455.0,1088.0,0,81
20:06:46,D4_D1eD2,35.99,33.0,3685.0,1455.0,1088.0,0,82
20:06:46,D4_D1eD2,35.99,33.0,3685.0,1455.0,1088.0,0,83
20:06:47,D4_D1eD2,35.99,33.0,3685.0,1455.0,1088.0,0,84
20:06:47,D4_D1eD2,35.99,33.0,3685.0,1455.0,1088.0,0,85
20:06:48,D4_D1eD2,35.99,33.0,3684.0,1454.0,1088.0,0,86
20:06:49,D4_D1eD2,35.99,33.0,3684.0,1454.0,1088.0,0,87
20:06:49,D4_D1eD2,35.99,33.0,3684.0,1454.0,1088.0,0,88
20:06:50,D4_D1eD2,35.99,33.0,3684.0,1454.0,1088.0,0,89
20:06:50,D4_D1eD2,35.99,33.0,3684.0,1454.0,1088.0,0,90
20:06:51,D4_D1eD2,35.99,33.0,3684.0,1454.0,1088.0,0,91
20:06:51,D4_D1eD2,35.99,33.0,3684.0,1454.0,1088.0,0,92
20:06:52,D4_D1eD2,35.99,33.0,3684.0,1454.0,1088.0,0,93
20:06:52,D4_D1eD2,35.99,33.0,3684.0,1454.0,1088.0,0,94
20:06:53,D4_D1eD2,35.99,33.0,3684.0,1454.0,1088.0,0,95
20:06:53,D4_D1eD2,35.99,33.0,3684.0,1454.0,1088.0,0,96
20:06:54,D4_D1eD2,35.99,33.0,3684.0,1454.0,1088.0,0,97
20:06:54,D4_D1eD2,35.99,33.0,3684.0,1454.0,1088.0,0,98
20:06:55,D4_D1eD2,35.99,33.0,3684.0,1454.0,1088.0,0,99
20:06:55,D4_D1eD2,35.99,33.0,3684.0,1454.0,1088.0,0,100
20:06:56,D4_D1eD2,35.99,33.0,3684.0,1454.0,1088.0,0,101
20:06:57,D4_D1eD2,35.99,33.0,3680.0,1451.0,1086.0,0,102
20:06:57,D4_D1eD2,35.99,33.0,3680.0,1451.0,1086.0,0,103
20:06:58,D4_D1eD2,35.99,33.0,3680.0,1451.0,1086.0,0,104
20:06:58,D4_D1eD2,35.99,33.0,3680.0,1451.0,1086.0,0,105
20:06:59,D4_D1eD2,35.99,33.0,3680.0,1451.0,1086.0,0,106
20:06:59,D4_D1eD2,35.99,33.0,3680.0,1451.0,1086.0,0,107
20:07:00,D4_D1eD2,35.99,33.0,3680.0,1451.0,1086.0,0,108
20:07:00,D4_D1eD2,35.99,33.0,3680.0,1451.0,1086.0,0,109
20:07:01,D4_D1eD2,35.99,33.0,3680.0,1451.0,1086.0,0,110
20:07:01,D4_D1eD2,35.99,33.0,3680.0,1451.0,1086.0,0,111
20:07:02,D4_D1eD2,35.99,33.0,3680.0,1451.0,1086.0,0,112
20:07:02,D4_D1eD2,35.99,33.0,3680.0,1451.0,1086.0,0,113
20:07:03,D4_D1eD2,35.99,33.0,3680.0,1451.0,1086.0,0,114
20:07:03,D4_D1eD2,35.99,33.0,3680.0,1451.0,1086.0,0,115
20:07:04,D4_D1eD2,35.99,33.0,3680.0,1451.0,1086.0,0,116
20:07:04,D4_D1eD2,35.99,33.0,3682.0,1459.0,1091.0,0,117
20:07:05,D4_D1eD2,35.99,33.0,3682.0,1459.0,1091.0,0,118
20:07:06,D4_D1eD2,35.99,33.0,3682.0,1459.0,1091.0,0,119
20:07:06,D4_D1eD2,35.99,33.0,3682.0,1459.0,1091.0,0,120
20:07:07,D4_D1eD2,35.99,33.0,3682.0,1459.0,1091.0,0,121
20:07:07,D4_D1eD2,35.99,33.0,3682.0,1459.0,1091.0,0,122
20:07:08,D4_D1eD2,35.99,33.0,3682.0,1459.0,1091.0,0,123
20:07:08,D4_D1eD2,35.99,33.0,3682.0,1459.0,1091.0,0,124
20:07:09,D4_D1eD2,35.99,33.0,3682.0,1459.0,1091.0,0,125
20:07:09,D4_D1eD2,35.99,33.0,3682.0,1459.0,1091.0,0,126
20:07:10,D4_D1eD2,35.99,33.0,3682.0,1459.0,1091.0,0,127
20:07:10,D4_D1eD2,36.55,33.0,3682.0,1459.0,1091.0,0,128
20:07:11,D4_D1eD2,36.55,33.0,3683.0,1454.0,1086.0,0,129
20:07:12,D4_D1eD2,36.55,33.0,3683.0,1454.0,1086.0,0,130
20:07:12,D4_D1eD2,36.55,33.0,3682.0,1455.0,1088.0,0,131
20:07:13,D4_D1eD2,36.55,33.0,3682.0,1455.0,1088.0,0,132
20:07:13,D4_D1eD2,36.55,33.0,3682.0,1455.0,1088.0,0,133
20:07:14,D4_D1eD2,36.55,33.0,3682.0,1455.0,1088.0,0,134
20:07:14,D4_D1eD2,36.55,33.0,3682.0,1455.0,1088.0,0,135
20:07:15,D4_D1eD2,36.55,33.0,3682.0,1455.0,1088.0,0,136
20:07:15,D4_D1eD2,36.55,33.0,3682.0,1455.0,1088.0,0,137
20:07:16,D4_D1eD2,36.55,33.0,3682.0,1455.0,1088.0,0,138
20:07:16,D4_D1eD2,36.55,33.0,3682.0,1455.0,1088.0,0,139
20:07:17,D4_D1eD2,36.55,33.0,3682.0,1455.0,1088.0,0,140
20:07:17,D4_D1eD2,36.55,33.0,3682.0,1455.0,1088.0,0,141
20:07:18,D4_D1eD2,36.55,33.0,3682.0,1455.0,1088.0,0,142
20:07:18,D4_D1eD2,36.55,33.0,3682.0,1455.0,1088.0,0,143
20:07:19,D4_D1eD2,36.55,33.0,3682.0,1455.0,1088.0,0,144
20:07:19,D4_D1eD2,36.55,33.0,3682.0,1455.0,1088.0,0,145
20:07:20,D4_D1eD2,36.55,33.0,3682.0,1455.0,1088.0,0,146
20:07:21,D4_D1eD2,36.55,33.0,3684.0,1457.0,1090.0,0,147
20:07:21,D4_D1eD2,36.55,33.0,3684.0,1457.0,1090.0,0,148
20:07:22,D4_D1eD2,36.55,33.0,3684.0,1457.0,1090.0,0,149
20:07:22,D4_D1eD2,36.55,33.0,3684.0,1457.0,1090.0,0,150
20:07:23,D4_D1eD2,36.55,33.0,3684.0,1457.0,1090.0,0,151
20:07:23,D4_D1eD2,36.55,33.0,3684.0,1457.0,1090.0,0,152
20:07:24,D4_D1eD2,36.55,33.0,3684.0,1457.0,1090.0,0,153
20:07:24,D4_D1eD2,36.55,33.0,3684.0,1457.0,1090.0,0,154
20:07:25,D4_D1eD2,36.55,33.0,3684.0,1457.0,1090.0,0,155
20:07:25,D4_D1eD2,36.54,33.0,3685.0,1458.0,1088.0,0,156
20:07:26,D4_D1eD2,36.54,33.0,3681.0,1457.0,1086.0,0,157
20:07:26,D4_D1eD2,36.54,33.0,3681.0,1457.0,1086.0,0,158
20:07:27,D4_D1eD2,36.54,33.0,3681.0,1457.0,1086.0,0,159
20:07:28,D4_D1eD2,36.54,33.0,3682.0,1452.0,1087.0,0,160
20:07:28,D4_D1eD2,36.54,33.0,3684.0,1456.0,1086.0,0,161
20:07:29,D4_D1eD2,36.54,33.0,3684.0,1456.0,1086.0,0,162
20:07:29,D4_D1eD2,36.54,33.0,3684.0,1456.0,1086.0,0,163
20:07:30,D4_D1eD2,36.54,33.0,3684.0,1456.0,1086.0,0,164
20:07:30,D4_D1eD2,36.54,33.0,3684.0,1456.0,1086.0,0,165
20:07:31,D4_D1eD2,36.54,33.0,3684.0,1456.0,1086.0,0,166
20:07:31,D4_D1eD2,36.54,33.0,3684.0,1456.0,1086.0,0,167
20:07:32,D4_D1eD2,36.54,33.0,3684.0,1456.0,1086.0,0,168
20:07:33,D4_D1eD2,36.54,33.0,3684.0,1456.0,1088.0,0,169
20:07:33,D4_D1eD2,36.54,33.0,3684.0,1456.0,1088.0,0,170
20:07:34,D4_D1eD2,36.54,33.0,3684.0,1456.0,1088.0,0,171
20:07:34,D4_D1eD2,36.54,33.0,3684.0,1456.0,1088.0,0,172
20:07:35,D4_D1eD2,36.54,33.0,3684.0,1456.0,1088.0,0,173
20:07:35,D4_D1eD2,36.54,33.0,3685.0,1454.0,1087.0,0,174
20:07:36,D4_D1eD2,36.54,33.0,3685.0,1454.0,1087.0,0,175
20:07:36,D4_D1eD2,36.54,33.0,3685.0,1454.0,1087.0,0,176
20:07:37,D4_D1eD2,36.54,33.0,3685.0,1454.0,1087.0,0,177
20:07:38,D4_D1eD2,36.54,33.0,3685.0,1454.0,1087.0,0,178
20:07:38,D4_D1eD2,36.54,33.0,3685.0,1454.0,1087.0,0,179
20:07:39,D4_D1eD2,36.54,33.0,3685.0,1454.0,1087.0,0,180
20:07:39,D4_D1eD2,36.54,33.0,3685.0,1454.0,1087.0,0,181
20:07:40,D4_D1eD2,36.54,33.0,3685.0,1454.0,1087.0,0,182
20:07:40,D4_D1eD2,36.54,33.0,3684.0,1457.0,1084.0,0,183
20:07:41,D4_D1eD2,36.54,33.0,3683.0,1455.0,1085.0,0,184
20:07:41,D4_D1eD2,36.54,33.0,3683.0,1455.0,1085.0,0,185
20:07:42,D4_D1eD2,36.54,33.0,3683.0,1455.0,1085.0,0,186
20:07:42,D4_D1eD2,36.54,33.0,3682.0,1458.0,1086.0,0,187
20:07:43,D4_D1eD2,36.54,33.0,3682.0,1458.0,1086.0,0,188
20:07:43,D4_D1eD2,36.54,33.0,3682.0,1458.0,1086.0,0,189
20:07:44,D4_D1eD2,36.54,33.0,3685.0,1460.0,1086.0,0,190
20:07:44,D4_D1eD2,36.54,33.0,3685.0,1460.0,1086.0,0,191
20:07:45,D4_D1eD2,36.54,33.0,3685.0,1460.0,1086.0,0,192
20:07:45,D4_D1eD2,36.54,33.0,3685.0,1460.0,1086.0,0,193
20:07:46,D4_D1eD2,36.54,33.0,3685.0,1460.0,1086.0,0,194
20:07:46,D4_D1eD2,36.54,33.0,3684.0,1458.0,1087.0,0,195
20:07:47,D4_D1eD2,36.54,33.0,3686.0,1457.0,1088.0,0,196
20:07:47,D4_D1eD2,36.54,33.0,3686.0,1457.0,1088.0,0,197
20:07:48,D4_D1eD2,36.54,33.0,3686.0,1457.0,1088.0,0,198
20:07:48,D4_D1eD2,36.54,33.0,3686.0,1457.0,1088.0,0,199
20:07:49,D4_D1eD2,36.54,33.0,3686.0,1457.0,1088.0,0,200
20:07:49,D4_D1eD2,36.54,33.0,3686.0,1457.0,1088.0,0,201
20:07:50,D4_D1eD2,36.54,33.0,3685.0,1459.0,1085.0,0,202
20:07:50,D4_D1eD2,36.54,33.0,3681.0,1458.0,1083.0,0,203
20:07:51,D4_D1eD2,36.54,33.0,3681.0,1458.0,1083.0,0,204
20:07:52,D4_D1eD2,36.54,33.0,3681.0,1458.0,1083.0,0,205
20:07:52,D4_D1eD2,36.54,33.0,3681.0,1458.0,1083.0,0,206
20:07:53,D4_D1eD2,36.54,33.0,3681.0,1458.0,1083.0,0,207
20:07:53,D4_D1eD2,36.54,33.0,3686.0,1459.0,1083.0,0,208
20:07:54,D4_D1eD2,36.54,33.0,3686.0,1459.0,1083.0,0,209
20:07:54,D4_D1eD2,36.54,33.0,3686.0,1459.0,1083.0,0,210
20:07:55,D4_D1eD2,36.54,33.0,3686.0,1459.0,1083.0,0,211
20:07:55,D4_D1eD2,36.54,33.0,3686.0,1459.0,1083.0,0,212
20:07:56,D4_D1eD2,36.54,33.0,3686.0,1459.0,1083.0,0,213
20:07:56,D4_D1eD2,36.54,33.0,3686.0,1459.0,1083.0,0,214
20:07:57,D4_D1eD2,36.54,33.0,3686.0,1459.0,1083.0,0,215
20:07:57,D4_D1eD2,36.54,33.0,3686.0,1459.0,1083.0,0,216
20:07:58,D4_D1eD2,36.54,33.0,3686.0,1459.0,1083.0,0,217
20:07:58,D4_D1eD2,36.54,33.0,3686.0,1458.0,1084.0,0,218
20:07:59,D4_D1eD2,36.54,33.0,3686.0,1458.0,1084.0,0,219
20:07:59,D4_D1eD2,36.54,33.0,3686.0,1458.0,1084.0,0,220
20:08:00,D4_D1eD2,36.54,33.0,3686.0,1458.0,1084.0,0,221
20:08:00,D4_D1eD2,36.54,33.0,3686.0,1458.0,1084.0,0,222
20:08:01,D4_D1eD2,36.54,33.0,3686.0,1458.0,1084.0,0,223
20:08:01,D4_D1eD2,36.54,33.0,3686.0,1458.0,1084.0,0,224
20:08:02,D4_D1eD2,36.54,33.0,3686.0,1458.0,1084.0,0,225
20:08:02,D4_D1eD2,36.54,33.0,3686.0,1458.0,1084.0,0,226
20:08:03,D4_D1eD2,36.54,33.0,3686.0,1458.0,1084.0,0,227
20:08:03,D4_D1eD2,36.54,33.0,3686.0,1458.0,1084.0,0,228
20:08:04,D4_D1eD2,36.54,33.0,3686.0,1458.0,1084.0,0,229
20:08:04,D4_D1eD2,36.54,33.0,3686.0,1458.0,1084.0,0,230
20:08:05,D4_D1eD2,36.54,33.0,3685.0,1456.0,1085.0,0,231
20:08:05,D4_D1eD2,36.54,33.0,3685.0,1456.0,1085.0,0,232
20:08:06,D4_D1eD2,36.54,33.0,3685.0,1456.0,1085.0,0,233
20:08:06,D4_D1eD2,36.54,33.0,3685.0,1456.0,1085.0,0,234
20:08:07,D4_D1eD2,36.54,33.0,3685.0,1456.0,1085.0,0,235
20:08:07,D4_D1eD2,36.54,33.0,3685.0,1456.0,1085.0,0,236
20:08:08,D4_D1eD2,36.54,33.0,3684.0,1458.0,1086.0,0,237
20:08:08,D4_D1eD2,36.54,33.0,3684.0,1458.0,1086.0,0,238
20:08:09,D4_D1eD2,36.54,33.0,3684.0,1458.0,1086.0,0,239
20:08:09,D4_D1eD2,36.54,33.0,3684.0,1458.0,1086.0,0,240
20:08:10,D4_D1eD2,36.54,33.0,3684.0,1458.0,1086.0,0,241
20:08:11,D4_D1eD2,36.54,33.0,3684.0,1458.0,1086.0,0,242
20:08:11,D4_D1eD2,36.54,33.0,3683.0,1457.0,1081.0,0,243
20:08:12,D4_D1eD2,36.54,33.0,3683.0,1457.0,1081.0,0,244
20:08:12,D4_D1eD2,36.54,33.0,3683.0,1457.0,1081.0,0,245
20:08:13,D4_D1eD2,36.54,33.0,3683.0,1457.0,1081.0,0,246
20:08:13,D4_D1eD2,36.54,33.0,3683.0,1457.0,1081.0,0,247
20:08:14,D4_D1eD2,36.54,33.0,3683.0,1457.0,1081.0,0,248
20:08:14,D4_D1eD2,36.54,33.0,3683.0,1459.0,1082.0,0,249
20:08:15,D4_D1eD2,36.54,33.0,3683.0,1459.0,1082.0,0,250
20:08:15,D4_D1eD2,36.54,33.0,3683.0,1459.0,1082.0,0,251
20:08:16,D4_D1eD2,36.54,33.0,3684.0,1453.0,1087.0,0,252
20:08:16,D4_D1eD2,36.54,33.0,3684.0,1453.0,1087.0,0,253
20:08:17,D4_D1eD2,36.54,33.0,3684.0,1453.0,1087.0,0,254
20:08:17,D4_D1eD2,36.54,33.0,3684.0,1453.0,1087.0,0,255
20:08:18,D4_D1eD2,36.54,33.0,3684.0,1457.0,1085.0,0,256
20:08:18,D4_D1eD2,36.54,33.0,3684.0,1457.0,1085.0,0,257
20:08:19,D4_D1eD2,36.54,33.0,3684.0,1457.0,1085.0,0,258
20:08:19,D4_D1eD2,36.54,33.0,3684.0,1457.0,1085.0,0,259
20:08:20,D4_D1eD2,36.54,33.0,3684.0,1457.0,1085.0,0,260
20:08:20,D4_D1eD2,36.54,33.0,3684.0,1457.0,1085.0,0,261
20:08:21,D4_D1eD2,36.54,33.0,3684.0,1457.0,1085.0,0,262
20:08:21,D4_D1eD2,36.54,33.0,3684.0,1457.0,1085.0,0,263
20:08:22,D4_D1eD2,36.54,33.0,3684.0,1457.0,1085.0,0,264
20:08:22,D4_D1eD2,36.54,33.0,3685.0,1457.0,1084.0,0,265
20:08:23,D4_D1eD2,36.54,33.0,3685.0,1457.0,1084.0,0,266
20:08:23,D4_D1eD2,36.54,33.0,3685.0,1457.0,1084.0,0,267
20:08:24,D4_D1eD2,36.54,33.0,3685.0,1457.0,1084.0,0,268
20:08:24,D4_D1eD2,36.54,33.0,3685.0,1457.0,1084.0,0,269
20:08:25,D4_D1eD2,36.54,33.0,3685.0,1457.0,1084.0,0,270
20:08:25,D4_D1eD2,36.54,33.0,3685.0,1457.0,1084.0,0,271
20:08:26,D4_D1eD2,36.54,33.0,3685.0,1457.0,1084.0,0,272
20:08:26,D4_D1eD2,36.54,33.0,3682.0,1456.0,1086.0,0,273
20:08:27,D4_D1eD2,36.54,33.0,3682.0,1456.0,1086.0,0,274
20:08:27,D4_D1eD2,36.54,33.0,3682.0,1456.0,1086.0,0,275
20:08:28,D4_D1eD2,36.54,33.0,3682.0,1456.0,1086.0,0,276
20:08:29,D4_D1eD2,36.54,33.0,3682.0,1456.0,1086.0,0,277
20:08:29,D4_D1eD2,36.54,33.0,3682.0,1456.0,1086.0,0,278
20:08:30,D4_D1eD2,36.54,33.0,3682.0,1456.0,1086.0,0,279
20:08:30,D4_D1eD2,36.54,33.0,3682.0,1456.0,1086.0,0,280
20:08:31,D4_D1eD2,36.54,33.0,3682.0,1456.0,1086.0,0,281
20:08:31,D4_D1eD2,36.54,33.0,3682.0,1456.0,1086.0,0,282
20:08:32,D4_D1eD2,36.54,33.0,3682.0,1456.0,1086.0,0,283
20:08:32,D4_D1eD2,36.54,33.0,3682.0,1456.0,1086.0,0,284
20:08:33,D4_D1eD2,36.54,33.0,3685.0,1455.0,1086.0,0,285
20:08:33,D4_D1eD2,36.54,33.0,3685.0,1455.0,1086.0,0,286
20:08:34,D4_D1eD2,36.54,33.0,3685.0,1455.0,1086.0,0,287
20:08:34,D4_D1eD2,36.54,33.0,3682.0,1458.0,1083.0,0,288
20:08:35,D4_D1eD2,36.54,33.0,3682.0,1458.0,1083.0,0,289
20:08:35,D4_D1eD2,36.54,33.0,3682.0,1458.0,1083.0,0,290
20:08:36,D4_D1eD2,36.54,33.0,3682.0,1458.0,1083.0,0,291
20:08:36,D4_D1eD2,36.54,33.0,3682.0,1458.0,1083.0,0,292
20:08:37,D4_D1eD2,36.54,33.0,3682.0,1458.0,1083.0,0,293
20:08:37,D4_D1eD2,36.54,33.0,3682.0,1458.0,1083.0,0,294
20:08:38,D4_D1eD2,36.54,33.0,3685.0,1457.0,1083.0,0,295
20:08:38,D4_D1eD2,36.54,33.0,3685.0,1457.0,1083.0,0,296
20:08:39,D4_D1eD2,36.54,33.0,3685.0,1457.0,1083.0,0,297
20:08:40,D4_D1eD2,36.54,33.0,3682.0,1454.0,1085.0,0,298
20:08:40,D4_D1eD2,36.54,33.0,3682.0,1454.0,1085.0,0,299
20:08:41,D4_D1eD2,36.54,33.0,3686.0,1454.0,1089.0,0,300
20:08:41,D4_D1eD2,36.54,33.0,3686.0,1454.0,1089.0,0,301
20:08:42,D4_D1eD2,36.54,33.0,3686.0,1454.0,1089.0,0,302
20:08:42,D4_D1eD2,36.54,33.0,3686.0,1454.0,1089.0,0,303
20:08:43,D4_D1eD2,36.54,33.0,3686.0,1454.0,1089.0,0,304
20:08:43,D4_D1eD2,36.54,33.0,3686.0,1454.0,1089.0,0,305
20:08:44,D4_D1eD2,36.54,33.0,3684.0,1457.0,1085.0,0,306
20:08:44,D4_D1eD2,36.54,33.0,3684.0,1457.0,1085.0,0,307
20:08:45,D4_D1eD2,36.54,33.0,3684.0,1457.0,1085.0,0,308
20:08:45,D4_D1eD2,36.54,33.0,3684.0,1457.0,1085.0,0,309
20:08:46,D4_D1eD2,36.54,33.0,3682.0,1457.0,1084.0,0,310
20:08:47,D4_D1eD2,36.54,33.0,3682.0,1457.0,1084.0,0,311
20:08:47,D4_D1eD2,36.54,33.0,3681.0,1453.0,1088.0,0,312
20:08:48,D4_D1eD2,36.54,33.0,3681.0,1453.0,1088.0,0,313
20:08:48,D4_D1eD2,36.54,33.0,3681.0,1453.0,1088.0,0,314
20:08:49,D4_D1eD2,36.54,33.0,3681.0,1453.0,1088.0,0,315
20:08:49,D4_D1eD2,36.54,33.0,3681.0,1453.0,1088.0,0,316
20:08:50,D4_D1eD2,36.54,33.0,3681.0,1453.0,1088.0,0,317
20:08:50,D4_D1eD2,36.54,33.0,3681.0,1453.0,1088.0,0,318
20:08:51,D4_D1eD2,36.54,33.0,3681.0,1453.0,1088.0,0,319
20:08:51,D4_D1eD2,36.54,33.0,3684.0,1455.0,1085.0,0,320
20:08:52,D4_D1eD2,36.54,33.0,3684.0,1455.0,1085.0,0,321
20:08:52,D4_D1eD2,36.54,33.0,3684.0,1455.0,1085.0,0,322
20:08:53,D4_D1eD2,36.54,33.0,3684.0,1455.0,1085.0,0,323
20:08:53,D4_D1eD2,36.54,33.0,3684.0,1455.0,1085.0,0,324
20:08:54,D4_D1eD2,36.54,33.0,3684.0,1455.0,1085.0,0,325
20:08:54,D4_D1eD2,36.54,33.0,3684.0,1455.0,1085.0,0,326
20:08:55,D4_D1eD2,36.54,33.0,3684.0,1455.0,1085.0,0,327
20:08:55,D4_D1eD2,36.54,33.0,3684.0,1455.0,1085.0,0,328
20:10:03,D4_D1eD2,36.54,33.0,3685.0,1455.0,1084.0,0,1
20:10:04,D4_D1eD2,36.54,33.0,3685.0,1455.0,1084.0,0,2
20:10:04,D4_D1eD2,36.54,33.0,3685.0,1455.0,1084.0,0,3
20:10:05,D4_D1eD2,36.54,33.0,3685.0,1455.0,1084.0,0,4
20:10:05,D4_D1eD2,36.54,33.0,3685.0,1455.0,1084.0,0,5
20:10:06,D4_D1eD2,36.54,33.0,3685.0,1455.0,1084.0,0,6
20:10:06,D4_D1eD2,36.54,33.0,3685.0,1455.0,1084.0,0,7
20:10:07,D4_D1eD2,36.54,33.0,3685.0,1455.0,1084.0,0,8
20:10:07,D4_D1eD2,36.54,33.0,3685.0,1455.0,1084.0,0,9
20:10:08,D4_D1eD2,36.54,33.0,3685.0,1455.0,1084.0,0,10
20:10:08,D4_D1eD2,36.54,33.0,3685.0,1455.0,1084.0,0,11
20:10:09,D4_D1eD2,36.54,33.0,3685.0,1455.0,1084.0,0,12
20:10:09,D4_D1eD2,36.54,33.0,3685.0,1455.0,1084.0,0,13
20:10:10,D4_D1eD2,36.54,33.0,3685.0,1455.0,1084.0,0,14
20:10:10,D4_D1eD2,36.54,33.0,3685.0,1455.0,1084.0,0,15
20:10:11,D4_D1eD2,36.54,33.0,3685.0,1455.0,1084.0,0,16
20:10:11,D4_D1eD2,36.54,33.0,3685.0,1455.0,1084.0,0,17
20:10:12,D4_D1eD2,36.54,33.0,3685.0,1455.0,1084.0,0,18
20:10:13,D4_D1eD2,36.54,33.0,3683.0,1456.0,1087.0,0,19
20:10:13,D4_D1eD2,36.54,33.0,3683.0,1456.0,1087.0,0,20
20:10:14,D4_D1eD2,36.54,33.0,3683.0,1456.0,1087.0,0,21
20:10:14,D4_D1eD2,36.54,33.0,3683.0,1456.0,1087.0,0,22
20:10:15,D4_D1eD2,36.54,33.0,3683.0,1456.0,1087.0,0,23
20:10:15,D4_D1eD2,36.54,33.0,3683.0,1456.0,1087.0,0,24
20:10:16,D4_D1eD2,36.54,33.0,3683.0,1456.0,1087.0,0,25
20:10:16,D4_D1eD2,36.54,33.0,3683.0,1456.0,1087.0,0,26
20:10:17,D4_D1eD2,36.54,33.0,3683.0,1456.0,1087.0,0,27
20:10:17,D4_D1eD2,36.54,33.0,3683.0,1456.0,1087.0,0,28
20:10:18,D4_D1eD2,36.54,33.0,3683.0,1456.0,1087.0,0,29
20:10:18,D4_D1eD2,36.54,33.0,3683.0,1456.0,1087.0,0,30
20:10:19,D4_D1eD2,36.54,33.0,3683.0,1456.0,1087.0,0,31
20:10:19,D4_D1eD2,36.54,33.0,3683.0,1456.0,1087.0,0,32
20:10:20,D4_D1eD2,36.54,33.0,3683.0,1456.0,1087.0,0,33
20:10:20,D4_D1eD2,36.54,33.0,3684.0,1452.0,1086.0,0,34
20:10:21,D4_D1eD2,36.54,33.0,3684.0,1452.0,1086.0,0,35
20:10:21,D4_D1eD2,36.54,33.0,3684.0,1452.0,1086.0,0,36
20:10:22,D4_D1eD2,36.54,33.0,3684.0,1452.0,1086.0,0,37
20:10:22,D4_D1eD2,36.54,33.0,3684.0,1452.0,1086.0,0,38
20:10:23,D4_D1eD2,36.54,33.0,3684.0,1452.0,1086.0,0,39
20:10:23,D4_D1eD2,36.54,33.0,3684.0,1452.0,1086.0,0,40
20:10:24,D4_D1eD2,36.54,33.0,3682.0,1455.0,1085.0,0,41
20:10:24,D4_D1eD2,36.54,33.0,3682.0,1455.0,1085.0,0,42
20:10:25,D4_D1eD2,36.54,33.0,3682.0,1455.0,1085.0,0,43
20:10:26,D4_D1eD2,36.54,33.0,3682.0,1455.0,1085.0,0,44
20:10:26,D4_D1eD2,36.54,33.0,3682.0,1455.0,1085.0,0,45
20:10:27,D4_D1eD2,36.54,33.0,3682.0,1455.0,1085.0,0,46
20:10:27,D4_D1eD2,36.54,33.0,3682.0,1455.0,1085.0,0,47
20:10:28,D4_D1eD2,36.54,33.0,3682.0,1455.0,1085.0,0,48
20:10:28,D4_D1eD2,36.54,33.0,3682.0,1455.0,1085.0,0,49
20:10:29,D4_D1eD2,36.54,33.0,3684.0,1457.0,1087.0,0,50
20:10:29,D4_D1eD2,36.54,33.0,3684.0,1458.0,1082.0,0,51
20:10:30,D4_D1eD2,36.54,33.0,3684.0,1458.0,1082.0,0,52
20:10:30,D4_D1eD2,36.54,33.0,3684.0,1458.0,1082.0,0,53
20:10:31,D4_D1eD2,36.54,33.0,3684.0,1458.0,1082.0,0,54
20:10:31,D4_D1eD2,36.54,33.0,3684.0,1458.0,1082.0,0,55
20:10:32,D4_D1eD2,36.54,33.0,3685.0,1459.0,1088.0,0,56
20:10:32,D4_D1eD2,36.54,33.0,3685.0,1459.0,1088.0,0,57
20:10:33,D4_D1eD2,36.54,33.0,3685.0,1459.0,1088.0,0,58
20:10:33,D4_D1eD2,36.54,33.0,3685.0,1459.0,1088.0,0,59
20:10:34,D4_D1eD2,36.54,33.0,3685.0,1459.0,1088.0,0,60
20:10:34,D4_D1eD2,36.54,33.0,3684.0,1454.0,1083.0,0,61
20:10:35,D4_D1eD2,36.54,33.0,3684.0,1454.0,1083.0,0,62
20:10:36,D4_D1eD2,36.54,33.0,3684.0,1454.0,1083.0,0,63
20:10:36,D4_D1eD2,36.54,33.0,3684.0,1454.0,1083.0,0,64
20:10:37,D4_D1eD2,36.54,33.0,3684.0,1454.0,1083.0,0,65
20:10:38,D4_D1eD2,36.54,33.0,3685.0,1458.0,1084.0,0,66
20:10:38,D4_D1eD2,36.54,33.0,3683.0,1456.0,1086.0,0,67
20:10:39,D4_D1eD2,36.54,33.0,3683.0,1456.0,1086.0,0,68
20:10:39,D4_D1eD2,36.56,32.9,3683.0,1456.0,1086.0,0,69
20:10:40,D4_D1eD2,36.53,33.8,3683.0,1456.0,1086.0,0,70
20:10:40,D4_D1eD2,36.52,32.8,3683.0,1456.0,1086.0,0,71
20:10:41,D4_D1eD2,36.51,32.5,3683.0,1458.0,1084.0,0,72
20:10:41,D4_D1eD2,36.61,32.9,3683.0,1458.0,1084.0,0,73
20:10:42,D4_D1eD2,36.55,32.4,3683.0,1458.0,1084.0,0,74
20:10:43,D4_D1eD2,36.51,33.9,3683.0,1458.0,1084.0,0,75
20:10:43,D4_D1eD2,36.48,33.1,3683.0,1458.0,1084.0,0,76
20:10:44,D4_D1eD2,36.58,33.1,3683.0,1458.0,1084.0,0,77
20:10:44,D4_D1eD2,36.5,32.8,3683.0,1458.0,1084.0,0,78
20:10:45,D4_D1eD2,36.56,32.8,3683.0,1458.0,1084.0,0,79
20:10:45,D4_D1eD2,36.59,32.6,3683.0,1458.0,1084.0,0,80
20:10:46,D4_D1eD2,36.52,32.9,3684.0,1459.0,1085.0,0,81
20:10:46,D4_D1eD2,36.61,33.0,3684.0,1459.0,1085.0,0,82
20:10:47,D4_D1eD2,36.56,33.8,3684.0,1459.0,1085.0,0,83
20:10:47,D4_D1eD2,36.58,33.0,3684.0,1459.0,1085.0,0,84
20:10:48,D4_D1eD2,36.53,33.2,3684.0,1459.0,1085.0,0,85
20:10:48,D4_D1eD2,36.51,33.5,3683.0,1456.0,1084.0,0,86
20:10:49,D4_D1eD2,36.54,33.5,3683.0,1456.0,1084.0,0,87
20:10:49,D4_D1eD2,36.47,33.1,3683.0,1456.0,1084.0,0,88
20:10:50,D4_D1eD2,36.47,32.8,3684.0,1457.0,1083.0,0,89
20:10:50,D4_D1eD2,36.56,33.9,3684.0,1457.0,1083.0,0,90
20:10:51,D4_D1eD2,36.44,33.0,3684.0,1457.0,1083.0,0,91
20:10:51,D4_D1eD2,36.56,33.0,3684.0,1457.0,1083.0,0,92
20:10:52,D4_D1eD2,36.58,32.5,3684.0,1457.0,1083.0,0,93
20:10:52,D4_D1eD2,36.65,32.5,3686.0,1456.0,1083.0,0,94
20:10:53,D4_D1eD2,36.46,33.0,3686.0,1456.0,1083.0,0,95
20:10:53,D4_D1eD2,36.62,32.6,3686.0,1456.0,1083.0,0,96
20:10:54,D4_D1eD2,36.55,33.7,3686.0,1456.0,1083.0,0,97
20:10:54,D4_D1eD2,36.58,32.4,3686.0,1456.0,1083.0,0,98
20:10:55,D4_D1eD2,36.55,33.2,3686.0,1456.0,1083.0,0,99
20:10:55,D4_D1eD2,36.5,33.9,3686.0,1456.0,1083.0,0,100
20:10:56,D4_D1eD2,36.49,33.4,3686.0,1456.0,1083.0,0,101
20:10:56,D4_D1eD2,36.56,33.4,3686.0,1456.0,1083.0,0,102
20:10:57,D4_D1eD2,36.5,32.6,3686.0,1456.0,1083.0,0,103
20:10:57,D4_D1eD2,36.58,33.0,3686.0,1456.0,1083.0,0,104
20:10:58,D4_D1eD2,36.57,32.6,3686.0,1456.0,1083.0,0,105
20:10:58,D4_D1eD2,36.58,33.2,3686.0,1456.0,1083.0,0,106
20:10:59,D4_D1eD2,36.52,33.4,3686.0,1456.0,1083.0,0,107
20:10:59,D4_D1eD2,36.56,32.6,3686.0,1456.0,1083.0,0,108
20:11:00,D4_D1eD2,36.56,33.3,3686.0,1456.0,1083.0,0,109
20:11:01,D4_D1eD2,36.49,33.3,3682.0,1457.0,1085.0,0,110
20:11:01,D4_D1eD2,36.57,33.6,3683.0,1456.0,1083.0,0,111
20:11:02,D4_D1eD2,36.58,32.6,3683.0,1456.0,1083.0,0,112
20:11:02,D4_D1eD2,36.66,32.1,3683.0,1456.0,1083.0,0,113
20:11:03,D4_D1eD2,36.59,33.0,3683.0,1456.0,1083.0,0,114
20:11:03,D4_D1eD2,36.5,33.1,3683.0,1456.0,1083.0,0,115
20:11:04,D4_D1eD2,36.57,32.0,3683.0,1456.0,1083.0,0,116
20:11:05,D4_D1eD2,36.5,32.9,3683.0,1456.0,1083.0,0,117
20:11:05,D4_D1eD2,36.52,32.8,3683.0,1456.0,1083.0,0,118
20:11:06,D4_D1eD2,36.48,33.5,3683.0,1456.0,1083.0,0,119
20:11:06,D4_D1eD2,36.52,33.6,3683.0,1456.0,1083.0,0,120
20:11:07,D4_D1eD2,36.49,33.0,3683.0,1456.0,1083.0,0,121
20:11:07,D4_D1eD2,36.48,33.8,3683.0,1456.0,1083.0,0,122
20:11:08,D4_D1eD2,36.61,32.3,3683.0,1456.0,1083.0,0,123
20:11:08,D4_D1eD2,36.56,33.1,3683.0,1456.0,1083.0,0,124
20:11:09,D4_D1eD2,36.55,33.3,3684.0,1455.0,1087.0,0,125
20:11:09,D4_D1eD2,36.44,32.9,3684.0,1455.0,1087.0,0,126
20:11:10,D4_D1eD2,36.53,32.8,3684.0,1455.0,1087.0,0,127
20:11:10,D4_D1eD2,36.51,33.4,3684.0,1455.0,1087.0,0,128
20:11:11,D4_D1eD2,36.5,32.7,3684.0,1455.0,1087.0,0,129
20:11:11,D4_D1eD2,36.55,33.6,3684.0,1455.0,1087.0,0,130
20:11:12,D4_D1eD2,36.53,33.5,3684.0,1455.0,1087.0,0,131
20:11:12,D4_D1eD2,36.54,33.3,3684.0,1455.0,1087.0,0,132
20:11:13,D4_D1eD2,36.54,33.3,3684.0,1455.0,1087.0,0,133
20:11:14,D4_D1eD2,36.48,33.6,3684.0,1460.0,1086.0,0,134
20:11:14,D4_D1eD2,36.54,32.6,3684.0,1460.0,1086.0,0,135
20:11:15,D4_D1eD2,36.53,32.6,3684.0,1460.0,1086.0,0,136
20:11:15,D4_D1eD2,36.5,33.1,3684.0,1460.0,1086.0,0,137
20:11:16,D4_D1eD2,36.55,32.3,3684.0,1460.0,1086.0,0,138
20:11:16,D4_D1eD2,36.56,33.7,3684.0,1455.0,1083.0,0,139
20:11:17,D4_D1eD2,36.49,33.0,3684.0,1455.0,1083.0,0,140
20:11:17,D4_D1eD2,36.57,33.8,3684.0,1455.0,1083.0,0,141
20:11:18,D4_D1eD2,36.52,33.1,3684.0,1455.0,1087.0,0,142
20:11:18,D4_D1eD2,36.54,33.2,3684.0,1455.0,1087.0,0,143
20:11:19,D4_D1eD2,36.5,33.4,3684.0,1455.0,1087.0,0,144
20:11:19,D4_D1eD2,36.5,32.7,3684.0,1455.0,1087.0,0,145
20:11:20,D4_D1eD2,36.55,33.2,3684.0,1455.0,1087.0,0,146
20:11:20,D4_D1eD2,36.5,33.2,3682.0,1456.0,1084.0,0,147
20:11:21,D4_D1eD2,36.52,32.1,3682.0,1456.0,1084.0,0,148
20:11:21,D4_D1eD2,36.46,32.7,3682.0,1456.0,1084.0,0,149
20:11:22,D4_D1eD2,36.57,32.5,3683.0,1456.0,1087.0,0,150
20:11:22,D4_D1eD2,36.58,32.4,3683.0,1456.0,1087.0,0,151
20:11:23,D4_D1eD2,36.5,33.8,3683.0,1456.0,1087.0,0,152
20:11:23,D4_D1eD2,36.64,33.9,3683.0,1456.0,1087.0,0,153
20:11:24,D4_D1eD2,36.61,32.5,3683.0,1456.0,1087.0,0,154
20:11:25,D4_D1eD2,36.48,32.0,3683.0,1456.0,1087.0,0,155
20:11:25,D4_D1eD2,36.54,33.8,3683.0,1456.0,1087.0,0,156
20:11:26,D4_D1eD2,36.56,33.0,3683.0,1456.0,1087.0,0,157
20:11:26,D4_D1eD2,36.57,33.2,3683.0,1456.0,1087.0,0,158
20:11:27,D4_D1eD2,36.54,33.5,3683.0,1456.0,1087.0,0,159
20:11:28,D4_D1eD2,36.5,32.9,3683.0,1456.0,1087.0,0,160
20:11:28,D4_D1eD2,36.64,33.0,3683.0,1456.0,1087.0,0,161
20:11:29,D4_D1eD2,36.53,33.3,3683.0,1456.0,1087.0,0,162
20:11:29,D4_D1eD2,36.53,31.8,3683.0,1456.0,1087.0,0,163
20:11:30,D4_D1eD2,36.53,33.3,3684.0,1458.0,1086.0,0,164
20:11:30,D4_D1eD2,36.53,32.5,3684.0,1458.0,1084.0,0,165
20:11:31,D4_D1eD2,36.47,32.7,3684.0,1458.0,1084.0,0,166
20:11:31,D4_D1eD2,36.54,33.7,3684.0,1458.0,1084.0,0,167
20:11:32,D4_D1eD2,36.57,32.5,3684.0,1458.0,1084.0,0,168
20:11:32,D4_D1eD2,36.59,34.0,3684.0,1458.0,1084.0,0,169
20:11:33,D4_D1eD2,36.52,32.7,3684.0,1458.0,1084.0,0,170
20:11:33,D4_D1eD2,36.55,33.0,3684.0,1458.0,1084.0,0,171
20:11:34,D4_D1eD2,36.58,33.3,3684.0,1458.0,1084.0,0,172
20:11:34,D4_D1eD2,36.46,33.3,3684.0,1458.0,1084.0,0,173
20:11:35,D4_D1eD2,36.45,32.2,3684.0,1458.0,1084.0,0,174
20:11:36,D4_D1eD2,36.57,32.2,3683.0,1459.0,1083.0,0,175
20:11:36,D4_D1eD2,36.54,32.6,3682.0,1456.0,1088.0,0,176
20:11:37,D4_D1eD2,36.58,32.4,3682.0,1456.0,1088.0,0,177
20:11:37,D4_D1eD2,36.5,33.3,3682.0,1456.0,1088.0,0,178
20:11:38,D4_D1eD2,36.54,32.9,3682.0,1456.0,1088.0,0,179
20:11:39,D4_D1eD2,36.52,32.8,3682.0,1456.0,1088.0,0,180
20:11:39,D4_D1eD2,36.55,34.0,3682.0,1456.0,1088.0,0,181
20:11:40,D4_D1eD2,36.52,32.0,3682.0,1456.0,1088.0,0,182
20:11:40,D4_D1eD2,36.54,33.8,3682.0,1456.0,1088.0,0,183
20:11:41,D4_D1eD2,36.43,33.1,3682.0,1456.0,1088.0,0,184
20:11:41,D4_D1eD2,36.56,32.8,3685.0,1457.0,1087.0,0,185
20:11:42,D4_D1eD2,36.55,32.8,3685.0,1457.0,1087.0,0,186
20:11:42,D4_D1eD2,36.54,32.8,3680.0,1455.0,1086.0,0,187
20:11:43,D4_D1eD2,36.51,32.9,3680.0,1455.0,1086.0,0,188
20:11:43,D4_D1eD2,36.58,32.5,3680.0,1455.0,1086.0,0,189
20:11:44,D4_D1eD2,36.63,32.6,3680.0,1455.0,1086.0,0,190
20:11:44,D4_D1eD2,36.57,33.0,3680.0,1455.0,1086.0,0,191
20:11:45,D4_D1eD2,36.55,33.1,3680.0,1455.0,1086.0,0,192
20:11:45,D4_D1eD2,36.5,33.2,3685.0,1461.0,1083.0,0,193
20:11:46,D4_D1eD2,36.51,32.5,3685.0,1455.0,1085.0,0,194
20:11:46,D4_D1eD2,36.46,33.8,3685.0,1455.0,1085.0,0,195
20:11:47,D4_D1eD2,36.46,33.4,3685.0,1455.0,1085.0,0,196
20:11:47,D4_D1eD2,36.52,33.8,3685.0,1455.0,1085.0,0,197
20:11:48,D4_D1eD2,36.53,31.7,3685.0,1455.0,1085.0,0,198
20:11:49,D4_D1eD2,36.63,33.6,3685.0,1455.0,1085.0,0,199
20:11:49,D4_D1eD2,36.54,33.0,3685.0,1455.0,1085.0,0,200
20:11:50,D4_D1eD2,36.51,32.7,3685.0,1455.0,1085.0,0,201
20:11:50,D4_D1eD2,36.55,32.9,3685.0,1455.0,1085.0,0,202
20:11:51,D4_D1eD2,36.6,32.0,3685.0,1455.0,1085.0,0,203
20:11:51,D4_D1eD2,36.5,32.4,3685.0,1455.0,1085.0,0,204
20:11:52,D4_D1eD2,36.58,32.4,3685.0,1455.0,1085.0,0,205
20:11:53,D4_D1eD2,36.58,32.9,3685.0,1455.0,1085.0,0,206
20:11:53,D4_D1eD2,36.52,33.6,3682.0,1455.0,1084.0,0,207
20:11:54,D4_D1eD2,36.52,33.2,3682.0,1455.0,1084.0,0,208
20:11:54,D4_D1eD2,36.51,33.5,3682.0,1455.0,1084.0,0,209
20:11:55,D4_D1eD2,36.57,32.4,3682.0,1455.0,1084.0,0,210
20:11:55,D4_D1eD2,36.55,33.0,3682.0,1455.0,1084.0,0,211
20:11:56,D4_D1eD2,36.6,33.1,3682.0,1455.0,1084.0,0,212
20:11:56,D4_D1eD2,36.56,32.1,3682.0,1455.0,1084.0,0,213
20:11:57,D4_D1eD2,36.53,33.0,3682.0,1455.0,1084.0,0,214
20:11:57,D4_D1eD2,36.55,32.5,3682.0,1455.0,1084.0,0,215
20:11:58,D4_D1eD2,36.56,33.1,3682.0,1455.0,1084.0,0,216
20:11:58,D4_D1eD2,36.45,32.4,3682.0,1455.0,1084.0,0,217
20:11:59,D4_D1eD2,36.5,33.1,3682.0,1455.0,1084.0,0,218
20:11:59,D4_D1eD2,36.49,32.3,3682.0,1455.0,1084.0,0,219
20:12:00,D4_D1eD2,36.67,33.2,3682.0,1455.0,1084.0,0,220
20:12:00,D4_D1eD2,36.51,33.1,3684.0,1461.0,1081.0,0,221
20:12:01,D4_D1eD2,36.5,33.0,3684.0,1461.0,1081.0,0,222
20:12:01,D4_D1eD2,36.58,32.7,3684.0,1461.0,1081.0,0,223
20:12:02,D4_D1eD2,36.46,32.6,3684.0,1461.0,1081.0,0,224
20:12:03,D4_D1eD2,36.55,32.3,3686.0,1458.0,1082.0,0,225
20:12:04,D4_D1eD2,36.59,33.4,3686.0,1458.0,1084.0,0,226
20:12:04,D4_D1eD2,36.56,33.1,3686.0,1458.0,1084.0,0,227
20:12:05,D4_D1eD2,36.59,33.0,3686.0,1458.0,1084.0,0,228
20:12:06,D4_D1eD2,36.59,32.7,3686.0,1458.0,1084.0,0,229
20:12:06,D4_D1eD2,36.52,33.1,3686.0,1458.0,1084.0,0,230
20:12:07,D4_D1eD2,36.53,32.8,3686.0,1458.0,1084.0,0,231
20:12:07,D4_D1eD2,36.47,33.1,3686.0,1458.0,1084.0,0,232
20:12:08,D4_D1eD2,36.51,33.7,3686.0,1458.0,1084.0,0,233
20:12:08,D4_D1eD2,36.61,33.8,3686.0,1458.0,1084.0,0,234
20:12:09,D4_D1eD2,36.47,32.5,3685.0,1454.0,1084.0,0,235
20:12:09,D4_D1eD2,36.55,33.8,3683.0,1455.0,1081.0,0,236
20:12:10,D4_D1eD2,36.54,33.3,3683.0,1455.0,1081.0,0,237
20:12:10,D4_D1eD2,36.56,33.1,3683.0,1455.0,1081.0,0,238
20:12:11,D4_D1eD2,36.51,32.7,3683.0,1455.0,1081.0,0,239
20:12:11,D4_D1eD2,36.51,32.6,3683.0,1455.0,1081.0,0,240
20:12:12,D4_D1eD2,36.55,32.2,3685.0,1455.0,1085.0,0,241
20:12:13,D4_D1eD2,36.52,33.1,3684.0,1458.0,1085.0,0,242
20:12:13,D4_D1eD2,36.53,32.6,3683.0,1453.0,1083.0,0,243
20:12:14,D4_D1eD2,36.63,32.7,3682.0,1460.0,1087.0,0,244
20:12:15,D4_D1eD2,36.67,32.7,3682.0,1460.0,1087.0,0,245
20:12:15,D4_D1eD2,36.63,33.3,3682.0,1460.0,1087.0,0,246
20:12:16,D4_D1eD2,36.58,33.3,3682.0,1460.0,1087.0,0,247
20:12:16,D4_D1eD2,36.57,32.9,3682.0,1460.0,1087.0,0,248
20:12:17,D4_D1eD2,36.56,32.8,3683.0,1454.0,1085.0,0,249
20:12:17,D4_D1eD2,36.54,32.3,3683.0,1454.0,1085.0,0,250
20:12:18,D4_D1eD2,36.52,33.1,3683.0,1454.0,1085.0,0,251
20:12:18,D4_D1eD2,36.55,33.3,3683.0,1454.0,1085.0,0,252
20:12:19,D4_D1eD2,36.59,32.5,3683.0,1454.0,1085.0,0,253
20:12:19,D4_D1eD2,36.46,32.7,3683.0,1454.0,1085.0,0,254
20:12:20,D4_D1eD2,36.51,33.9,3683.0,1454.0,1085.0,0,255
20:12:20,D4_D1eD2,36.51,32.5,3683.0,1454.0,1085.0,0,256
20:12:21,D4_D1eD2,36.48,33.4,3684.0,1457.0,1084.0,0,257
20:12:21,D4_D1eD2,36.49,32.2,3684.0,1457.0,1084.0,0,258
20:12:22,D4_D1eD2,36.53,33.2,3684.0,1457.0,1084.0,0,259
20:12:22,D4_D1eD2,36.6,33.2,3684.0,1457.0,1084.0,0,260
20:12:23,D4_D1eD2,36.57,33.7,3684.0,1457.0,1084.0,0,261
20:12:23,D4_D1eD2,36.61,32.7,3684.0,1457.0,1084.0,0,262
20:12:24,D4_D1eD2,36.55,32.7,3684.0,1457.0,1084.0,0,263
20:12:24,D4_D1eD2,36.45,32.8,3684.0,1457.0,1084.0,0,264
20:12:25,D4_D1eD2,36.58,33.2,3684.0,1457.0,1084.0,0,265
20:12:25,D4_D1eD2,36.48,33.8,3684.0,1457.0,1084.0,0,266
20:12:26,D4_D1eD2,36.55,32.0,3684.0,1457.0,1084.0,0,267
20:12:27,D4_D1eD2,36.53,33.9,3684.0,1457.0,1084.0,0,268
20:12:27,D4_D1eD2,36.61,33.5,3681.0,1460.0,1084.0,0,269
20:12:28,D4_D1eD2,36.56,33.4,3681.0,1460.0,1084.0,0,270
20:12:28,D4_D1eD2,36.61,33.1,3681.0,1460.0,1084.0,0,271
20:12:29,D4_D1eD2,36.55,32.7,3681.0,1460.0,1084.0,0,272
20:12:30,D4_D1eD2,36.57,32.7,3681.0,1460.0,1084.0,0,273
20:12:30,D4_D1eD2,36.56,33.0,3682.0,1454.0,1086.0,0,274
20:12:31,D4_D1eD2,36.53,32.2,3682.0,1454.0,1086.0,0,275
20:12:32,D4_D1eD2,36.62,32.4,3682.0,1454.0,1086.0,0,276
20:12:32,D4_D1eD2,36.62,32.8,3682.0,1454.0,1086.0,0,277
20:12:33,D4_D1eD2,36.58,33.3,3682.0,1454.0,1086.0,0,278
20:12:33,D4_D1eD2,36.51,33.2,3682.0,1454.0,1086.0,0,279
20:12:34,D4_D1eD2,36.51,33.0,3682.0,1454.0,1086.0,0,280
20:12:34,D4_D1eD2,36.58,31.6,3682.0,1454.0,1086.0,0,281
20:12:35,D4_D1eD2,36.48,32.4,3683.0,1458.0,1086.0,0,282
20:12:35,D4_D1eD2,36.54,33.2,3683.0,1458.0,1086.0,0,283
20:12:36,D4_D1eD2,36.52,32.2,3683.0,1458.0,1086.0,0,284
20:12:36,D4_D1eD2,36.52,32.8,3683.0,1458.0,1086.0,0,285
20:12:37,D4_D1eD2,36.56,33.5,3683.0,1458.0,1086.0,0,286
20:12:38,D4_D1eD2,36.54,33.0,3683.0,1458.0,1086.0,0,287
20:12:39,D4_D1eD2,36.54,33.0,3683.0,1458.0,1086.0,0,288
20:12:39,D4_D1eD2,36.59,31.6,3683.0,1458.0,1086.0,0,289
20:12:40,D4_D1eD2,36.49,33.3,3683.0,1458.0,1086.0,0,290
20:12:40,D4_D1eD2,36.53,33.1,3683.0,1458.0,1086.0,0,291
20:12:41,D4_D1eD2,36.56,34.2,3683.0,1458.0,1086.0,0,292
20:12:41,D4_D1eD2,36.6,33.6,3683.0,1458.0,1086.0,0,293
20:12:42,D4_D1eD2,36.48,33.2,3683.0,1458.0,1086.0,0,294
20:12:42,D4_D1eD2,36.56,33.2,3683.0,1458.0,1086.0,0,295
20:12:43,D4_D1eD2,36.59,33.6,3683.0,1458.0,1086.0,0,296
20:12:43,D4_D1eD2,36.53,33.7,3683.0,1458.0,1086.0,0,297
20:12:44,D4_D1eD2,36.54,32.5,3683.0,1458.0,1086.0,0,298
20:12:44,D4_D1eD2,36.49,31.9,3683.0,1458.0,1086.0,0,299
20:12:45,D4_D1eD2,36.59,32.7,3683.0,1458.0,1086.0,0,300
20:12:45,D4_D1eD2,36.42,34.1,3683.0,1458.0,1086.0,0,301
20:12:46,D4_D1eD2,36.66,33.7,3683.0,1458.0,1086.0,0,302
20:12:46,D4_D1eD2,36.58,33.1,3683.0,1458.0,1086.0,0,303
20:12:47,D4_D1eD2,36.53,32.2,3683.0,1458.0,1086.0,0,304
20:12:47,D4_D1eD2,36.55,33.7,3683.0,1454.0,1084.0,0,305
20:12:48,D4_D1eD2,36.59,32.5,3686.0,1457.0,1083.0,0,306
20:12:48,D4_D1eD2,36.55,32.3,3686.0,1457.0,1083.0,0,307
20:12:49,D4_D1eD2,36.56,33.0,3682.0,1457.0,1085.0,0,308
20:12:49,D4_D1eD2,36.55,32.8,3682.0,1457.0,1085.0,0,309
20:12:50,D4_D1eD2,36.54,32.6,3682.0,1457.0,1085.0,0,310
20:12:51,D4_D1eD2,36.48,32.7,3682.0,1457.0,1085.0,0,311
20:12:51,D4_D1eD2,36.6,32.7,3685.0,1454.0,1086.0,0,312
20:12:52,D4_D1eD2,36.48,33.2,3685.0,1454.0,1086.0,0,313
20:12:52,D4_D1eD2,36.53,33.0,3685.0,1454.0,1086.0,0,314
20:12:53,D4_D1eD2,36.51,32.3,3685.0,1454.0,1086.0,0,315
20:12:53,D4_D1eD2,36.62,33.8,3685.0,1454.0,1086.0,0,316
20:12:54,D4_D1eD2,36.52,32.9,3683.0,1453.0,1087.0,0,317
20:12:54,D4_D1eD2,36.48,33.0,3683.0,1453.0,1087.0,0,318
20:12:55,D4_D1eD2,36.56,33.4,3683.0,1453.0,1087.0,0,319
20:12:55,D4_D1eD2,36.48,33.8,3683.0,1453.0,1087.0,0,320
20:12:56,D4_D1eD2,36.57,33.0,3683.0,1453.0,1087.0,0,321
20:12:56,D4_D1eD2,36.47,32.9,3683.0,1453.0,1087.0,0,322
20:12:57,D4_D1eD2,36.59,33.3,3683.0,1453.0,1087.0,0,323
20:12:57,D4_D1eD2,36.55,34.2,3683.0,1453.0,1087.0,0,324
20:12:58,D4_D1eD2,36.55,32.9,3683.0,1453.0,1087.0,0,325
20:12:58,D4_D1eD2,36.47,32.1,3683.0,1453.0,1087.0,0,326
20:12:59,D4_D1eD2,36.56,34.2,3683.0,1453.0,1087.0,0,327
20:12:59,D4_D1eD2,36.54,33.5,3683.0,1453.0,1087.0,0,328
20:13:00,D4_D1eD2,36.51,33.5,3683.0,1453.0,1087.0,0,329
20:13:01,D4_D1eD2,36.5,33.0,3683.0,1453.0,1087.0,0,330
20:13:01,D4_D1eD2,36.54,33.4,3683.0,1453.0,1087.0,0,331
20:13:02,D4_D1eD2,36.47,32.5,3683.0,1453.0,1087.0,0,332
20:13:02,D4_D1eD2,36.54,33.3,3683.0,1453.0,1087.0,0,333
20:13:03,D4_D1eD2,36.44,32.5,3683.0,1457.0,1085.0,0,334
20:13:03,D4_D1eD2,36.62,33.6,3683.0,1457.0,1085.0,0,335
20:13:04,D4_D1eD2,36.52,32.7,3683.0,1457.0,1085.0,0,336
20:13:04,D4_D1eD2,36.55,33.0,3683.0,1457.0,1085.0,0,337
20:13:05,D4_D1eD2,36.47,31.7,3683.0,1457.0,1085.0,0,338
20:13:05,D4_D1eD2,36.48,32.1,3683.0,1457.0,1085.0,0,339
20:13:06,D4_D1eD2,36.41,32.7,3683.0,1457.0,1085.0,0,340
20:13:06,D4_D1eD2,36.54,33.3,3682.0,1455.0,1085.0,0,341
20:13:07,D4_D1eD2,36.53,33.0,3682.0,1455.0,1085.0,0,342
20:13:07,D4_D1eD2,36.53,33.9,3682.0,1455.0,1085.0,0,343
20:13:08,D4_D1eD2,36.53,32.7,3682.0,1455.0,1085.0,0,344
20:13:08,D4_D1eD2,36.57,32.8,3682.0,1455.0,1085.0,0,345
20:13:09,D4_D1eD2,36.55,33.7,3682.0,1455.0,1085.0,0,346
20:13:10,D4_D1eD2,36.56,32.7,3682.0,1455.0,1085.0,0,347
20:13:10,D4_D1eD2,36.55,32.3,3682.0,1455.0,1085.0,0,348
20:13:11,D4_D1eD2,36.49,33.3,3682.0,1455.0,1085.0,0,349
20:13:11,D4_D1eD2,36.5,32.3,3681.0,1456.0,1086.0,0,350
20:13:12,D4_D1eD2,36.61,33.3,3682.0,1458.0,1085.0,0,351
20:13:12,D4_D1eD2,36.59,33.0,3682.0,1458.0,1085.0,0,352
20:13:13,D4_D1eD2,36.57,33.5,3682.0,1458.0,1085.0,0,353
20:13:13,D4_D1eD2,36.44,34.0,3682.0,1458.0,1085.0,0,354
20:13:14,D4_D1eD2,36.56,33.4,3682.0,1458.0,1085.0,0,355
20:13:14,D4_D1eD2,36.55,32.9,3684.0,1457.0,1086.0,0,356
20:13:15,D4_D1eD2,36.57,33.6,3684.0,1457.0,1086.0,0,357
20:13:15,D4_D1eD2,36.51,32.7,3681.0,1457.0,1085.0,0,358
20:13:16,D4_D1eD2,36.56,33.9,3685.0,1459.0,1085.0,0,359
20:13:17,D4_D1eD2,36.45,33.4,3685.0,1459.0,1085.0,0,360
20:13:17,D4_D1eD2,36.53,32.4,3685.0,1459.0,1085.0,0,361
20:13:18,D4_D1eD2,36.57,33.8,3685.0,1459.0,1085.0,0,362
20:13:18,D4_D1eD2,36.6,32.7,3685.0,1459.0,1085.0,0,363
20:13:19,D4_D1eD2,36.57,32.9,3685.0,1459.0,1085.0,0,364
20:13:19,D4_D1eD2,36.58,32.8,3685.0,1459.0,1085.0,0,365
20:13:20,D4_D1eD2,36.59,32.3,3685.0,1459.0,1085.0,0,366
20:13:20,D4_D1eD2,36.51,34.3,3685.0,1459.0,1085.0,0,367
20:13:21,D4_D1eD2,36.64,34.0,3683.0,1459.0,1085.0,0,368
20:13:21,D4_D1eD2,36.58,32.7,3683.0,1459.0,1085.0,0,369
20:13:22,D4_D1eD2,36.52,33.3,3683.0,1459.0,1085.0,0,370
20:13:22,D4_D1eD2,36.48,32.9,3683.0,1459.0,1085.0,0,371
20:13:23,D4_D1eD2,36.53,33.8,3683.0,1459.0,1085.0,0,372
20:13:23,D4_D1eD2,36.6,33.3,3683.0,1457.0,1085.0,0,373
20:13:24,D4_D1eD2,36.59,33.9,3682.0,1457.0,1086.0,0,374
20:13:24,D4_D1eD2,36.55,32.1,3682.0,1457.0,1086.0,0,375
20:13:25,D4_D1eD2,36.46,33.3,3682.0,1457.0,1086.0,0,376
20:13:25,D4_D1eD2,36.54,33.9,3682.0,1457.0,1086.0,0,377
20:13:26,D4_D1eD2,36.56,32.5,3682.0,1457.0,1086.0,0,378
20:13:26,D4_D1eD2,36.53,32.9,3682.0,1457.0,1086.0,0,379
20:13:27,D4_D1eD2,36.56,33.5,3682.0,1457.0,1086.0,0,380
20:13:28,D4_D1eD2,36.54,32.6,3682.0,1457.0,1086.0,0,381
20:13:28,D4_D1eD2,36.53,33.0,3682.0,1457.0,1086.0,0,382
20:13:29,D4_D1eD2,36.58,32.4,3682.0,1457.0,1086.0,0,383
20:13:29,D4_D1eD2,36.54,32.2,3682.0,1457.0,1086.0,0,384
20:13:30,D4_D1eD2,36.55,33.6,3682.0,1459.0,1086.0,0,385
20:13:30,D4_D1eD2,36.57,33.1,3682.0,1459.0,1086.0,0,386
20:13:31,D4_D1eD2,36.49,31.5,3682.0,1459.0,1086.0,0,387
20:13:31,D4_D1eD2,36.49,33.3,3682.0,1459.0,1086.0,0,388
20:13:32,D4_D1eD2,36.53,33.7,3682.0,1459.0,1086.0,0,389
20:13:32,D4_D1eD2,36.49,33.1,3682.0,1459.0,1086.0,0,390
20:13:33,D4_D1eD2,36.53,32.2,3682.0,1459.0,1086.0,0,391
20:13:33,D4_D1eD2,36.7,33.1,3682.0,1459.0,1086.0,0,392
20:13:34,D4_D1eD2,36.55,32.3,3682.0,1459.0,1086.0,0,393
20:13:34,D4_D1eD2,36.59,32.8,3682.0,1459.0,1086.0,0,394
20:13:35,D4_D1eD2,36.56,32.6,3684.0,1457.0,1085.0,0,395
20:13:35,D4_D1eD2,36.52,32.5,3681.0,1456.0,1086.0,0,396
20:13:36,D4_D1eD2,36.54,33.7,3681.0,1456.0,1086.0,0,397
20:13:36,D4_D1eD2,36.56,32.9,3681.0,1456.0,1086.0,0,398
20:13:37,D4_D1eD2,36.57,33.2,3685.0,1456.0,1085.0,0,399
20:13:37,D4_D1eD2,36.53,33.1,3685.0,1456.0,1085.0,0,400
20:13:38,D4_D1eD2,36.61,32.9,3685.0,1456.0,1085.0,0,401
20:13:38,D4_D1eD2,36.54,32.5,3685.0,1456.0,1085.0,0,402
20:13:39,D4_D1eD2,36.53,32.8,3685.0,1456.0,1085.0,0,403
20:13:40,D4_D1eD2,36.52,33.6,3685.0,1456.0,1085.0,0,404
20:13:40,D4_D1eD2,36.56,33.0,3683.0,1457.0,1085.0,0,405
20:13:41,D4_D1eD2,36.6,32.8,3683.0,1457.0,1085.0,0,406
20:13:41,D4_D1eD2,36.57,32.8,3683.0,1457.0,1085.0,0,407
20:13:42,D4_D1eD2,36.64,32.5,3683.0,1457.0,1085.0,0,408
20:13:42,D4_D1eD2,36.56,33.2,3683.0,1457.0,1085.0,0,409
20:13:43,D4_D1eD2,36.53,33.3,3683.0,1457.0,1085.0,0,410
20:13:43,D4_D1eD2,36.6,32.9,3683.0,1457.0,1085.0,0,411
20:13:44,D4_D1eD2,36.54,33.2,3683.0,1456.0,1086.0,0,412
20:13:44,D4_D1eD2,36.57,32.9,3683.0,1456.0,1086.0,0,413
20:13:45,D4_D1eD2,36.59,32.7,3683.0,1456.0,1086.0,0,414
20:13:45,D4_D1eD2,36.53,32.8,3683.0,1456.0,1086.0,0,415
20:13:46,D4_D1eD2,36.46,32.5,3683.0,1456.0,1086.0,0,416
20:13:46,D4_D1eD2,36.53,32.9,3683.0,1456.0,1086.0,0,417
20:13:47,D4_D1eD2,36.55,33.5,3681.0,1457.0,1084.0,0,418
20:13:47,D4_D1eD2,36.4,33.3,3681.0,1457.0,1084.0,0,419
20:13:48,D4_D1eD2,36.61,32.9,3681.0,1457.0,1084.0,0,420
20:13:48,D4_D1eD2,36.62,33.4,3681.0,1457.0,1084.0,0,421
20:13:49,D4_D1eD2,36.5,34.1,3681.0,1457.0,1084.0,0,422
20:13:49,D4_D1eD2,36.54,33.8,3681.0,1457.0,1084.0,0,423
20:13:50,D4_D1eD2,36.47,32.7,3681.0,1457.0,1084.0,0,424
20:13:50,D4_D1eD2,36.47,33.0,3681.0,1457.0,1084.0,0,425
20:13:51,D4_D1eD2,36.47,32.8,3681.0,1457.0,1084.0,0,426
20:13:51,D4_D1eD2,36.45,33.1,3684.0,1456.0,1083.0,0,427
20:13:52,D4_D1eD2,36.5,32.8,3684.0,1456.0,1083.0,0,428
20:13:53,D4_D1eD2,36.64,33.0,3684.0,1456.0,1083.0,0,429
20:13:53,D4_D1eD2,36.46,33.1,3683.0,1455.0,1085.0,0,430
20:13:54,D4_D1eD2,36.52,33.1,3683.0,1459.0,1086.0,0,431
20:13:54,D4_D1eD2,36.5,31.9,3683.0,1459.0,1086.0,0,432
20:13:55,D4_D1eD2,36.53,33.0,3683.0,1459.0,1086.0,0,433
20:13:55,D4_D1eD2,36.56,32.5,3683.0,1459.0,1086.0,0,434
20:13:56,D4_D1eD2,36.58,33.1,3683.0,1459.0,1086.0,0,435
20:13:56,D4_D1eD2,36.56,32.4,3685.0,1459.0,1086.0,0,436
20:13:57,D4_D1eD2,36.53,32.1,3685.0,1459.0,1086.0,0,437
20:13:57,D4_D1eD2,36.49,33.6,3685.0,1459.0,1086.0,0,438
20:13:58,D4_D1eD2,36.51,33.9,3685.0,1459.0,1086.0,0,439
20:13:58,D4_D1eD2,36.51,33.7,3685.0,1459.0,1086.0,0,440
20:13:59,D4_D1eD2,36.53,33.4,3685.0,1459.0,1086.0,0,441
20:13:59,D4_D1eD2,36.46,33.5,3685.0,1459.0,1086.0,0,442
20:14:00,D4_D1eD2,36.48,32.9,3685.0,1459.0,1086.0,0,443
20:14:00,D4_D1eD2,36.61,32.7,3685.0,1459.0,1086.0,0,444
20:14:01,D4_D1eD2,36.59,33.8,3685.0,1459.0,1086.0,0,445
20:14:01,D4_D1eD2,36.55,32.6,3686.0,1456.0,1086.0,0,446
20:14:02,D4_D1eD2,36.57,33.0,3686.0,1456.0,1086.0,0,447
20:14:02,D4_D1eD2,36.52,32.9,3686.0,1456.0,1086.0,0,448
20:14:03,D4_D1eD2,36.57,32.8,3686.0,1456.0,1086.0,0,449
20:14:04,D4_D1eD2,36.56,32.2,3686.0,1456.0,1086.0,0,450
20:14:04,D4_D1eD2,36.63,34.1,3686.0,1456.0,1086.0,0,451
20:14:05,D4_D1eD2,36.51,32.6,3686.0,1456.0,1086.0,0,452
20:14:05,D4_D1eD2,36.44,33.4,3686.0,1456.0,1086.0,0,453
20:14:06,D4_D1eD2,36.49,31.7,3686.0,1456.0,1086.0,0,454
20:14:07,D4_D1eD2,36.48,33.2,3686.0,1456.0,1086.0,0,455
20:14:07,D4_D1eD2,36.46,33.1,3686.0,1456.0,1086.0,0,456
20:14:08,D4_D1eD2,36.56,32.8,3682.0,1456.0,1085.0,0,457
20:14:08,D4_D1eD2,36.52,33.2,3682.0,1456.0,1085.0,0,458
20:14:09,D4_D1eD2,36.45,33.6,3682.0,1456.0,1085.0,0,459
20:14:09,D4_D1eD2,36.61,31.9,3682.0,1456.0,1085.0,0,460
20:14:10,D4_D1eD2,36.54,33.1,3682.0,1456.0,1085.0,0,461
20:14:10,D4_D1eD2,36.54,32.9,3682.0,1456.0,1085.0,0,462
20:14:11,D4_D1eD2,36.57,31.5,3682.0,1456.0,1085.0,0,463
20:14:11,D4_D1eD2,36.52,33.6,3682.0,1456.0,1085.0,0,464
20:14:12,D4_D1eD2,36.49,32.3,3682.0,1456.0,1085.0,0,465
20:14:13,D4_D1eD2,36.57,33.4,3682.0,1456.0,1085.0,0,466
20:14:13,D4_D1eD2,36.58,33.4,3682.0,1456.0,1085.0,0,467
20:14:14,D4_D1eD2,36.59,33.0,3684.0,1460.0,1081.0,0,468
20:14:14,D4_D1eD2,36.51,32.9,3684.0,1460.0,1081.0,0,469
20:14:15,D4_D1eD2,36.55,33.0,3684.0,1460.0,1081.0,0,470
20:14:15,D4_D1eD2,36.46,32.6,3684.0,1460.0,1081.0,0,471
20:14:16,D4_D1eD2,36.53,32.9,3684.0,1460.0,1081.0,0,472
20:14:17,D4_D1eD2,36.54,33.1,3684.0,1460.0,1081.0,0,473
20:14:17,D4_D1eD2,36.55,33.9,3684.0,1460.0,1081.0,0,474
20:14:18,D4_D1eD2,36.58,32.5,3684.0,1460.0,1081.0,0,475
20:14:18,D4_D1eD2,36.68,33.2,3684.0,1460.0,1081.0,0,476
20:14:19,D4_D1eD2,36.51,32.8,3684.0,1460.0,1081.0,0,477
20:14:19,D4_D1eD2,36.6,33.0,3684.0,1460.0,1081.0,0,478
20:14:20,D4_D1eD2,36.58,32.6,3684.0,1460.0,1081.0,0,479
20:14:20,D4_D1eD2,36.5,32.8,3684.0,1460.0,1081.0,0,480
20:14:21,D4_D1eD2,36.58,32.9,3684.0,1460.0,1081.0,0,481
20:14:21,D4_D1eD2,36.51,31.8,3684.0,1460.0,1081.0,0,482
20:14:22,D4_D1eD2,36.59,33.6,3684.0,1460.0,1081.0,0,483
20:14:22,D4_D1eD2,36.52,33.3,3684.0,1460.0,1081.0,0,484
20:14:23,D4_D1eD2,36.54,33.3,3684.0,1460.0,1081.0,0,485
20:14:23,D4_D1eD2,36.48,32.7,3685.0,1459.0,1084.0,0,486
20:14:24,D4_D1eD2,36.56,33.2,3685.0,1459.0,1084.0,0,487
20:14:24,D4_D1eD2,36.54,33.3,3685.0,1459.0,1084.0,0,488
20:14:25,D4_D1eD2,36.56,32.5,3685.0,1459.0,1084.0,0,489
20:14:25,D4_D1eD2,36.62,32.5,3685.0,1459.0,1084.0,0,490
20:14:26,D4_D1eD2,36.51,32.9,3684.0,1452.0,1084.0,0,491
20:14:26,D4_D1eD2,36.51,32.9,3682.0,1456.0,1083.0,0,492
20:14:27,D4_D1eD2,36.66,33.4,3682.0,1456.0,1083.0,0,493
20:14:27,D4_D1eD2,36.57,32.4,3683.0,1457.0,1085.0,0,494
20:14:28,D4_D1eD2,36.56,33.0,3683.0,1457.0,1085.0,0,495
20:14:28,D4_D1eD2,36.51,33.1,3683.0,1457.0,1085.0,0,496
20:14:29,D4_D1eD2,36.55,33.0,3683.0,1455.0,1086.0,0,497
20:14:29,D4_D1eD2,36.61,32.2,3683.0,1455.0,1086.0,0,498
20:14:30,D4_D1eD2,36.53,33.8,3683.0,1455.0,1086.0,0,499
20:14:31,D4_D1eD2,36.51,32.8,3683.0,1455.0,1086.0,0,500
20:14:31,D4_D1eD2,36.48,33.1,3683.0,1455.0,1086.0,0,501
20:14:32,D4_D1eD2,36.49,32.6,3684.0,1459.0,1081.0,0,502
20:14:32,D4_D1eD2,36.59,33.0,3684.0,1459.0,1081.0,0,503
20:14:33,D4_D1eD2,36.64,32.2,3682.0,1455.0,1084.0,0,504
20:14:33,D4_D1eD2,36.53,32.8,3682.0,1455.0,1084.0,0,505
20:14:34,D4_D1eD2,36.62,32.3,3682.0,1455.0,1084.0,0,506
20:14:34,D4_D1eD2,36.46,33.2,3682.0,1455.0,1084.0,0,507
20:14:35,D4_D1eD2,36.51,33.2,3682.0,1455.0,1084.0,0,508
20:14:35,D4_D1eD2,36.63,32.9,3682.0,1455.0,1084.0,0,509
20:14:36,D4_D1eD2,36.56,33.7,3682.0,1455.0,1084.0,0,510
20:14:36,D4_D1eD2,36.48,33.3,3682.0,1455.0,1084.0,0,511
20:14:37,D4_D1eD2,36.55,32.8,3682.0,1455.0,1084.0,0,512
20:14:37,D4_D1eD2,36.52,32.7,3682.0,1455.0,1084.0,0,513
20:14:38,D4_D1eD2,36.61,33.7,3682.0,1455.0,1084.0,0,514
20:14:38,D4_D1eD2,36.51,33.4,3683.0,1456.0,1085.0,0,515
20:14:39,D4_D1eD2,36.58,33.0,3683.0,1456.0,1085.0,0,516
20:14:39,D4_D1eD2,36.55,33.3,3683.0,1456.0,1085.0,0,517
20:14:40,D4_D1eD2,36.55,32.6,3683.0,1456.0,1085.0,0,518
20:14:40,D4_D1eD2,36.53,33.8,3683.0,1456.0,1085.0,0,519
20:14:41,D4_D1eD2,36.56,33.4,3683.0,1456.0,1085.0,0,520
20:14:41,D4_D1eD2,36.56,33.2,3683.0,1456.0,1085.0,0,521
20:14:42,D4_D1eD2,36.6,32.1,3683.0,1456.0,1085.0,0,522
20:14:42,D4_D1eD2,36.56,32.8,3683.0,1456.0,1085.0,0,523
20:14:43,D4_D1eD2,36.49,33.3,3683.0,1456.0,1085.0,0,524
20:14:43,D4_D1eD2,36.45,32.7,3683.0,1456.0,1085.0,0,525
20:14:44,D4_D1eD2,36.56,33.4,3684.0,1456.0,1085.0,0,526
20:14:44,D4_D1eD2,36.63,33.5,3684.0,1456.0,1085.0,0,527
20:14:45,D4_D1eD2,36.57,33.2,3684.0,1456.0,1085.0,0,528
20:14:45,D4_D1eD2,36.59,32.5,3684.0,1456.0,1085.0,0,529
20:14:46,D4_D1eD2,36.7,33.3,3684.0,1456.0,1085.0,0,530
20:14:47,D4_D1eD2,36.52,33.9,3684.0,1456.0,1085.0,0,531
20:14:47,D4_D1eD2,36.56,33.4,3682.0,1454.0,1084.0,0,532
20:14:48,D4_D1eD2,36.56,33.4,3682.0,1454.0,1084.0,0,533
20:14:48,D4_D1eD2,36.57,32.5,3682.0,1454.0,1084.0,0,534
20:14:49,D4_D1eD2,36.53,33.0,3682.0,1454.0,1084.0,0,535
20:14:49,D4_D1eD2,36.57,33.3,3685.0,1454.0,1083.0,0,536
20:14:50,D4_D1eD2,36.57,33.2,3685.0,1454.0,1083.0,0,537
20:14:50,D4_D1eD2,36.59,32.8,3685.0,1454.0,1083.0,0,538
20:14:51,D4_D1eD2,36.59,33.3,3685.0,1454.0,1083.0,0,539
20:14:51,D4_D1eD2,36.55,32.8,3685.0,1454.0,1083.0,0,540
20:14:52,D4_D1eD2,36.49,32.3,3685.0,1454.0,1083.0,0,541
20:14:52,D4_D1eD2,36.62,32.7,3685.0,1454.0,1083.0,0,542
20:14:53,D4_D1eD2,36.53,32.7,3685.0,1454.0,1083.0,0,543
20:14:53,D4_D1eD2,36.61,32.8,3685.0,1454.0,1083.0,0,544
20:14:54,D4_D1eD2,36.49,32.5,3685.0,1454.0,1083.0,0,545
20:14:54,D4_D1eD2,36.5,32.9,3685.0,1454.0,1083.0,0,546
20:14:55,D4_D1eD2,36.45,32.5,3685.0,1454.0,1083.0,0,547
20:14:55,D4_D1eD2,36.47,32.5,3685.0,1454.0,1083.0,0,548
20:14:56,D4_D1eD2,36.5,33.1,3685.0,1454.0,1083.0,0,549
20:14:56,D4_D1eD2,36.61,32.4,3685.0,1454.0,1083.0,0,550
20:14:57,D4_D1eD2,36.58,33.8,3685.0,1454.0,1083.0,0,551
20:14:57,D4_D1eD2,36.55,33.3,3685.0,1454.0,1083.0,0,552
20:14:58,D4_D1eD2,36.59,33.6,3685.0,1454.0,1083.0,0,553
20:14:59,D4_D1eD2,36.57,33.3,3683.0,1454.0,1085.0,0,554
20:14:59,D4_D1eD2,36.57,32.5,3683.0,1454.0,1085.0,0,555
20:15:00,D4_D1eD2,36.52,32.9,3683.0,1454.0,1085.0,0,556
20:15:00,D4_D1eD2,36.63,33.7,3683.0,1454.0,1085.0,0,557
20:15:01,D4_D1eD2,36.55,33.1,3683.0,1454.0,1085.0,0,558
