Timestamp,Scenario,Temp,Hum,AccX_RMS,AccY_RMS,AccZ_RMS
2026-04-01 21:52:15,D0,25.31,51.0,2364.0124280553177,2702.7955231574583,1977.085025991548
2026-04-01 21:52:16,D0,25.32,51.0,2345.288214697716,2711.2370313198367,1987.7667041179657
2026-04-01 21:52:17,D0,25.32,51.0,2327.918430701557,2719.219005523461,1998.2052422111199
2026-04-01 21:52:18,D0,25.32,51.0,2309.452361491789,2727.601437160495,2007.8979730056008
2026-04-01 21:52:19,D0,25.34,50.0,2291.250691216481,2735.2504437436805,2018.4829625240834
2026-04-01 21:52:20,D0,25.34,50.0,2266.420583210451,2743.1986730822105,2029.704530221086
2026-04-01 21:52:21,D0,25.34,50.0,2272.180571609572,2735.0964315723863,2033.8314187759024
2026-04-01 21:52:22,D0,25.35,50.0,2282.722611269271,2714.8628768319036,2037.9792736924485
2026-04-01 21:52:23,D0,25.35,50.0,2294.305149713089,2717.8173135808815,2011.4433449640087
2026-04-01 21:52:24,D0,25.35,50.0,2292.9537544398927,2715.7720357202297,2014.4138254092677
2026-04-01 21:52:25,D0,25.36,50.0,2294.7757624656924,2713.3279915999833,2015.3101647141068
2026-04-01 21:52:26,D0,25.36,50.0,2297.9341918340483,2708.8463946853835,2017.9905500274276
2026-04-01 21:52:27,D0,25.36,50.0,2300.2876559247975,2704.7681065111665,2020.8060817406504
2026-04-01 21:52:28,D0,25.36,50.0,2302.866316137348,2700.564391011627,2023.5569623808467
2026-04-01 21:52:29,D0,25.36,50.0,2305.7709491621235,2695.9242626602104,2026.524806164484
2026-04-01 21:52:30,D0,25.36,50.0,2308.6907696787807,2691.360271312631,2029.3375865045225
2026-04-01 21:52:31,D0,25.36,50.0,2310.462109622229,2687.723959040437,2032.2503881165824
2026-04-01 21:52:32,D0,25.36,50.0,2313.28261135556,2683.2290323414436,2035.1876473681732
2026-04-01 21:52:33,D0,25.36,50.0,2314.2506886679325,2680.0167518133167,2038.1937493771293
2026-04-01 21:52:34,D0,25.36,50.0,2316.0482399984676,2676.5196337781645,2041.0732740399105
2026-04-01 21:52:35,D0,25.37,50.0,2318.9403183350796,2671.8874938889176,2043.9874412530035
2026-04-01 21:52:36,D0,25.37,50.0,2321.8086829021895,2667.1933919384246,2046.8018125846968
2026-04-01 21:52:37,D0,25.37,50.0,2324.200522760461,2662.727398739871,2049.7375197814963
2026-04-01 21:52:38,D0,25.38,50.0,2327.0185259253954,2658.0198588422923,2052.651227071954
2026-04-01 21:52:39,D0,25.38,50.0,2330.236247679621,2653.1199558255935,2055.5239210478676
2026-04-01 21:52:40,D0,25.38,50.0,2333.4662457383006,2648.4410924164426,2058.1241361978146
2026-04-01 21:52:41,D0,25.39,51.0,2335.9418421698774,2644.200898192117,2060.984849531893
2026-04-01 21:52:42,D0,25.39,51.0,2339.1923392487415,2639.239896258012,2063.8518721071046
2026-04-01 21:52:43,D0,25.39,51.0,2342.897242731742,2634.043993558194,2066.379052836144
2026-04-01 21:52:44,D0,25.4,51.0,2345.949121357921,2629.325959252675,2069.003779600221
2026-04-01 21:52:45,D0,25.4,51.0,2349.2681754112277,2624.131713538785,2071.852465789975
2026-04-01 21:52:46,D0,25.4,51.0,2353.0625129817527,2618.6806239020443,2074.515808568351
2026-04-01 21:52:47,D0,25.41,51.0,2356.2487962861646,2613.665024443645,2077.2567101829277
2026-04-01 21:52:48,D0,25.41,51.0,2359.462224745291,2608.5436722431923,2080.1289767704307
2026-04-01 21:52:49,D0,25.41,51.0,2363.002452389756,2603.277968254639,2082.861433221135
2026-04-01 21:52:50,D0,25.41,51.0,2366.2836326188794,2598.111504535554,2085.5891230057755
2026-04-01 21:52:51,D0,25.41,51.0,2369.3207001163855,2593.198897115298,2088.3558868162295
2026-04-01 21:52:52,D0,25.41,51.0,2372.8356348470493,2587.72937727267,2091.194010607337
2026-04-01 21:52:53,D0,25.41,51.0,2376.0401154020947,2582.581309465396,2093.8321040618325
2026-04-01 21:52:54,D0,25.41,50.0,2378.7226130845943,2578.0854659999154,2096.440151781109
2026-04-01 21:52:55,D0,25.41,50.0,2382.1232923591506,2572.874017514266,2099.070313257753
2026-04-01 21:52:56,D0,25.41,50.0,2385.0797533835216,2568.1369570176744,2101.7791939211884
2026-04-01 21:52:57,D0,25.41,50.0,2387.5199014877344,2563.704600768193,2104.48968398517
2026-04-01 21:52:58,D0,25.41,50.0,2390.207867529517,2558.7621382223083,2107.2171482787435
2026-04-01 21:52:59,D0,25.41,50.0,2392.6747146237826,2553.841986106423,2110.166325198087
2026-04-01 21:53:00,D0,25.42,50.0,2393.5498511624946,2550.261629715665,2113.36501343237
2026-04-01 21:53:01,D0,25.42,50.0,2394.7461243313455,2546.751697751471,2116.3859005389354
2026-04-01 21:53:02,D0,25.42,50.0,2397.02275333381,2542.429676510247,2118.440499518455
2026-04-01 21:53:03,D0,25.43,50.0,2398.9968403480652,2538.2839045307755,2121.2745579014518
2026-04-01 21:53:04,D0,25.43,50.0,2400.8077703139834,2534.219860233125,2124.334507557602
2026-04-01 21:53:05,D0,25.43,50.0,2402.6230228648024,2530.0004999999505,2127.3268507683533
2026-04-01 21:53:06,D0,25.45,50.0,2405.3401173222883,2526.2478362187667,2130.2317150958015
2026-04-01 21:53:07,D0,25.45,50.0,2407.3244982760425,2521.7570382572544,2133.3806950471826
2026-04-01 21:53:08,D0,25.45,50.0,2409.260266139796,2517.606673013082,2136.2091002521265
2026-04-01 21:53:09,D0,25.46,50.0,2411.4595227786845,2512.94105979428,2139.311368174348
2026-04-01 21:53:10,D0,25.46,50.0,2414.1558586802134,2507.7385270398504,2142.499327887876
2026-04-01 21:53:11,D0,25.46,50.0,2416.861150335286,2502.661589188598,2145.5132486190805
2026-04-01 21:53:12,D0,25.47,50.0,2418.6919460733316,2498.36246369497,2148.474563498484
2026-04-01 21:53:13,D0,25.47,50.0,2421.9776898229265,2492.260485984561,2151.8536660284312
2026-04-01 21:53:14,D0,25.47,50.0,2426.7167139985663,2486.5568423022223,2153.4808566597476
2026-04-01 21:53:15,D0,25.48,50.0,2429.7387452152134,2483.9773368531364,2153.5966474713873
2026-04-01 21:53:16,D0,25.48,50.0,2432.2944003553516,2479.992058455027,2155.4984852697066
2026-04-01 21:53:17,D0,25.48,50.0,2436.5300839513557,2474.7357293254568,2157.134979550422
2026-04-01 21:53:18,D0,25.48,50.0,2436.03575712673,2474.2059514114826,2158.3174743304103
2026-04-01 21:53:19,D0,25.49,50.0,2436.4511507518473,2475.643698111665,2155.3026539212538
2026-04-01 21:53:20,D0,25.49,50.0,2438.6213154157413,2475.135123584165,2153.6071275885024
2026-04-01 21:53:21,D0,25.49,50.0,2441.4774481858317,2476.693483255447,2148.880906425482
2026-04-01 21:53:22,D0,25.49,50.0,2444.7436941323726,2478.073332248261,2143.947580982334
2026-04-01 21:53:23,D0,25.49,50.0,2449.251626517782,2477.3048823267595,2139.9257066543223
2026-04-01 21:53:24,D0,25.49,50.0,2453.722317215214,2477.2756063869842,2136.090307079736
2026-04-01 21:53:25,D0,25.51,50.0,2457.100512799588,2478.2314137303642,2131.118626449499
2026-04-01 21:53:26,D0,25.51,50.0,2458.9129569791608,2479.0966782277774,2128.126154625237
2026-04-01 21:53:27,D0,25.51,50.0,2459.475311931388,2482.154594299074,2124.72834263583
2026-04-01 21:53:28,D0,25.52,50.0,2458.9748961711666,2485.0200622932603,2121.9279064096404
2026-04-01 21:53:29,D0,25.52,50.0,2457.793052720265,2486.161843082626,2122.073912473362
2026-04-01 21:53:30,D0,25.52,50.0,2459.893487531523,2485.0003541247233,2121.2779379421263
2026-04-01 21:53:31,D0,25.53,50.0,2461.617900893638,2483.9196444329677,2120.4461228713167
2026-04-01 21:53:32,D0,25.53,50.0,2462.7880420369106,2483.3473800497586,2119.689014926482
2026-04-01 21:53:33,D0,25.53,50.0,2464.4907912183403,2482.5071117722905,2118.7123447981326
2026-04-01 21:53:34,D0,25.53,50.0,2466.147209718025,2481.703509688456,2117.8349510762164
2026-04-01 21:53:35,D0,25.53,50.0,2467.424661463851,2480.991195067004,2117.0445555065676
2026-04-01 21:53:36,D0,25.53,50.0,2468.9543981207917,2480.154775412212,2116.256104539335
2026-04-01 21:53:37,D0,25.53,50.0,2470.5550267095855,2479.263380522529,2115.439533524889
2026-04-01 21:53:38,D0,25.53,50.0,2471.7447562400125,2478.6573200021016,2114.820157838486
2026-04-01 21:53:39,D0,25.53,50.0,2472.728454561883,2478.1936869421647,2114.131128856486
2026-04-01 21:53:40,D0,25.54,50.0,2474.225521249023,2477.370480973728,2113.3641333191968
2026-04-01 21:53:41,D0,25.54,50.0,2475.7140343747296,2476.4679081304484,2112.64617955776
2026-04-01 21:53:42,D0,25.54,50.0,2476.9620647074917,2475.8371796222787,2111.9970478199066
2026-04-01 21:53:43,D0,25.54,50.0,2478.1546582084015,2475.160338240737,2111.390859125804
2026-04-01 21:53:44,D0,25.54,50.0,2478.943904165643,2474.816488146141,2110.9656818622134
2026-04-01 21:53:45,D0,25.54,50.0,2479.4101738115055,2474.725297886616,2110.6883119020677
2026-04-01 21:53:46,D0,25.54,50.0,2479.7780727315094,2474.8726128833378,2110.1517457282544
2026-04-01 21:53:47,D0,25.55,50.0,2481.6234867521703,2474.8237917071997,2109.304254961811
2026-04-01 21:53:48,D0,25.55,50.0,2482.5983102386904,2474.5832780490537,2108.5333125184434
2026-04-01 21:53:49,D0,25.55,50.0,2482.9121490701195,2474.7616289250973,2108.005768493056
2026-04-01 21:53:50,D0,25.56,50.0,2483.789689164523,2474.4269316348787,2107.3702285075587
2026-04-01 21:53:51,D0,25.56,50.0,2485.0232010989353,2473.9394434787605,2106.5478774525873
2026-04-01 21:53:52,D0,25.56,50.0,2486.114860580661,2475.5325669439294,2103.9463990320664
2026-04-01 21:53:53,D0,25.56,50.0,2486.8684042385516,2475.688714277302,2102.827895953447
2026-04-01 21:53:54,D0,25.56,50.0,2488.3167443072834,2475.0563084503756,2101.7904533991964
2026-04-01 21:53:55,D0,25.56,50.0,2488.656131328714,2475.524069767854,2100.770734754271
2026-04-01 21:53:56,D0,25.57,50.0,2489.706918494625,2475.4257855972983,2099.640178697293
2026-04-01 21:53:57,D0,25.57,50.0,2491.523545945332,2474.501972114793,2098.539580279581
2026-04-01 21:53:58,D0,25.57,50.0,2492.0265307576483,2474.823567448799,2097.5596630370255
2026-04-01 21:53:59,D0,25.57,50.0,2492.759491005901,2474.764047338655,2096.82537899559
2026-04-01 21:54:00,D0,25.57,50.0,2494.187763581563,2474.13062913016,2095.9212461349784
2026-04-01 21:54:01,D0,25.57,50.0,2494.9889679114817,2473.9899534961737,2095.1853426367798
2026-04-01 21:54:02,D0,25.57,50.0,2495.7672868278405,2473.890153179805,2094.420191843079
2026-04-01 21:54:03,D0,25.57,50.0,2496.917177240767,2473.3559650806433,2093.67879580417
2026-04-01 21:54:04,D0,25.57,50.0,2498.117873519983,2472.5967079165985,2093.045142848094
2026-04-01 21:54:05,D0,25.57,50.0,2498.850621785944,2472.476394225029,2092.369766556571
2026-04-01 21:54:06,D0,25.57,50.0,2500.0089359840294,2471.922102332515,2091.636801646022
2026-04-01 21:54:07,D0,25.57,50.0,2500.826017539005,2471.598446350054,2091.0736835415437
2026-04-01 21:54:08,D0,25.57,50.0,2501.7937504918345,2471.165641959276,2090.418474851387
2026-04-01 21:54:09,D0,25.58,50.0,2503.009117042924,2470.5905427650287,2089.6953940706285
2026-04-01 21:54:10,D0,25.58,50.0,2503.38665810937,2470.7207450458664,2089.141687392217
2026-04-01 21:54:11,D0,25.58,50.0,2504.7536325954293,2469.824098999765,2088.5373326804574
2026-04-01 21:54:12,D0,25.58,50.0,2506.1139399476633,2468.915893666692,2087.8748693348457
2026-04-01 21:54:13,D0,25.58,50.0,2507.021737041783,2468.4763742033265,2087.231666586151
2026-04-01 21:54:14,D0,25.58,50.0,2508.099557433875,2467.8977572014605,2086.6687015432035
2026-04-01 21:54:15,D0,25.6,50.0,2509.4866247900186,2467.0288020207627,2086.015848453698
2026-04-01 21:54:16,D0,25.6,50.0,2510.637741690346,2466.4830954214954,2085.3720723170723
2026-04-01 21:54:17,D0,25.6,50.0,2511.3138712634072,2466.321110480142,2084.857330850243
2026-04-01 21:54:18,D0,25.61,50.0,2512.4480253330617,2465.70061037426,2084.2032866301693
2026-04-01 21:54:19,D0,25.61,50.0,2513.583189393182,2465.075692549825,2083.580874360292
2026-04-01 21:54:20,D0,25.61,50.0,2513.9009308244426,2465.0455411614607,2083.1996687787755
2026-04-01 21:54:21,D0,25.61,50.0,2515.170904729935,2464.1845446313473,2082.6471400599767
2026-04-01 21:54:22,D0,25.61,50.0,2516.225413193341,2463.510022305572,2082.0942005586585
2026-04-01 21:54:23,D0,25.61,50.0,2515.9847555182046,2463.8486865065393,2081.8839472938926
2026-04-01 21:54:24,D0,25.62,50.0,2516.4705243654257,2463.728091734151,2081.4722097592366
2026-04-01 21:54:25,D0,25.62,50.0,2517.4066437506676,2463.2826593795526,2080.950013815805
2026-04-01 21:54:26,D0,25.62,50.0,2517.266217546329,2463.7889256184267,2080.5777490879786
2026-04-01 21:54:27,D0,25.63,50.0,2517.464917332514,2463.9192235136284,2080.2063070762956
2026-04-01 21:54:28,D0,25.63,50.0,2518.467313665198,2463.323027944163,2079.6441330189164
2026-04-01 21:54:29,D0,25.63,50.0,2518.6174898146005,2463.332988046886,2079.4031547537866
2026-04-01 21:54:30,D0,25.63,50.0,2518.945880720743,2463.5230707261503,2078.919729090087
2026-04-01 21:54:31,D0,25.63,50.0,2520.1330282348194,2462.784018138822,2078.477548591757
2026-04-01 21:54:32,D0,25.63,50.0,2520.9497634820095,2462.348586207891,2078.076639587674
2026-04-01 21:54:33,D0,25.63,50.0,2521.87763977557,2461.8040762822698,2077.6355503311934
2026-04-01 21:54:34,D0,25.64,50.0,2522.632145200723,2461.2446973025662,2077.424542552629
2026-04-01 21:54:35,D0,25.64,50.0,2523.4050388314595,2460.787317099956,2077.0133027980346
2026-04-01 21:54:36,D0,25.64,50.0,2524.6045611144727,2459.891465085401,2076.6013892897213
2026-04-01 21:54:37,D0,25.64,50.0,2525.400853330021,2459.5132221640933,2076.1474610441333
2026-04-01 21:54:38,D0,25.64,50.0,2526.5484657928096,2458.7693527453935,2075.664433380309
2026-04-01 21:54:39,D0,25.64,50.0,2527.758631673523,2458.0226768685434,2075.1623647319743
2026-04-01 21:54:40,D0,25.64,50.0,2528.9819829330536,2456.9363504169173,2074.9414160404626
2026-04-01 21:54:41,D0,25.64,50.0,2530.5240386133464,2455.6194493447065,2074.5899426151664
2026-04-01 21:54:42,D0,25.64,50.0,2531.875871759909,2454.616238844679,2074.259135209485
2026-04-01 21:54:43,D0,25.64,50.0,2533.0519655151174,2453.5809687067594,2074.0183412882348
2026-04-01 21:54:44,D0,25.64,50.0,2534.273840767805,2452.5843104774194,2073.767183171727
2026-04-01 21:54:45,D0,25.64,50.0,2535.908243608195,2451.1966485779963,2073.4060697316386
2026-04-01 21:54:46,D0,25.65,50.0,2536.718443185999,2450.581269821509,2073.084718481133
2026-04-01 21:54:47,D0,25.65,50.0,2537.712225607939,2449.856120265025,2072.8032251036275
2026-04-01 21:54:48,D0,25.65,50.0,2539.5068241688186,2448.352615535597,2072.4520645843654
2026-04-01 21:54:49,D0,25.65,50.0,2540.5969180489847,2447.5318424894904,2072.0895057887824
2026-04-01 21:54:50,D0,25.65,50.0,2541.4001377193636,2447.0237268976366,2071.7069194265873
2026-04-01 21:54:51,D0,25.65,50.0,2542.551934572822,2446.2818071514166,2071.2640488358793
2026-04-01 21:54:52,D0,25.65,50.0,2544.2565888683475,2444.811510116884,2070.9126273215875
2026-04-01 21:54:53,D0,25.65,50.0,2544.2270221031768,2445.34246885789,2070.405542399846
2026-04-01 21:54:54,D0,25.65,50.0,2543.8707691233058,2445.4017727154774,2070.6329853453026
2026-04-01 21:54:55,D0,25.65,50.0,2544.8095351125985,2444.6319354864036,2070.372922929587
2026-04-01 21:54:56,D0,25.65,50.0,2544.1211527755513,2445.353115605188,2070.3328911071285
2026-04-01 21:54:57,D0,25.65,50.0,2543.999599056572,2445.66781472873,2070.0417266325817
2026-04-01 21:54:58,D0,25.65,50.0,2545.077248336482,2444.785737033002,2069.731335222038
2026-04-01 21:54:59,D0,25.65,50.0,2544.5909710599853,2445.3186520369895,2069.5504342731056
2026-04-01 21:55:00,D0,25.65,50.0,2544.2069982609514,2445.7634922453153,2069.4503134890674
2026-04-01 21:55:01,D0,25.65,50.0,2545.125672732095,2445.123608327399,2069.180028417054
2026-04-01 21:55:02,D0,25.65,49.0,2545.066405813412,2445.2750990430504,2069.0695831701746
2026-04-01 21:55:03,D0,25.65,49.0,2544.7838670504025,2445.6313520234403,2068.9894296491707
2026-04-01 21:55:04,D0,25.65,49.0,2545.077008658088,2445.582008438891,2068.6485781785173
2026-04-01 21:55:05,D0,25.65,49.0,2545.165430772625,2445.490537704041,2068.5984603107486
2026-04-01 21:55:06,D0,25.65,49.0,2545.449137185813,2445.2927779715865,2068.38866270341
2026-04-01 21:55:07,D0,25.65,49.0,2545.776476833738,2445.1657939698075,2068.2491581045065
2026-04-01 21:55:08,D0,25.65,49.0,2546.0910804603986,2444.9626909218878,2068.1590146794806
2026-04-01 21:55:09,D0,25.65,49.0,2546.34385737669,2444.8242309008638,2068.019156100833
2026-04-01 21:55:10,D0,25.65,49.0,2546.6503961085823,2444.5791601009773,2067.8694784729523
2026-04-01 21:55:11,D0,25.65,49.0,2546.8474316299357,2444.558878407309,2067.668875811599
2026-04-01 21:55:12,D0,25.65,49.0,2547.4179613875694,2444.138938358456,2067.5089987712267
2026-04-01 21:55:13,D0,25.65,49.0,2547.7954980727945,2443.8934919509074,2067.3995283930967
2026-04-01 21:55:14,D0,25.64,50.0,2547.5143610978917,2444.1725716487367,2067.3395971634654
2026-04-01 21:55:15,D0,25.64,50.0,2548.3993113325078,2443.4495697681177,2067.1095665203625
2026-04-01 21:55:16,D0,25.64,50.0,2549.496409097295,2442.69645474013,2066.890098674818
2026-04-01 21:55:17,D0,25.65,50.0,2549.709859964463,2442.295182814723,2066.6713526828594
2026-04-01 21:55:18,D0,25.65,50.0,2551.3241620774106,2441.0510113473665,2066.1049077914704
2026-04-01 21:55:19,D0,25.65,50.0,2553.1129743902834,2439.786441473925,2065.461604581407
2026-04-01 21:55:20,D0,25.65,50.0,2553.6737673399084,2439.746863918468,2064.8503577741417
2026-04-01 21:55:21,D0,25.65,50.0,2554.919417515942,2438.950427950515,2064.2669473689684
2026-04-01 21:55:22,D0,25.65,50.0,2556.7099757305286,2437.629586298952,2063.6718804112247
2026-04-01 21:55:23,D0,25.65,50.0,2557.4417803735046,2437.579793565741,2062.8662947462203
2026-04-01 21:55:24,D0,25.66,50.0,2558.396351232545,2437.1382603373163,2062.235153904617
2026-04-01 21:55:25,D0,25.66,50.0,2560.446242356984,2435.5662709111407,2061.5419059529204
2026-04-01 21:55:26,D0,25.66,50.0,2561.4622698763296,2435.198683885978,2060.75399550747
2026-04-01 21:55:27,D0,25.65,50.0,2562.44701798886,2434.7372671399266,2060.152863260394
2026-04-01 21:55:28,D0,25.65,50.0,2564.1628594923527,2433.598448799637,2059.4700022093066
2026-04-01 21:55:29,D0,25.65,50.0,2565.436222165735,2432.9201980336306,2058.738664813968
2026-04-01 21:55:30,D0,25.66,50.0,2566.283250149913,2432.58449596309,2058.136943937405
2026-04-01 21:55:31,D0,25.66,50.0,2567.60910576357,2431.7766941065947,2057.4634869178117
2026-04-01 21:55:32,D0,25.66,50.0,2569.3928874346952,2430.550065314434,2056.7109082221546
2026-04-01 21:55:33,D0,25.67,49.0,2570.256672007681,2430.2921429326148,2055.9911502727828
2026-04-01 21:55:34,D0,25.67,49.0,2571.486138403239,2429.7228854336454,2055.3676410803005
2026-04-01 21:55:35,D0,25.67,49.0,2572.7728135224065,2428.6902169688087,2055.008024315234
2026-04-01 21:55:36,D0,25.67,50.0,2573.6760518759934,2428.7703246704905,2054.0277456743374
2026-04-01 21:55:37,D0,25.67,50.0,2574.7486032620736,2428.3080735359754,2053.238899884765
2026-04-01 21:55:38,D0,25.67,50.0,2576.5881257973692,2427.3274130203367,2052.19682779211
2026-04-01 21:55:39,D0,25.67,50.0,2578.1825614180234,2426.4153251246994,2051.239695891243
2026-04-01 21:55:40,D0,25.67,50.0,2579.40011436768,2425.7474002871777,2050.519085500059
2026-04-01 21:55:41,D0,25.67,50.0,2581.0049496271795,2425.0519664535027,2049.253242037206
2026-04-01 21:55:42,D0,25.67,49.0,2582.632211523739,2424.1932513725055,2048.1995508250657
2026-04-01 21:55:43,D0,25.67,49.0,2583.929358554525,2423.514169548014,2047.4584611170992
2026-04-01 21:55:44,D0,25.67,49.0,2585.610813715011,2422.6738554745666,2046.4311349273398
2026-04-01 21:55:45,D0,25.67,49.0,2587.254977770842,2421.93957810677,2045.2869309708112
2026-04-01 21:55:46,D0,25.68,49.0,2588.4352184283075,2422.0296344182084,2043.978148121941
2026-04-01 21:55:47,D0,25.68,49.0,2589.3912006492956,2421.59240996498,2043.328514948098
2026-04-01 21:55:48,D0,25.68,49.0,2590.504736533018,2420.8006795273336,2042.8565808690535
2026-04-01 21:55:49,D0,25.69,50.0,2591.3631239176034,2420.169004429236,2042.575719526696
2026-04-01 21:55:50,D0,25.69,50.0,2592.7544503866925,2419.1249843693486,2042.043853593747
2026-04-01 21:55:51,D0,25.69,50.0,2593.7133284154593,2418.588927453361,2041.522270267949
2026-04-01 21:55:52,D0,25.69,50.0,2594.4581534493864,2418.084165201865,2041.2013864388787
2026-04-01 21:55:53,D0,25.69,50.0,2595.366956713443,2417.6235666455605,2040.7310332329441
2026-04-01 21:55:54,D0,25.69,50.0,2596.964389436251,2416.5017421884886,2040.2695679738008
2026-04-01 21:55:55,D0,25.7,49.0,2600.3966543587153,2411.2826669637884,2040.8434114355762
2026-04-01 21:55:56,D0,25.7,49.0,2605.943086485198,2407.3142835948943,2038.8245706779187
2026-04-01 21:55:57,D0,25.7,49.0,2607.7690714478535,2408.037476867833,2037.838860165347
2026-04-01 21:55:58,D0,25.72,50.0,2606.892866997031,2410.4074365135866,2036.3172100633044
2026-04-01 21:55:59,D0,25.72,50.0,2606.9225861156674,2411.046523814918,2035.4356806344927
2026-04-01 21:56:00,D0,25.72,50.0,2608.584738895787,2410.4477737549096,2034.2018483916488
2026-04-01 21:56:01,D0,25.72,49.0,2609.811110023099,2410.164324273347,2033.0378747086834
2026-04-01 21:56:02,D0,25.72,49.0,2610.7260714215117,2410.5066749544585,2031.7293938908301
2026-04-01 21:56:03,D0,25.72,49.0,2612.570299532627,2410.1100099373057,2029.896433318705
2026-04-01 21:56:04,D0,25.73,50.0,2614.668200747468,2409.3827632819157,2028.1678973891683
2026-04-01 21:56:05,D0,25.73,50.0,2616.358339371731,2408.90617916099,2026.602136582314
2026-04-01 21:56:06,D0,25.73,50.0,2617.8241499382652,2408.6815023991862,2024.9886863881488
2026-04-01 21:56:07,D0,25.75,50.0,2619.7251974205233,2408.0721293183888,2023.4157210024835
2026-04-01 21:56:08,D0,25.75,50.0,2621.3664966959504,2407.5752075480423,2021.8682499114527
2026-04-01 21:56:09,D0,25.75,50.0,2622.9687188374933,2407.2209765619773,2020.240745554846
2026-04-01 21:56:10,D0,25.75,50.0,2623.493643979341,2407.6667045087447,2019.0368198722877
2026-04-01 21:56:11,D0,25.75,50.0,2624.9140119249623,2407.426360244483,2017.442698071001
2026-04-01 21:56:12,D0,25.75,50.0,2626.1421305786175,2407.31626297834,2015.9640472984631
2026-04-01 21:56:13,D0,25.75,50.0,2626.3102710837497,2408.2650767720734,2014.599990072471
2026-04-01 21:56:14,D0,25.75,50.0,2627.887676442812,2407.938180269585,2013.0038226491276
2026-04-01 21:56:15,D0,25.75,50.0,2629.140047620134,2407.6579242076727,2011.713098331867
2026-04-01 21:56:16,D0,25.75,50.0,2629.287838940423,2408.573204202023,2010.3523173812096
2026-04-01 21:56:17,D0,25.75,50.0,2631.78635341093,2407.2804074307587,2008.6524338471302
2026-04-01 21:56:18,D0,25.75,50.0,2633.8256832979664,2406.474572897042,2006.9759839121145
2026-04-01 21:56:19,D0,25.75,50.0,2634.0725084932646,2407.330311776928,2005.6359465266871
2026-04-01 21:56:20,D0,25.75,50.0,2635.5278427669855,2406.8893451922545,2004.227656729644
2026-04-01 21:56:21,D0,25.75,50.0,2636.56368404027,2406.7880504938526,2002.9971118301694
2026-04-01 21:56:22,D0,25.75,50.0,2636.7407039752698,2407.6447246219695,2001.6517129610736
2026-04-01 21:56:23,D0,25.75,50.0,2637.8455129139006,2407.573157766966,2000.311030814958
2026-04-01 21:56:24,D0,25.75,50.0,2640.3511035466477,2406.380427114549,1998.5749848329435
2026-04-01 21:56:25,D0,25.75,50.0,2641.0239737647216,2406.82598456972,1997.1022732949857
2026-04-01 21:56:26,D0,25.75,50.0,2642.738191724636,2406.294015701323,1995.443795249568
2026-04-01 21:56:27,D0,25.75,50.0,2645.0330716268936,2405.220572005819,1993.6948863855773
2026-04-01 21:56:28,D0,25.75,50.0,2645.705265141981,2405.696832520673,1992.1610125690142
2026-04-01 21:56:29,D0,25.76,50.0,2647.060830430612,2405.535077690616,1990.5341619776336
2026-04-01 21:56:30,D0,25.76,50.0,2649.5986356427647,2404.317069356702,1988.7455971038628
2026-04-01 21:56:31,D0,25.76,50.0,2650.140256665673,2404.958299014767,1987.2263509726313
2026-04-01 21:56:32,D0,25.77,50.0,2651.9532971000826,2404.4000873398754,1985.5248525264044
2026-04-01 21:56:33,D0,25.77,50.0,2654.2461020033543,2403.97121031014,1983.5723077316843
2026-04-01 21:56:34,D0,25.77,50.0,2655.476358395985,2402.2539561836506,1983.9809298478654
2026-04-01 21:56:35,D0,25.77,50.0,2656.7850609336087,2400.3977587058357,1984.622961673073
2026-04-01 21:56:36,D0,25.77,50.0,2659.2577648659785,2397.4777162676614,1985.0441556801702
2026-04-01 21:56:37,D0,25.77,50.0,2660.9242548407874,2395.5129367214863,1985.3794347680748
2026-04-01 21:56:38,D0,25.77,50.0,2661.9173334271673,2394.108901031864,1985.8507119116482
2026-04-01 21:56:39,D0,25.77,50.0,2664.372136170171,2391.190318648852,1986.2187694209317
2026-04-01 21:56:40,D0,25.77,50.0,2666.1666733345837,2389.008518193269,1986.6284176966765
2026-04-01 21:56:41,D0,25.77,50.0,2667.115282472807,2387.5116774583535,1987.0467709643879
2026-04-01 21:56:42,D0,25.77,50.0,2669.317322837433,2384.9730250046855,1987.3195691684816
2026-04-01 21:56:43,D0,25.77,50.0,2671.3567002555087,2382.5840027163786,1987.6552694066445
2026-04-01 21:56:44,D0,25.77,50.0,2672.45448417742,2380.9426305562256,1988.1577477655037
2026-04-01 21:56:45,D0,25.76,50.0,2673.2937006621623,2379.771787377941,1988.4936283528796
2026-04-01 21:56:46,D0,25.76,50.0,2674.3224955117134,2378.587513630726,1988.3493631653366
2026-04-01 21:56:47,D0,25.76,50.0,2675.0676739103255,2377.3397906062987,1988.6405582709008
2026-04-01 21:56:48,D0,25.76,50.0,2676.9236559902115,2375.865417063854,1987.9956086470613
2026-04-01 21:56:49,D0,25.76,50.0,2678.404661360938,2374.9006779231845,1987.3831387027515
2026-04-01 21:56:50,D0,25.76,50.0,2679.6344228271137,2373.9369473513825,1986.9327668544802
2026-04-01 21:56:51,D0,25.76,50.0,2681.4166162683487,2372.5164340842825,1986.2982907911892
2026-04-01 21:56:52,D0,25.76,50.0,2682.778557764319,2371.3403783514505,1985.9794938518373
2026-04-01 21:56:53,D0,25.76,50.0,2683.925192698187,2370.2487759726823,1985.7840768824792
2026-04-01 21:56:54,D0,25.75,50.0,2685.549493120542,2368.959919458326,1985.3421795750978
2026-04-01 21:56:55,D0,25.75,50.0,2686.939681124234,2367.658664165931,1985.105312067851
2026-04-01 21:56:56,D0,25.75,50.0,2687.531715161702,2366.935324422702,1984.88944024598
2026-04-01 21:56:57,D0,25.75,50.0,2688.5585431602562,2366.469336374338,1984.5929003198617
2026-04-01 21:56:58,D0,25.75,50.0,2688.9989066565277,2366.0465612493767,1984.5521257956416
2026-04-01 21:56:59,D0,25.75,50.0,2689.4616041133586,2365.4589258746387,1984.7149770181109
2026-04-01 21:57:00,D0,25.75,50.0,2690.2056557073847,2364.509120303832,1984.8365625411077
2026-04-01 21:57:01,D0,25.76,49.0,2690.605446734991,2364.143005403861,1984.8568462234248
2026-04-01 21:57:02,D0,25.76,49.0,2691.1677595423143,2363.533454385615,1984.887354486395
2026-04-01 21:57:03,D0,25.76,49.0,2692.073999725862,2362.3616954226127,1985.1491858296192
2026-04-01 21:57:04,D0,25.75,50.0,2692.413590071184,2361.944211872922,1985.1693655706054
2026-04-01 21:57:05,D0,25.75,50.0,2692.8763840919246,2361.3851125981123,1985.2301151251963
2026-04-01 21:57:06,D0,25.75,50.0,2693.635465314488,2360.3308857022566,1985.421471627624
2026-04-01 21:57:07,D0,25.76,50.0,2693.915072900406,2359.9824660365593,1985.4013347431799
2026-04-01 21:57:08,D0,25.76,50.0,2694.3372357594735,2359.440440019625,1985.4316382086793
2026-04-01 21:57:09,D0,25.76,50.0,2694.9653300181803,2358.080776818301,1985.9204188486506
2026-04-01 21:57:10,D0,25.76,50.0,2694.886485549994,2358.468144792293,1985.580889815371
2026-04-01 21:57:11,D0,25.76,50.0,2694.8268163279063,2358.709000703563,1985.41003321732
2026-04-01 21:57:12,D0,25.76,50.0,2695.0162225856825,2358.648967099598,1985.2395900747094
2026-04-01 21:57:13,D0,25.76,50.0,2694.70297435543,2358.955860121168,1985.2195420154417
2026-04-01 21:57:14,D0,25.76,50.0,2694.4047060528974,2359.2169527196943,1985.0887990213434
2026-04-01 21:57:15,D0,25.76,50.0,2694.9969795901443,2358.935656180558,1984.6225081863806
2026-04-01 21:57:16,D0,25.75,49.0,2694.6251316277744,2358.935656180558,1984.9115924897008
2026-04-01 21:57:17,D0,25.75,49.0,2694.338035584993,2359.2789555285744,1984.9215954288975
2026-04-01 21:57:18,D0,25.75,49.0,2694.7168329900637,2358.7543301497085,1985.0009521408294
2026-04-01 21:57:19,D0,25.75,50.0,2694.547282940123,2358.844547654635,1985.0907460365634
2026-04-01 21:57:20,D0,25.75,50.0,2694.1694490139257,2359.2361115411913,1985.1710228592397
2026-04-01 21:57:21,D0,25.75,50.0,2694.3482959706603,2358.720593881352,1985.6274549874656
2026-04-01 21:57:22,D0,25.75,49.0,2694.189024548946,2358.650124541578,1985.9364743113008
2026-04-01 21:57:23,D0,25.75,49.0,2693.5155503542205,2359.3376210284105,1985.9865382222508
2026-04-01 21:57:24,D0,25.75,49.0,2693.435891199195,2359.2368702612293,1986.1959470304032
2026-04-01 21:57:25,D0,25.75,49.0,2693.5154612513365,2358.8934206529975,1986.5042537080055
2026-04-01 21:57:26,D0,25.74,49.0,2692.9715353118754,2358.8112111824466,1987.04614943891
2026-04-01 21:57:27,D0,25.74,49.0,2693.626659357232,2358.238276765094,1986.8248136159364
2026-04-01 21:57:28,D0,25.74,49.0,2694.369560769272,2357.866637450049,1986.3206790445495
2026-04-01 21:57:29,D0,25.73,49.0,2694.2121315887507,2358.4432471441833,1985.7747102831177
2026-04-01 21:57:30,D0,25.73,49.0,2694.5879852029325,2358.4029659920293,1985.361213986009
2026-04-01 21:57:31,D0,25.73,49.0,2695.445228529046,2357.734868470159,1984.957820710556
2026-04-01 21:57:32,D0,25.72,49.0,2695.2982821943847,2358.396565465613,1984.4824262260424
2026-04-01 21:57:33,D0,25.72,49.0,2695.782094309553,2358.083376388545,1984.1094047456154
2026-04-01 21:57:34,D0,25.72,49.0,2696.0710802944345,2358.003276079149,1983.6554085828516
2026-04-01 21:57:35,D0,25.7,49.0,2693.3211598322246,2363.463242785891,1982.1888053361617
2026-04-01 21:57:36,D0,25.7,49.0,2689.029055253959,2367.009283885469,1983.3683319040867
2026-04-01 21:57:37,D0,25.7,49.0,2689.299390175813,2364.85185793952,1983.3783174170276
2026-04-01 21:57:38,D0,25.7,49.0,2690.901060983105,2362.405270058463,1984.0643008733362
2026-04-01 21:57:39,D0,25.7,49.0,2691.919649618094,2361.3777037992036,1984.0941409116656
2026-04-01 21:57:40,D0,25.7,49.0,2692.159556935658,2360.721247839312,1984.4005870791311
2026-04-01 21:57:41,D0,25.68,49.0,2692.1200196127957,2360.567571581038,1984.637500905392
2026-04-01 21:57:42,D0,25.68,49.0,2692.2492622340897,2359.8933747099677,1985.0310853989165
2026-04-01 21:57:43,D0,25.68,49.0,2692.3596379384385,2359.0723833744482,1985.876567161212
2026-04-01 21:57:44,D0,25.67,49.0,2691.689021785392,2359.133448959596,1986.6650472588478
2026-04-01 21:57:45,D0,25.67,49.0,2690.8846482151553,2359.4567997740496,1987.338204735168
2026-04-01 21:57:46,D0,25.67,49.0,2691.233665068866,2358.4996565613487,1987.9737649174347
2026-04-01 21:57:47,D0,25.66,49.0,2691.1835110226134,2357.9826801738814,1988.6087951128045
2026-04-01 21:57:48,D0,25.66,49.0,2690.2441097417163,2358.6030802150667,1989.2607948682846
2026-04-01 21:57:49,D0,25.66,49.0,2690.314193546917,2358.0553704270815,1989.8758906022256
2026-04-01 21:57:50,D0,25.66,49.0,2691.50017833921,2356.391223884523,1990.1123938109627
2026-04-01 21:57:51,D0,25.64,49.0,2690.7444490326466,2356.6676367277587,1990.8343728195975
2026-04-01 21:57:52,D0,25.64,49.0,2690.6041198957532,2356.293080242778,1991.4496152300715
2026-04-01 21:57:53,D0,25.64,49.0,2691.560933733435,2354.7769214938385,1991.95846593246
2026-04-01 21:57:54,D0,25.63,49.0,2691.2649925267483,2354.539317998321,1992.54453651606
2026-04-01 21:57:55,D0,25.63,49.0,2691.234956297945,2354.235927004768,1992.9563693166992
2026-04-01 21:57:56,D0,25.63,49.0,2692.299000854103,2352.7839956103066,1993.367274237239
2026-04-01 21:57:57,D0,25.61,49.0,2691.298183033608,2353.343914518233,1994.036785016766
2026-04-01 21:57:58,D0,25.61,49.0,2690.6596328781534,2353.4843657861848,1994.7635072860141
2026-04-01 21:57:59,D0,25.61,49.0,2691.538520995009,2352.041976666233,1995.2420855625514
2026-04-01 21:58:00,D0,25.6,50.0,2691.538520995009,2351.7523211426837,1995.613624928433
2026-04-01 21:58:01,D0,25.6,50.0,2691.8957502102494,2350.7189751222922,1996.3982794021838
2026-04-01 21:58:02,D0,25.6,50.0,2693.1428721848383,2349.343433812945,1996.4563130707368
2026-04-01 21:58:03,D0,25.59,50.0,2694.374123985012,2347.8017995563423,1996.6022538302416
2026-04-01 21:58:04,D0,25.59,50.0,2694.3638451404445,2347.1592702669327,1997.1418176984828
2026-04-01 21:58:05,D0,25.59,50.0,2694.7497843028023,2346.528045858391,1997.5585022722114
2026-04-01 21:58:06,D0,25.59,50.0,2695.1358555738893,2345.8454915019447,1998.0302800508305
2026-04-01 21:58:07,D0,25.59,50.0,2694.9525858537845,2345.655106787867,1998.5786574463364
2026-04-01 21:58:08,D0,25.59,50.0,2695.5288757496182,2344.738047202715,1999.013281596698
2026-04-01 21:58:09,D0,25.59,50.0,2696.2049977700135,2343.6560413166435,1999.4473611475746
2026-04-01 21:58:10,D0,25.59,50.0,2695.431132490682,2343.937260252501,2000.0615165539284
2026-04-01 21:58:11,D0,25.59,50.0,2696.0647822335427,2342.890588567891,2000.4379170571626
2026-04-01 21:58:12,D0,25.58,50.0,2696.0647822335427,2342.4795708821025,2000.9555967087326
2026-04-01 21:58:13,D0,25.58,50.0,2695.822106519642,2341.712149261732,2001.5958757951116
2026-04-01 21:58:14,D0,25.58,50.0,2695.6725097830413,2343.2169233769205,2000.108502056826
2026-04-01 21:58:15,D0,25.58,50.0,2695.9563720505566,2344.2912830960236,1998.3691976209002
2026-04-01 21:58:16,D0,25.58,50.0,2695.520508176482,2346.047512306603,1996.7627525572486
2026-04-01 21:58:17,D0,25.58,50.0,2695.107133306578,2347.624352403936,1995.283020024979
2026-04-01 21:58:18,D0,25.58,50.0,2695.590989004081,2348.269750262946,1993.7683867490728
2026-04-01 21:58:19,D0,25.58,50.0,2695.205969865754,2349.9734679353296,1992.2299741746683
2026-04-01 21:58:20,D0,25.58,50.0,2694.8332954006637,2351.596899980947,1990.641331330182
2026-04-01 21:58:21,D0,25.58,50.0,2695.416926933568,2352.2799535769545,1989.106573313758
2026-04-01 21:58:22,D0,25.57,50.0,2695.1342545409498,2353.792711773915,1987.590231914013
2026-04-01 21:58:23,D0,25.57,50.0,2694.6068971187615,2355.617857378399,1986.0116011745752
2026-04-01 21:58:24,D0,25.57,50.0,2695.091733132659,2356.4720685804873,1984.3305747783054
2026-04-01 21:58:25,D0,25.57,50.0,2696.403849574466,2356.26214585729,1982.806823671938
2026-04-01 21:58:26,D0,25.57,50.0,2696.5140960135923,2357.132923702013,1981.8509908668714
2026-04-01 21:58:27,D0,25.57,50.0,2697.771165239928,2357.518784654748,1980.0025631296542
2026-04-01 21:58:28,D0,25.56,50.0,2698.586233567495,2357.381008661943,1979.092577420268
2026-04-01 21:58:29,D0,25.56,50.0,2698.454741143531,2358.0077501993073,1978.2714626663349
2026-04-01 21:58:30,D0,25.56,50.0,2698.8535343734384,2358.261230228746,1977.3666706000686
2026-04-01 21:58:31,D0,25.55,50.0,2699.676508398738,2357.9363519823855,1976.4564022512614
2026-04-01 21:58:32,D0,25.55,50.0,2699.626251909697,2358.7621817385493,1975.3877138425257
2026-04-01 21:58:33,D0,25.55,50.0,2699.6667757336277,2359.537564863081,1974.305442427792
2026-04-01 21:58:34,D0,25.55,50.0,2700.306462237203,2359.458971883173,1973.2884381154215
2026-04-01 21:58:35,D0,25.55,50.0,2700.065856604242,2360.601404303573,1972.1952565605668
2026-04-01 21:58:36,D0,25.55,50.0,2700.339786026936,2361.158033677543,1971.1226293663212
2026-04-01 21:58:37,D0,25.55,50.0,2700.9988911511978,2361.0892676898093,1970.154666517327
2026-04-01 21:58:38,D0,25.55,50.0,2700.838649382817,2361.9950126958356,1969.2615976553243
2026-04-01 21:58:39,D0,25.55,50.0,2700.9804164414077,2362.56364993623,1968.266701948697
2026-04-01 21:58:40,D0,25.55,50.0,2701.618859128726,2362.691497000825,1967.296347782916
2026-04-01 21:58:41,D0,25.55,50.0,2701.4090934177298,2363.5823869710994,1966.5328372544404
2026-04-01 21:58:42,D0,25.55,50.0,2701.388889071694,2364.2318033560077,1965.6680696394292
2026-04-01 21:58:43,D0,25.55,50.0,2701.6932708951254,2364.487035278477,1964.8456733290786
2026-04-01 21:58:44,D0,25.55,50.0,2701.613260627805,2365.1760632138994,1964.1145511400296
2026-04-01 21:58:45,D0,25.55,50.0,2701.593043002591,2365.863480845841,1963.271425452935
2026-04-01 21:58:46,D0,25.55,50.0,2701.8874180838848,2366.2055616535094,1962.4885961452107
2026-04-01 21:58:47,D0,25.54,50.0,2701.6979309315834,2366.9870130611193,1961.8177948015457
2026-04-01 21:58:48,D0,25.54,50.0,2701.860016729216,2367.4677547962506,1961.0548640973816
2026-04-01 21:58:49,D0,25.54,50.0,2702.1532895082028,2368.2727376719095,1959.8687277468357
2026-04-01 21:58:50,D0,25.54,50.0,2702.558759768231,2368.1095751675007,1959.52072711671
2026-04-01 21:58:51,D0,25.54,50.0,2703.3119686784207,2367.6518831956696,1958.95094119276
2026-04-01 21:58:52,D0,25.54,50.0,2703.9985946741913,2367.3551148908778,1958.411956152229
2026-04-01 21:58:53,D0,25.53,50.0,2705.3104664714547,2366.4391160560203,1957.8412652715235
2026-04-01 21:58:54,D0,25.53,50.0,2705.9381090483203,2366.168865486992,1957.2799952995995
2026-04-01 21:58:55,D0,25.53,50.0,2705.868611000911,2366.692286715787,1956.768307695114
2026-04-01 21:58:56,D0,25.53,50.0,2706.8845764088283,2365.902166193691,1956.2157754194704
2026-04-01 21:58:57,D0,25.53,50.0,2707.519327724181,2365.4799808918274,1955.8436057108452
2026-04-01 21:58:58,D0,25.53,50.0,2706.9362423226744,2366.4649564276247,1955.5035489612387
2026-04-01 21:58:59,D0,25.52,50.0,2707.2948971251726,2366.4950073896207,1955.0816786006665
2026-04-01 21:59:00,D0,25.52,50.0,2708.102743619599,2365.956199932704,1954.5476970388827
2026-04-01 21:59:01,D0,25.52,50.0,2707.8068376455512,2366.6849262206406,1954.1039429876805
2026-04-01 21:59:02,D0,25.52,50.0,2708.345426639667,2366.525169948547,1953.5203249518547
2026-04-01 21:59:03,D0,25.52,50.0,2709.417101518332,2365.7307053001614,1953.0071300433083
2026-04-01 21:59:04,D0,25.52,50.0,2709.5459029143612,2366.053695502281,1952.444183581185
2026-04-01 21:59:05,D0,25.5,50.0,2709.9147791028413,2366.073703416696,1951.9009119317507
2026-04-01 21:59:06,D0,25.5,50.0,2711.037284878244,2365.199708269896,1951.4186147518426
2026-04-01 21:59:07,D0,25.5,50.0,2711.443694786967,2365.1191724731334,1950.9454067195218
2026-04-01 21:59:08,D0,25.5,50.0,2711.423742243178,2365.4694988521837,1950.5439190133607
2026-04-01 21:59:09,D0,25.5,50.0,2712.406654615049,2364.7554799598206,1950.0920311616064
2026-04-01 21:59:10,D0,25.5,50.0,2713.006940647222,2364.406824131583,1949.6398077593717
2026-04-01 21:59:11,D0,25.5,50.0,2712.739664988146,2365.021928016736,1949.2671417740567
2026-04-01 21:59:12,D0,25.49,50.0,2713.6079322555056,2364.3120606214397,1948.7943760181574
2026-04-01 21:59:13,D0,25.49,50.0,2714.167955377854,2364.053180450897,1948.3219780108213
2026-04-01 21:59:14,D0,25.49,50.0,2714.217758397436,2364.4249427714976,1947.820456304944
2026-04-01 21:59:15,D0,25.49,50.0,2715.0648832026095,2363.8854498473484,1947.378784417659
2026-04-01 21:59:16,D0,25.49,50.0,2715.6435259437126,2363.636006241232,1946.9467224349
2026-04-01 21:59:17,D0,25.49,50.0,2715.9340290220603,2363.636006241232,1946.4939994770084
2026-04-01 21:59:18,D0,25.49,50.0,2716.4927572147144,2363.2781512128445,1946.0913878849574
2026-04-01 21:59:19,D0,25.49,50.0,2717.032406873352,2362.9286849162418,1945.6795727971244
2026-04-01 21:59:20,D0,25.49,50.0,2717.5040036769033,2362.740320052121,1945.2473544513562
2026-04-01 21:59:21,D0,25.48,50.0,2717.74976037162,2362.760736934656,1944.9356955951012
2026-04-01 21:59:22,D0,25.48,50.0,2718.3183901081197,2362.470628388848,1944.5240574495344
2026-04-01 21:59:23,D0,25.48,50.0,2718.739853314399,2362.371323479863,1944.1222723892652
2026-04-01 21:59:24,D0,25.47,50.0,2718.965932114634,2362.350979427062,1943.7600392023703
2026-04-01 21:59:25,D0,25.47,50.0,2719.570824597146,2361.9579505147844,1943.3879592093801
2026-04-01 21:59:26,D0,25.47,50.0,2720.061848561536,2361.7494934899423,1942.935565066428
2026-04-01 21:59:27,D0,25.46,50.0,2720.1114701423544,2361.9607067011084,1942.5529722506926
2026-04-01 21:59:28,D0,25.46,50.0,2720.6214602549912,2361.5932037503835,1942.2212541314648
2026-04-01 21:59:29,D0,25.46,50.0,2721.081316315262,2361.3937536971675,1941.8287488859567
2026-04-01 21:59:30,D0,25.46,50.0,2721.531182992398,2361.195049122372,1941.456298761319
2026-04-01 21:59:31,D0,25.46,50.0,2721.872669689014,2361.174508586775,1941.0326736044399
2026-04-01 21:59:32,D0,25.46,50.0,2722.2207992740045,2361.1344434402713,1940.6195737444266
2026-04-01 21:59:33,D0,25.46,50.0,2722.6108113353257,2361.005080468909,1940.2365242413102
2026-04-01 21:59:34,D0,25.46,50.0,2722.9819077621505,2360.9129632411273,1939.8332325228373
2026-04-01 21:59:35,D0,25.46,50.0,2722.9819077621505,2361.3477655779548,1939.3206233111637
2026-04-01 21:59:36,D0,25.46,50.0,2723.2917214283157,2361.3677032601254,1938.808930761358
2026-04-01 21:59:37,D0,25.46,50.0,2723.781709315194,2361.132808632331,1938.4566077165616
2026-04-01 21:59:38,D0,25.46,50.0,2723.752031665144,2361.4863942017537,1938.004455619233
2026-04-01 21:59:39,D0,25.46,50.0,2724.111512034704,2361.4764280000763,1937.5415531027973
2026-04-01 21:59:40,D0,25.46,50.0,2724.2381870901086,2361.775253913886,1936.87179751268
2026-04-01 21:59:41,D0,25.46,50.0,2724.436327022527,2362.2035263710873,1936.193915908218
2026-04-01 21:59:42,D0,25.46,50.0,2724.1772152339868,2362.034002718843,1936.3846234671457
2026-04-01 21:59:43,D0,25.46,50.0,2723.7153485634285,2362.798163195494,1936.15435851587
2026-04-01 21:59:44,D0,25.46,50.0,2723.6138676398314,2363.277683641937,1935.864135211973
2026-04-01 21:59:45,D0,25.46,50.0,2724.232291857653,2362.79545665722,1935.493595959439
2026-04-01 21:59:46,D0,25.44,50.0,2723.5722681801562,2363.7577815842296,1935.1049661452475
2026-04-01 21:59:47,D0,25.44,50.0,2723.7031207530677,2363.8868839265556,1934.7354289411253
2026-04-01 21:59:48,D0,25.44,50.0,2724.0330761574833,2363.6870351211896,1934.4747038925063
2026-04-01 21:59:49,D0,25.44,50.0,2723.353998289609,2364.6473732884574,1934.2341275037002
2026-04-01 21:59:50,D0,25.44,50.0,2723.1460610844947,2365.071660647939,1933.9835599094424
2026-04-01 21:59:51,D0,25.44,50.0,2723.7173311487372,2364.6037152131858,1933.6635307105525
2026-04-01 21:59:52,D0,25.43,50.0,2723.2375915443004,2365.496518703843,1933.3739834806922
2026-04-01 21:59:53,D0,25.43,50.0,2723.307443165387,2365.676702341214,1933.0941622176608
2026-04-01 21:59:54,D0,25.43,50.0,2724.1980140951578,2364.9979492591533,1932.6846690549391
2026-04-01 21:59:55,D0,25.42,50.0,2723.7082754950097,2365.889099260572,1932.4044581815683
2026-04-01 21:59:56,D0,25.42,50.0,2723.7481179433607,2366.069785530427,1932.0143995322603
2026-04-01 21:59:57,D0,25.42,50.0,2724.500974490558,2365.611698905803,1931.6345617119198
2026-04-01 21:59:58,D0,25.42,50.0,2723.982738564986,2366.443267860018,1931.3235953614817
2026-04-01 21:59:59,D0,25.41,50.0,2724.17255877817,2366.523251523213,1930.9426376772565
2026-04-01 22:00:00,D0,25.41,50.0,2724.9148555505362,2365.8974343787604,1930.4933877120636
2026-04-01 22:00:01,D0,25.41,50.0,2724.3769654730236,2366.7905019244945,1930.1534446773915
2026-04-01 22:00:02,D0,25.41,50.0,2725.0406694212843,2366.264763292561,1929.2654353406117
2026-04-01 22:00:03,D0,25.41,50.0,2725.481273096552,2365.9947210422933,1928.915542474579
2026-04-01 22:00:04,D0,25.41,50.0,2725.3105180878015,2366.674337546254,1928.4976562080649
2026-04-01 22:00:05,D0,25.4,50.0,2725.8050021965987,2366.6149623460087,1927.9580000612045
2026-04-01 22:00:06,D0,25.4,50.0,2726.6728131552563,2366.000545223944,1927.371111125203
2026-04-01 22:00:07,D0,25.4,50.0,2725.5778084655735,2367.1228759825713,1927.282690733251
2026-04-01 22:00:08,D0,25.39,50.0,2725.424726533463,2367.398113963936,1927.075488920971
2026-04-01 22:00:09,D0,25.39,50.0,2726.071594804509,2366.9603777841317,1926.7795255295816
2026-04-01 22:00:10,D0,25.39,50.0,2725.287496760663,2368.0703705760097,1926.472924803253
2026-04-01 22:00:11,D0,25.39,50.0,2725.205918825218,2368.3051830370173,1926.207107244701
2026-04-01 22:00:12,D0,25.39,50.0,2726.2807962497186,2367.106157315299,1926.0977727000256
2026-04-01 22:00:13,D0,25.39,50.0,2726.3410975151296,2366.9573950538274,1926.1277787312035
2026-04-01 22:00:14,D0,25.38,50.0,2726.3919985944794,2367.124196150257,1925.9396070489854
2026-04-01 22:00:15,D0,25.38,50.0,2727.184232867299,2366.443846787834,1925.7111984926505
2026-04-01 22:00:16,D0,25.38,50.0,2725.950768080744,2367.678246721881,1925.9119450276016
2026-04-01 22:00:17,D0,25.37,50.0,2725.5470625179087,2368.092768453128,1925.9717910706793
2026-04-01 22:00:18,D0,25.37,50.0,2726.177672126305,2367.7212694909845,1925.643557359461
2026-04-01 22:00:19,D0,25.37,50.0,2725.9772376158976,2368.1207760585185,1925.47400397928
2026-04-01 22:00:20,D0,25.37,50.0,2725.8960911964346,2368.07163320707,1925.4839781208254
2026-04-01 22:00:21,D0,25.37,50.0,2726.595257826141,2367.251169605794,1925.1942551337513
2026-04-01 22:00:22,D0,25.37,50.0,2726.7155810608483,2367.221292993116,1925.0142648822111
2026-04-01 22:00:23,D0,25.37,50.0,2726.908276785268,2367.103278270722,1924.8346318580202
2026-04-01 22:00:24,D0,25.37,50.0,2727.4075144723056,2366.731623991195,1924.6052556303591
2026-04-01 22:00:25,D0,25.37,50.0,2727.4676368382447,2366.901601250039,1924.356292374154
2026-04-01 22:00:26,D0,25.37,50.0,2727.6603490904067,2366.8819214316545,1924.06745463874
2026-04-01 22:00:27,D0,25.37,50.0,2728.54063924289,2366.120155444351,1923.7489363219931
2026-04-01 22:00:28,D0,25.37,50.0,2728.280297183557,2366.520270354767,1923.509513883412
2026-04-01 22:00:29,D0,25.37,50.0,2728.4823950320806,2366.520270354767,1923.280218792883
2026-04-01 22:00:30,D0,25.36,50.0,2729.3140988167706,2365.7003085767224,1923.040737998028
2026-04-01 22:00:31,D0,25.36,50.0,2729.0032649302566,2366.3197818553604,1922.7617429104419
2026-04-01 22:00:32,D0,25.36,50.0,2729.0438069038028,2366.438089196504,1922.4928842521108
2026-04-01 22:00:33,D0,25.35,50.0,2729.429900180622,2366.212057276355,1922.12457972942
2026-04-01 22:00:34,D0,25.35,50.0,2729.6103275009787,2366.3018002782314,1921.7854562879802
2026-04-01 22:00:35,D0,25.35,50.0,2730.2669576435196,2365.798218360983,1921.4257570876894
2026-04-01 22:00:36,D0,25.35,50.0,2730.861265242158,2365.47158511786,1921.0560923616988
2026-04-01 22:00:37,D0,25.35,50.0,2731.4241065788374,2365.253386003284,1920.5552608555683
2026-04-01 22:00:38,D0,25.35,50.0,2732.2706180025434,2364.4879635980387,1920.1753331401796
2026-04-01 22:00:39,D0,25.35,50.0,2732.802356556361,2364.1591951473997,1919.754888000028
2026-04-01 22:00:40,D0,25.35,50.0,2733.2166306387057,2364.0213916121825,1919.3541700269911
2026-04-01 22:00:41,D0,25.35,50.0,2734.1058776133746,2363.3518104590353,1918.882607144064
2026-04-01 22:00:42,D0,25.34,50.0,2734.0959017561913,2363.6728242292756,1918.4829579644434
2026-04-01 22:00:43,D0,25.34,50.0,2734.388262482122,2363.6233773594304,1918.0925081966197
2026-04-01 22:00:44,D0,25.34,50.0,2734.985259558084,2363.2098933442203,1917.6733585258987
2026-04-01 22:00:45,D0,25.34,50.0,2735.025069354941,2363.401034526303,1917.3329157973583
2026-04-01 22:00:46,D0,25.34,50.0,2735.1661393780087,2363.4801395399963,1916.9824881829254
2026-04-01 22:00:47,D0,25.34,50.0,2735.5550186388136,2363.3197604217676,1916.641213164321
2026-04-01 22:00:48,D0,25.33,50.0,2735.8132428950626,2363.259285393797,1916.3004096435402
2026-04-01 22:00:49,D0,25.33,50.0,2736.0952943930884,2363.1801052818637,1915.959900415455
2026-04-01 22:00:50,D0,25.33,50.0,2735.9352952875183,2363.5892578872495,1915.648978805877
2026-04-01 22:00:51,D0,25.33,50.0,2736.448037145964,2363.224140871957,1915.2469840728113
2026-04-01 22:00:52,D0,25.33,50.0,2736.8285039439356,2363.0249977518224,1914.9359467094455
2026-04-01 22:00:53,D0,25.33,50.0,2736.688593903223,2363.444778284443,1914.6550394261626
2026-04-01 22:00:54,D0,25.33,50.0,2736.738078443021,2363.5361114228826,1914.3749684949394
2026-04-01 22:00:55,D0,25.32,50.0,2737.1582398538817,2363.2259646508624,1914.074376820295
2026-04-01 22:00:56,D0,25.32,50.0,2737.2986373430285,2363.305515586167,1913.7435852276553
2026-04-01 22:00:57,D0,25.32,50.0,2736.9117157847822,2363.9811441718393,1913.4125639809101
2026-04-01 22:00:58,D0,25.32,50.0,2737.518213638039,2363.5785686115873,1913.0411574244815
2026-04-01 22:00:59,D0,25.32,50.0,2737.468176983981,2363.887751142173,1912.670645981686
2026-04-01 22:01:00,D0,25.32,50.0,2736.911284641868,2364.7315492461294,1912.3696295434102
2026-04-01 22:01:01,D0,25.31,50.0,2737.5362846910357,2364.2565787156013,1911.9481269113971
2026-04-01 22:01:02,D0,25.31,50.0,2737.616472408069,2364.4060818734165,1911.6274218581402
2026-04-01 22:01:03,D0,25.31,50.0,2737.0795001241745,2365.089030036713,1911.3762450130012
2026-04-01 22:01:04,D0,25.31,50.0,2737.7949137946766,2364.6462145530354,1910.9648871708762
2026-04-01 22:01:05,D0,25.31,50.0,2737.7749998858562,2364.95774803695,1910.5737174995368
2026-04-01 22:01:06,D0,25.31,50.0,2737.297022611905,2365.811742299036,1910.2330774018128
2026-04-01 22:01:07,D0,25.31,50.0,2737.7850463467726,2365.5509379423643,1909.8216880117368
2026-04-01 22:01:08,D0,25.31,50.0,2738.091826436798,2365.5408239977596,1909.4501643143244
2026-04-01 22:01:09,D0,25.31,50.0,2737.6249779690424,2366.316542645975,1909.0887066870414
2026-04-01 22:01:10,D0,25.3,50.0,2737.6952039991597,2366.5945956162413,1908.677285451891
2026-04-01 22:01:11,D0,25.3,50.0,2738.177967189131,2366.339838231187,1908.245699589023
2026-04-01 22:01:12,D0,25.3,50.0,2738.5587486851546,2366.279998225062,1907.8343114641796
2026-04-01 22:01:13,D0,25.3,50.0,2738.250096320641,2366.932440945453,1907.4422953263881
2026-04-01 22:01:14,D0,25.3,50.0,2738.7237009234796,2366.7800552649587,1906.9511897266798
2026-04-01 22:01:15,D0,25.3,50.0,2739.5320366807177,2366.759706856613,1905.920431182792
2026-04-01 22:01:16,D0,25.3,50.0,2741.4634504220553,2366.7298747427853,1903.3036252789516
2026-04-01 22:01:17,D0,25.29,50.0,2741.9793307025493,2364.5174370259992,1904.3137189024292
2026-04-01 22:01:18,D0,25.29,50.0,2742.9897046835595,2362.916549520952,1904.6501332265723
2026-04-01 22:01:19,D0,25.29,50.0,2744.8236081759424,2365.4160669954026,1898.6476766372427
2026-04-01 22:01:20,D0,25.3,50.0,2748.0562567021807,2368.2594748042284,1891.8492936806567
2026-04-01 22:01:21,D0,25.3,50.0,2749.5338932262684,2371.1851846703157,1885.5520358770266
2026-04-01 22:01:22,D0,25.3,50.0,2751.1315108514896,2374.264326059759,1879.591572656145
2026-04-01 22:01:23,D0,25.32,50.0,2752.5364956708568,2378.402079127917,1873.1414468747414
2026-04-01 22:01:24,D0,25.32,50.0,2752.4964305153967,2384.7263931109583,1865.6748457327712
2026-04-01 22:01:25,D0,25.32,50.0,2752.50641597799,2389.933884022736,1858.9732219695904
2026-04-01 22:01:26,D0,25.35,51.0,2753.5426290508017,2393.4161944801826,1852.9897787089922
2026-04-01 22:01:27,D0,25.35,51.0,2753.6526251508194,2397.6348596064413,1847.3053808182337
2026-04-01 22:01:28,D0,25.35,51.0,2753.702422194526,2402.0148979554647,1841.5154737335226
2026-04-01 22:01:29,D0,25.4,51.0,2754.354027716844,2405.1800098953095,1836.537445847484
2026-04-01 22:01:30,D0,25.4,51.0,2746.6105948969175,2418.4334537051045,1830.8902288231263
2026-04-01 22:01:31,D0,25.4,51.0,2732.8587614437743,2434.6289080679217,1829.9493298996013
2026-04-01 22:01:32,D0,25.44,52.0,2720.3532509584115,2439.7905319924494,1842.0874029209363
2026-04-01 22:01:33,D0,25.44,52.0,2709.778332262623,2437.8875773915415,1856.329596273248
2026-04-01 22:01:34,D0,25.44,52.0,2701.1291361206704,2437.2016145571542,1869.7994357684463
2026-04-01 22:01:35,D0,25.46,52.0,2693.31887826154,2434.7383884105493,1884.0824212332113
2026-04-01 22:01:36,D0,25.46,52.0,2685.184898661543,2432.4177313940136,1898.344460312722
2026-04-01 22:01:37,D0,25.46,52.0,2677.0936685144206,2430.3976156176586,1912.3217145658311
2026-04-01 22:01:38,D0,25.49,51.0,2670.188178761939,2427.1061554864054,1925.8342348187707
2026-04-01 22:01:39,D0,25.49,51.0,2662.7950634624513,2424.853929621329,1938.7673558217346
2026-04-01 22:01:40,D0,25.49,51.0,2654.885871369992,2422.9793498913687,1952.0806463873362
2026-04-01 22:01:41,D0,25.49,51.0,2647.661630571399,2420.1771257492705,1965.4531411356515
2026-04-01 22:01:42,D0,25.51,51.0,2640.944599949041,2416.4637717127066,1979.5219751242976
2026-04-01 22:01:43,D0,25.51,51.0,2634.5884801995167,2412.286224725416,1992.9245344468013
2026-04-01 22:01:44,D0,25.51,51.0,2628.5011032906186,2407.6086122956117,2006.241660418804
2026-04-01 22:01:45,D0,25.54,51.0,2621.9719086977266,2403.5367232476397,2019.378243420484
2026-04-01 22:01:46,D0,25.54,51.0,2614.856846942104,2399.9205945197436,2032.8214604337488
2026-04-01 22:01:47,D0,25.54,51.0,2609.080169331713,2395.2011982294935,2045.7872909958162
2026-04-01 22:01:48,D0,25.57,50.0,2602.394207263765,2391.0260412634575,2058.9431730866204
