Timestamp,Scenario,Temp,Hum,AccX,AccY,AccZ,SysActive,Sample
19:17:35,D0,19.41,72.0,3852.0,713.0,1233.0,0,1
19:17:35,D0,19.41,72.0,3852.0,713.0,1233.0,0,2
19:17:36,D0,19.41,72.0,3855.0,712.0,1234.0,0,3
19:17:36,D0,19.41,72.0,3855.0,712.0,1236.0,0,4
19:17:37,D0,19.41,72.0,3855.0,712.0,1236.0,0,5
19:17:37,D0,19.41,72.0,3854.0,710.0,1236.0,0,6
19:17:38,D0,19.41,72.0,3854.0,710.0,1235.0,0,7
19:17:38,D0,19.41,72.0,3855.0,711.0,1235.0,0,8
19:17:39,D0,19.41,72.0,3857.0,714.0,1234.0,0,9
19:17:39,D0,19.41,72.0,3854.0,712.0,1235.0,0,10
19:17:40,D0,19.41,72.0,3857.0,712.0,1236.0,0,11
19:17:40,D0,19.41,72.0,3857.0,712.0,1236.0,0,12
19:17:41,D0,19.41,72.0,3856.0,711.0,1236.0,0,13
19:17:41,D0,19.41,72.0,3856.0,711.0,1236.0,0,14
19:17:42,D0,19.41,72.0,3856.0,711.0,1236.0,0,15
19:17:42,D0,19.41,72.0,3854.0,711.0,1238.0,0,16
19:17:43,D0,19.41,72.0,3855.0,712.0,1239.0,0,17
19:17:44,D0,19.41,72.0,3855.0,712.0,1239.0,0,18
19:17:44,D0,19.41,72.0,3855.0,712.0,1239.0,0,19
19:17:45,D0,19.41,72.0,3855.0,712.0,1239.0,0,20
19:17:45,D0,19.41,72.0,3855.0,712.0,1239.0,0,21
19:17:46,D0,19.41,72.0,3854.0,713.0,1237.0,0,22
19:17:46,D0,19.41,72.0,3854.0,713.0,1237.0,0,23
19:17:47,D0,19.41,72.0,3854.0,713.0,1237.0,0,24
19:17:47,D0,19.41,72.0,3854.0,711.0,1239.0,0,25
19:17:48,D0,19.41,72.0,3856.0,711.0,1238.0,0,26
19:17:48,D0,19.41,72.0,3856.0,711.0,1238.0,0,27
19:17:49,D0,19.41,72.0,3856.0,711.0,1238.0,0,28
19:17:49,D0,19.41,72.0,3856.0,711.0,1238.0,0,29
19:17:50,D0,19.41,72.0,3856.0,711.0,1238.0,0,30
19:17:50,D0,19.41,72.0,3856.0,711.0,1238.0,0,31
19:17:51,D0,19.41,72.0,3856.0,711.0,1238.0,0,32
19:17:52,D0,19.41,72.0,3856.0,711.0,1238.0,0,33
19:17:52,D0,19.41,72.0,3856.0,711.0,1238.0,0,34
19:17:53,D0,19.41,72.0,3856.0,711.0,1238.0,0,35
19:17:53,D0,19.41,72.0,3856.0,711.0,1238.0,0,36
19:17:54,D0,19.41,72.0,3856.0,711.0,1238.0,0,37
19:17:54,D0,19.41,72.0,3856.0,711.0,1238.0,0,38
19:17:55,D0,19.41,72.0,3856.0,711.0,1238.0,0,39
19:17:55,D0,19.41,72.0,3856.0,711.0,1238.0,0,40
19:17:56,D0,19.41,72.0,3856.0,711.0,1238.0,0,41
19:17:56,D0,19.41,72.0,3856.0,711.0,1238.0,0,42
19:17:57,D0,19.41,72.0,3856.0,711.0,1238.0,0,43
19:17:57,D0,19.41,72.0,3851.0,704.0,1254.0,0,44
19:17:58,D0,19.41,72.0,3851.0,704.0,1254.0,0,45
19:17:58,D0,19.41,72.0,3851.0,704.0,1254.0,0,46
19:17:59,D0,19.41,72.0,3851.0,704.0,1254.0,0,47
19:17:59,D0,19.41,72.0,3853.0,703.0,1256.0,0,48
19:18:00,D0,19.41,72.0,3853.0,703.0,1256.0,0,49
19:18:00,D0,19.41,72.0,3853.0,703.0,1256.0,0,50
19:18:01,D0,19.41,72.0,3853.0,703.0,1256.0,0,51
19:18:01,D0,19.41,72.0,3853.0,703.0,1256.0,0,52
19:18:02,D0,19.41,72.0,3853.0,703.0,1256.0,0,53
19:18:03,D0,19.41,72.0,3853.0,703.0,1256.0,0,54
19:18:03,D0,19.41,72.0,3852.0,704.0,1256.0,0,55
19:18:04,D0,19.41,72.0,3852.0,704.0,1256.0,0,56
19:18:04,D0,19.41,72.0,3852.0,704.0,1256.0,0,57
19:18:05,D0,19.41,72.0,3852.0,704.0,1256.0,0,58
19:18:06,D0,19.41,72.0,3852.0,704.0,1256.0,0,59
19:18:06,D0,19.41,72.0,3852.0,702.0,1259.0,0,60
19:18:07,D0,19.41,72.0,3852.0,702.0,1259.0,0,61
19:18:07,D0,19.41,72.0,3850.0,703.0,1257.0,0,62
19:18:08,D0,19.41,72.0,3850.0,703.0,1257.0,0,63
19:18:08,D0,19.41,72.0,3850.0,703.0,1257.0,0,64
19:18:09,D0,19.41,72.0,3850.0,703.0,1257.0,0,65
19:18:09,D0,19.41,72.0,3850.0,703.0,1257.0,0,66
19:18:10,D0,19.41,72.0,3850.0,703.0,1257.0,0,67
19:18:10,D0,19.41,72.0,3851.0,705.0,1257.0,0,68
19:18:11,D0,19.41,72.0,3852.0,705.0,1249.0,0,69
19:18:11,D0,19.41,72.0,3852.0,705.0,1249.0,0,70
19:18:12,D0,19.41,72.0,3852.0,705.0,1249.0,0,71
19:18:12,D0,19.41,72.0,3852.0,705.0,1249.0,0,72
19:18:13,D0,19.41,72.0,3852.0,705.0,1249.0,0,73
19:18:13,D0,19.41,72.0,3852.0,705.0,1249.0,0,74
19:18:14,D0,19.41,72.0,3852.0,705.0,1249.0,0,75
19:18:14,D0,19.41,72.0,3850.0,704.0,1258.0,0,76
19:18:15,D0,19.41,72.0,3850.0,704.0,1258.0,0,77
19:18:15,D0,19.41,72.0,3850.0,704.0,1258.0,0,78
19:18:16,D0,19.41,72.0,3850.0,704.0,1258.0,0,79
19:18:16,D0,19.41,72.0,3850.0,704.0,1258.0,0,80
19:18:17,D0,19.41,72.0,3850.0,704.0,1258.0,0,81
19:18:17,D0,19.41,72.0,3850.0,704.0,1258.0,0,82
19:18:18,D0,19.41,72.0,3852.0,709.0,1256.0,0,83
19:18:19,D0,19.41,72.0,3852.0,709.0,1256.0,0,84
19:18:19,D0,19.41,72.0,3852.0,709.0,1256.0,0,85
19:18:20,D0,19.41,77.0,3852.0,709.0,1256.0,0,86
19:18:20,D0,19.41,77.0,3849.0,711.0,1256.0,0,87
19:18:21,D0,19.41,77.0,3849.0,711.0,1256.0,0,88
19:18:21,D0,19.41,77.0,3849.0,711.0,1256.0,0,89
19:18:22,D0,19.41,77.0,3849.0,711.0,1256.0,0,90
19:18:22,D0,19.41,77.0,3849.0,711.0,1256.0,0,91
19:18:23,D0,19.41,77.0,3849.0,711.0,1256.0,0,92
19:18:23,D0,19.41,77.0,3849.0,711.0,1256.0,0,93
19:18:24,D0,19.41,77.0,3849.0,711.0,1256.0,0,94
19:18:24,D0,19.41,77.0,3849.0,711.0,1256.0,0,95
19:18:25,D0,19.41,77.0,3849.0,711.0,1256.0,0,96
19:18:25,D0,19.41,77.0,3849.0,711.0,1256.0,0,97
19:18:26,D0,19.41,77.0,3848.0,714.0,1256.0,0,98
19:18:26,D0,19.41,77.0,3848.0,714.0,1256.0,0,99
19:18:27,D0,19.41,77.0,3848.0,714.0,1256.0,0,100
19:18:27,D0,19.41,77.0,3846.0,710.0,1255.0,0,101
19:18:28,D0,19.41,77.0,3845.0,710.0,1256.0,0,102
19:18:29,D0,19.41,77.0,3848.0,710.0,1257.0,0,103
19:18:30,D0,19.41,77.0,3847.0,711.0,1257.0,0,104
19:18:30,D0,19.41,77.0,3847.0,711.0,1257.0,0,105
19:18:31,D0,19.41,77.0,3847.0,711.0,1257.0,0,106
19:18:31,D0,19.41,77.0,3848.0,713.0,1254.0,0,107
19:18:32,D0,19.41,77.0,3848.0,713.0,1254.0,0,108
19:18:32,D0,19.41,77.0,3848.0,713.0,1254.0,0,109
19:18:33,D0,19.41,77.0,3848.0,713.0,1254.0,0,110
19:18:33,D0,19.41,77.0,3848.0,713.0,1254.0,0,111
19:18:34,D0,19.41,77.0,3848.0,713.0,1254.0,0,112
19:18:34,D0,19.41,77.0,3845.0,712.0,1258.0,0,113
19:18:35,D0,19.41,77.0,3845.0,712.0,1258.0,0,114
19:18:35,D0,19.41,77.0,3845.0,712.0,1258.0,0,115
19:18:36,D0,19.41,77.0,3845.0,712.0,1258.0,0,116
19:18:36,D0,19.41,77.0,3845.0,712.0,1256.0,0,117
19:18:37,D0,19.41,77.0,3845.0,712.0,1256.0,0,118
19:18:38,D0,19.41,77.0,3846.0,712.0,1259.0,0,119
19:18:38,D0,19.41,77.0,3846.0,712.0,1259.0,0,120
19:18:39,D0,19.41,77.0,3847.0,713.0,1258.0,0,121
19:18:39,D0,19.41,77.0,3845.0,713.0,1255.0,0,122
19:18:40,D0,19.41,77.0,3847.0,713.0,1256.0,0,123
19:18:40,D0,19.41,77.0,3847.0,713.0,1256.0,0,124
19:18:41,D0,19.41,77.0,3844.0,712.0,1256.0,0,125
19:18:41,D0,19.41,77.0,3844.0,712.0,1256.0,0,126
19:18:42,D0,19.41,77.0,3844.0,712.0,1256.0,0,127
19:18:42,D0,19.41,77.0,3844.0,712.0,1256.0,0,128
19:18:43,D0,19.41,77.0,3846.0,710.0,1259.0,0,129
19:18:43,D0,19.41,77.0,3844.0,710.0,1259.0,0,130
19:18:44,D0,19.41,77.0,3844.0,710.0,1259.0,0,131
19:18:45,D0,19.41,77.0,3844.0,710.0,1259.0,0,132
19:18:45,D0,19.41,77.0,3844.0,710.0,1259.0,0,133
19:18:46,D0,19.41,77.0,3844.0,710.0,1259.0,0,134
19:18:46,D0,19.41,77.0,3846.0,709.0,1261.0,0,135
19:18:47,D0,19.41,77.0,3844.0,711.0,1259.0,0,136
19:18:47,D0,19.41,77.0,3844.0,711.0,1259.0,0,137
19:18:48,D0,19.41,77.0,3844.0,711.0,1259.0,0,138
19:18:48,D0,19.41,77.0,3844.0,711.0,1259.0,0,139
19:18:49,D0,19.41,77.0,3844.0,711.0,1259.0,0,140
19:18:49,D0,19.41,77.0,3846.0,706.0,1263.0,0,141
19:18:50,D0,19.41,77.0,3846.0,710.0,1261.0,0,142
19:18:50,D0,19.41,77.0,3845.0,708.0,1262.0,0,143
19:18:51,D0,19.41,77.0,3846.0,707.0,1261.0,0,144
19:18:51,D0,19.41,77.0,3846.0,707.0,1261.0,0,145
19:18:52,D0,19.41,77.0,3845.0,705.0,1265.0,0,146
19:18:52,D0,19.41,77.0,3847.0,708.0,1263.0,0,147
19:18:53,D0,19.63,80.0,3846.0,706.0,1266.0,0,148
19:18:54,D0,19.63,80.0,3846.0,706.0,1266.0,0,149
19:18:54,D0,19.63,80.0,3846.0,706.0,1266.0,0,150
19:18:55,D0,19.63,80.0,3845.0,707.0,1266.0,0,151
19:18:55,D0,19.63,80.0,3845.0,707.0,1266.0,0,152
19:18:56,D0,19.63,80.0,3846.0,705.0,1265.0,0,153
19:18:56,D0,19.63,80.0,3846.0,705.0,1265.0,0,154
19:18:57,D0,19.63,80.0,3846.0,707.0,1266.0,0,155
19:18:57,D0,19.63,80.0,3846.0,707.0,1266.0,0,156
19:18:58,D0,19.63,80.0,3846.0,707.0,1266.0,0,157
19:18:58,D0,19.63,80.0,3846.0,707.0,1266.0,0,158
19:18:59,D0,19.63,80.0,3846.0,707.0,1266.0,0,159
19:18:59,D0,19.63,80.0,3846.0,707.0,1266.0,0,160
19:19:00,D0,19.63,80.0,3846.0,707.0,1266.0,0,161
19:19:00,D0,19.63,80.0,3846.0,707.0,1266.0,0,162
19:19:01,D0,19.63,80.0,3846.0,707.0,1266.0,0,163
19:19:01,D0,19.63,80.0,3846.0,707.0,1266.0,0,164
19:19:02,D0,19.63,80.0,3846.0,707.0,1266.0,0,165
19:19:02,D0,19.63,80.0,3845.0,705.0,1267.0,0,166
19:19:03,D0,19.63,80.0,3845.0,705.0,1267.0,0,167
19:19:03,D0,19.63,80.0,3848.0,705.0,1268.0,0,168
19:19:04,D0,19.63,80.0,3848.0,705.0,1268.0,0,169
19:19:04,D0,19.63,80.0,3848.0,705.0,1268.0,0,170
19:19:05,D0,19.63,80.0,3844.0,702.0,1270.0,0,171
19:19:05,D0,19.63,80.0,3844.0,702.0,1270.0,0,172
19:19:06,D0,19.63,80.0,3844.0,702.0,1270.0,0,173
19:19:06,D0,19.63,80.0,3844.0,702.0,1270.0,0,174
19:19:07,D0,19.63,80.0,3848.0,706.0,1271.0,0,175
19:19:08,D0,19.63,80.0,3848.0,706.0,1271.0,0,176
19:19:08,D0,19.63,80.0,3848.0,706.0,1271.0,0,177
19:19:09,D0,19.63,80.0,3848.0,706.0,1271.0,0,178
19:19:09,D0,19.63,80.0,3848.0,706.0,1271.0,0,179
19:19:10,D0,19.63,80.0,3848.0,706.0,1271.0,0,180
19:19:10,D0,19.63,80.0,3848.0,706.0,1271.0,0,181
19:19:11,D0,19.63,80.0,3848.0,706.0,1271.0,0,182
19:19:11,D0,19.63,80.0,3848.0,706.0,1271.0,0,183
19:19:12,D0,19.63,80.0,3848.0,706.0,1271.0,0,184
19:19:12,D0,19.63,80.0,3848.0,706.0,1271.0,0,185
19:19:13,D0,19.63,80.0,3848.0,706.0,1271.0,0,186
19:19:13,D0,19.63,80.0,3846.0,705.0,1272.0,0,187
19:19:14,D0,19.63,80.0,3846.0,705.0,1272.0,0,188
19:19:14,D0,19.63,80.0,3846.0,705.0,1272.0,0,189
19:19:15,D0,19.63,80.0,3846.0,705.0,1272.0,0,190
19:19:15,D0,19.63,80.0,3846.0,705.0,1272.0,0,191
19:19:16,D0,19.63,80.0,3846.0,705.0,1272.0,0,192
19:19:16,D0,19.63,80.0,3846.0,705.0,1272.0,0,193
19:19:17,D0,19.63,80.0,3846.0,705.0,1272.0,0,194
19:19:18,D0,19.63,80.0,3846.0,705.0,1272.0,0,195
19:19:18,D0,19.63,80.0,3846.0,705.0,1272.0,0,196
19:19:19,D0,19.63,80.0,3845.0,701.0,1273.0,0,197
19:19:19,D0,19.63,80.0,3845.0,701.0,1273.0,0,198
19:19:20,D0,19.63,80.0,3847.0,702.0,1272.0,0,199
19:19:20,D0,19.63,80.0,3847.0,702.0,1272.0,0,200
19:19:21,D0,19.63,80.0,3847.0,702.0,1272.0,0,201
19:19:21,D0,19.63,80.0,3847.0,702.0,1272.0,0,202
19:19:22,D0,19.63,80.0,3847.0,702.0,1272.0,0,203
19:19:23,D0,19.63,80.0,3847.0,702.0,1272.0,0,204
19:19:23,D0,19.63,80.0,3847.0,702.0,1272.0,0,205
19:19:24,D0,19.63,80.0,3847.0,702.0,1272.0,0,206
19:19:24,D0,19.63,80.0,3847.0,702.0,1272.0,0,207
19:19:25,D0,19.63,80.0,3845.0,703.0,1274.0,0,208
19:19:25,D0,19.63,80.0,3846.0,701.0,1274.0,0,209
19:19:26,D0,19.63,80.0,3846.0,701.0,1274.0,0,210
19:19:26,D0,19.63,80.0,3846.0,701.0,1274.0,0,211
19:19:27,D0,19.63,80.0,3846.0,701.0,1274.0,0,212
19:19:28,D0,19.63,80.0,3846.0,701.0,1274.0,0,213
19:19:28,D0,19.63,80.0,3846.0,701.0,1272.0,0,214
19:19:29,D0,19.63,80.0,3846.0,701.0,1272.0,0,215
19:19:29,D0,19.63,80.0,3846.0,701.0,1272.0,0,216
19:19:30,D0,19.63,80.0,3846.0,702.0,1274.0,0,217
19:19:30,D0,19.63,80.0,3846.0,702.0,1274.0,0,218
19:19:31,D0,19.63,80.0,3846.0,702.0,1274.0,0,219
19:19:31,D0,19.63,80.0,3845.0,702.0,1277.0,0,220
19:19:32,D0,19.63,80.0,3847.0,700.0,1276.0,0,221
19:19:32,D0,19.63,80.0,3847.0,700.0,1276.0,0,222
19:19:33,D0,19.63,80.0,3846.0,700.0,1274.0,0,223
19:19:33,D0,19.63,80.0,3846.0,700.0,1274.0,0,224
19:19:34,D0,19.63,80.0,3846.0,700.0,1274.0,0,225
19:19:34,D0,19.63,80.0,3845.0,700.0,1275.0,0,226
19:19:35,D0,19.63,80.0,3847.0,700.0,1278.0,0,227
19:19:36,D0,19.63,80.0,3847.0,700.0,1278.0,0,228
19:19:36,D0,19.63,80.0,3844.0,701.0,1276.0,0,229
19:19:37,D0,19.63,80.0,3844.0,701.0,1276.0,0,230
19:19:37,D0,19.63,80.0,3844.0,701.0,1276.0,0,231
19:19:38,D0,19.63,80.0,3844.0,701.0,1276.0,0,232
19:19:38,D0,19.63,80.0,3847.0,702.0,1275.0,0,233
19:19:39,D0,19.63,80.0,3847.0,702.0,1275.0,0,234
19:19:39,D0,19.63,80.0,3847.0,702.0,1275.0,0,235
19:19:40,D0,19.63,80.0,3847.0,702.0,1275.0,0,236
19:19:40,D0,19.63,80.0,3847.0,702.0,1275.0,0,237
19:19:41,D0,19.63,80.0,3847.0,702.0,1275.0,0,238
19:19:42,D0,19.63,80.0,3847.0,702.0,1276.0,0,239
19:19:42,D0,19.63,80.0,3845.0,698.0,1276.0,0,240
19:19:43,D0,19.63,80.0,3845.0,699.0,1276.0,0,241
19:19:43,D0,19.63,80.0,3845.0,699.0,1276.0,0,242
19:19:44,D0,19.63,80.0,3845.0,699.0,1276.0,0,243
19:19:45,D0,19.63,80.0,3845.0,699.0,1276.0,0,244
19:19:45,D0,19.63,80.0,3845.0,699.0,1276.0,0,245
19:19:46,D0,19.63,80.0,3845.0,699.0,1276.0,0,246
19:19:46,D0,19.63,80.0,3845.0,699.0,1276.0,0,247
19:19:47,D0,19.63,80.0,3845.0,699.0,1276.0,0,248
19:19:47,D0,19.63,80.0,3847.0,701.0,1277.0,0,249
19:19:48,D0,19.34,73.0,3847.0,701.0,1277.0,0,250
19:19:48,D0,19.34,73.0,3847.0,701.0,1277.0,0,251
19:19:49,D0,19.34,73.0,3847.0,701.0,1277.0,0,252
19:19:49,D0,19.34,73.0,3847.0,701.0,1277.0,0,253
19:19:50,D0,19.34,73.0,3847.0,701.0,1277.0,0,254
19:19:50,D0,19.34,73.0,3848.0,699.0,1276.0,0,255
19:19:51,D0,19.34,73.0,3848.0,699.0,1276.0,0,256
19:19:52,D0,19.34,73.0,3848.0,699.0,1276.0,0,257
19:19:52,D0,19.34,73.0,3849.0,698.0,1278.0,0,258
19:19:53,D0,19.34,73.0,3849.0,698.0,1278.0,0,259
19:19:54,D0,19.34,73.0,3845.0,700.0,1278.0,0,260
19:19:54,D0,19.34,73.0,3845.0,701.0,1278.0,0,261
19:19:55,D0,19.34,73.0,3846.0,702.0,1279.0,0,262
19:19:55,D0,19.34,73.0,3846.0,702.0,1279.0,0,263
19:19:56,D0,19.34,73.0,3846.0,702.0,1279.0,0,264
19:19:56,D0,19.34,73.0,3848.0,699.0,1278.0,0,265
19:19:57,D0,19.34,73.0,3848.0,699.0,1278.0,0,266
19:19:57,D0,19.34,73.0,3848.0,699.0,1278.0,0,267
19:19:58,D0,19.34,73.0,3848.0,699.0,1278.0,0,268
19:19:58,D0,19.34,73.0,3848.0,699.0,1278.0,0,269
19:19:59,D0,19.34,73.0,3848.0,699.0,1278.0,0,270
19:19:59,D0,19.34,73.0,3848.0,699.0,1278.0,0,271
19:20:00,D0,19.34,73.0,3848.0,699.0,1278.0,0,272
19:20:00,D0,19.34,73.0,3848.0,699.0,1278.0,0,273
19:20:01,D0,19.34,73.0,3848.0,699.0,1278.0,0,274
19:20:02,D0,19.34,73.0,3848.0,699.0,1278.0,0,275
19:20:02,D0,19.34,73.0,3848.0,699.0,1278.0,0,276
19:20:03,D0,19.34,73.0,3848.0,699.0,1278.0,0,277
19:20:03,D0,19.34,73.0,3848.0,699.0,1278.0,0,278
19:20:04,D0,19.34,73.0,3848.0,699.0,1278.0,0,279
19:20:04,D0,19.34,73.0,3848.0,699.0,1278.0,0,280
19:20:05,D0,19.34,73.0,3848.0,699.0,1278.0,0,281
19:20:05,D0,19.34,73.0,3848.0,699.0,1278.0,0,282
19:20:06,D0,19.34,73.0,3848.0,699.0,1278.0,0,283
19:20:06,D0,19.34,73.0,3848.0,699.0,1280.0,0,284
19:20:07,D0,19.34,73.0,3848.0,699.0,1280.0,0,285
19:20:07,D0,19.34,73.0,3848.0,699.0,1280.0,0,286
19:20:08,D0,19.34,73.0,3848.0,699.0,1280.0,0,287
19:20:09,D0,19.34,73.0,3848.0,699.0,1280.0,0,288
19:20:09,D0,19.34,73.0,3845.0,697.0,1279.0,0,289
19:20:10,D0,19.34,73.0,3845.0,697.0,1279.0,0,290
19:20:11,D0,19.34,73.0,3845.0,697.0,1279.0,0,291
19:20:11,D0,19.34,73.0,3845.0,697.0,1279.0,0,292
19:20:12,D0,19.34,73.0,3845.0,697.0,1279.0,0,293
19:20:12,D0,19.34,73.0,3845.0,697.0,1279.0,0,294
19:20:13,D0,19.34,73.0,3845.0,697.0,1279.0,0,295
19:20:13,D0,19.34,73.0,3845.0,697.0,1279.0,0,296
19:20:14,D0,19.34,73.0,3848.0,700.0,1281.0,0,297
19:20:14,D0,19.34,73.0,3848.0,697.0,1279.0,0,298
19:20:15,D0,19.34,73.0,3845.0,699.0,1278.0,0,299
19:20:16,D0,19.34,73.0,3845.0,699.0,1278.0,0,300
19:20:16,D0,19.34,73.0,3845.0,699.0,1278.0,0,301
19:20:17,D0,19.34,73.0,3845.0,699.0,1278.0,0,302
19:20:17,D0,19.34,73.0,3845.0,699.0,1278.0,0,303
19:20:18,D0,19.34,73.0,3845.0,699.0,1278.0,0,304
19:20:18,D0,19.34,73.0,3845.0,699.0,1278.0,0,305
19:20:19,D0,19.34,73.0,3845.0,699.0,1278.0,0,306
19:20:20,D0,19.34,73.0,3845.0,699.0,1278.0,0,307
19:20:20,D0,19.34,73.0,3845.0,699.0,1278.0,0,308
19:20:21,D0,19.34,73.0,3845.0,699.0,1278.0,0,309
19:20:21,D0,19.34,73.0,3845.0,699.0,1278.0,0,310
19:20:22,D0,19.34,73.0,3845.0,699.0,1278.0,0,311
19:20:22,D0,19.34,73.0,3847.0,697.0,1281.0,0,312
19:20:23,D0,19.34,73.0,3847.0,697.0,1281.0,0,313
19:20:23,D0,19.34,73.0,3847.0,697.0,1281.0,0,314
19:20:24,D0,19.34,73.0,3845.0,697.0,1280.0,0,315
19:20:24,D0,19.34,73.0,3845.0,697.0,1280.0,0,316
19:20:25,D0,19.23,73.0,3845.0,697.0,1280.0,0,317
19:20:25,D0,19.23,73.0,3845.0,697.0,1280.0,0,318
19:20:26,D0,19.23,73.0,3845.0,697.0,1280.0,0,319
19:20:26,D0,19.23,73.0,3845.0,697.0,1280.0,0,320
19:20:27,D0,19.23,73.0,3845.0,697.0,1280.0,0,321
19:20:27,D0,19.23,73.0,3848.0,698.0,1280.0,0,322
19:20:28,D0,19.23,73.0,3848.0,698.0,1280.0,0,323
19:20:28,D0,19.23,73.0,3844.0,697.0,1281.0,0,324
19:20:29,D0,19.23,73.0,3844.0,697.0,1281.0,0,325
19:20:29,D0,19.23,73.0,3844.0,697.0,1281.0,0,326
19:20:30,D0,19.23,73.0,3847.0,696.0,1281.0,0,327
19:20:30,D0,19.23,73.0,3844.0,696.0,1281.0,0,328
19:20:31,D0,19.23,73.0,3844.0,696.0,1281.0,0,329
19:20:31,D0,19.23,73.0,3844.0,696.0,1281.0,0,330
19:20:32,D0,19.23,73.0,3844.0,696.0,1281.0,0,331
19:20:33,D0,19.23,73.0,3848.0,697.0,1284.0,0,332
19:20:33,D0,19.23,73.0,3848.0,697.0,1284.0,0,333
19:20:34,D0,19.23,73.0,3846.0,697.0,1283.0,0,334
19:20:34,D0,19.23,73.0,3847.0,697.0,1284.0,0,335
19:20:35,D0,19.23,73.0,3845.0,698.0,1282.0,0,336
19:20:35,D0,19.23,73.0,3844.0,696.0,1282.0,0,337
19:20:36,D0,19.23,73.0,3844.0,696.0,1282.0,0,338
19:20:36,D0,19.23,73.0,3844.0,696.0,1282.0,0,339
19:20:37,D0,19.23,73.0,3844.0,696.0,1282.0,0,340
19:20:37,D0,19.23,73.0,3844.0,698.0,1284.0,0,341
19:20:38,D0,19.23,73.0,3844.0,698.0,1284.0,0,342
19:20:38,D0,19.23,73.0,3845.0,698.0,1281.0,0,343
19:20:39,D0,19.23,73.0,3845.0,698.0,1281.0,0,344
19:20:39,D0,19.23,73.0,3845.0,698.0,1280.0,0,345
19:20:40,D0,19.23,73.0,3846.0,696.0,1284.0,0,346
19:20:41,D0,19.23,73.0,3846.0,696.0,1284.0,0,347
19:20:41,D0,19.23,73.0,3846.0,696.0,1284.0,0,348
19:20:42,D0,19.23,73.0,3844.0,697.0,1285.0,0,349
19:20:42,D0,19.23,73.0,3844.0,697.0,1285.0,0,350
19:20:43,D0,19.23,73.0,3842.0,696.0,1281.0,0,351
19:20:43,D0,19.23,73.0,3842.0,696.0,1281.0,0,352
19:20:44,D0,19.23,73.0,3846.0,698.0,1282.0,0,353
19:20:44,D0,19.23,73.0,3846.0,699.0,1284.0,0,354
19:20:45,D0,19.23,73.0,3846.0,696.0,1284.0,0,355
19:20:45,D0,19.23,73.0,3846.0,696.0,1284.0,0,356
19:20:46,D0,19.23,73.0,3846.0,695.0,1282.0,0,357
19:20:46,D0,19.19,73.0,3846.0,695.0,1282.0,0,358
19:20:47,D0,19.19,73.0,3846.0,695.0,1282.0,0,359
19:20:47,D0,19.19,73.0,3846.0,695.0,1282.0,0,360
19:20:48,D0,19.19,73.0,3845.0,696.0,1283.0,0,361
19:20:48,D0,19.19,73.0,3843.0,696.0,1283.0,0,362
19:20:49,D0,19.19,73.0,3843.0,698.0,1283.0,0,363
19:20:50,D0,19.19,73.0,3844.0,699.0,1282.0,0,364
19:20:50,D0,19.19,73.0,3844.0,699.0,1282.0,0,365
19:20:51,D0,19.19,73.0,3844.0,696.0,1284.0,0,366
19:20:51,D0,19.19,73.0,3843.0,698.0,1282.0,0,367
19:20:52,D0,19.19,73.0,3844.0,696.0,1285.0,0,368
19:20:52,D0,19.19,73.0,3844.0,696.0,1285.0,0,369
19:20:53,D0,19.19,73.0,3845.0,696.0,1285.0,0,370
19:20:53,D0,19.19,73.0,3845.0,698.0,1284.0,0,371
19:20:54,D0,19.19,73.0,3845.0,698.0,1284.0,0,372
19:20:54,D0,19.19,73.0,3845.0,698.0,1284.0,0,373
19:20:55,D0,19.19,73.0,3846.0,698.0,1283.0,0,374
19:20:55,D0,19.19,73.0,3846.0,698.0,1283.0,0,375
19:20:56,D0,19.19,73.0,3846.0,698.0,1283.0,0,376
19:20:56,D0,19.19,73.0,3846.0,698.0,1283.0,0,377
19:20:57,D0,19.19,73.0,3843.0,697.0,1283.0,0,378
19:20:58,D0,19.19,73.0,3845.0,695.0,1284.0,0,379
19:20:58,D0,19.19,73.0,3845.0,695.0,1284.0,0,380
19:20:59,D0,19.19,73.0,3846.0,695.0,1287.0,0,381
19:20:59,D0,19.19,73.0,3846.0,695.0,1287.0,0,382
19:21:00,D0,19.19,73.0,3846.0,695.0,1287.0,0,383
19:21:00,D0,19.19,73.0,3846.0,695.0,1287.0,0,384
19:21:01,D0,19.19,73.0,3846.0,695.0,1285.0,0,385
19:21:01,D0,19.19,73.0,3846.0,695.0,1285.0,0,386
19:21:02,D0,19.19,73.0,3846.0,695.0,1285.0,0,387
19:21:02,D0,19.19,73.0,3846.0,695.0,1285.0,0,388
19:21:03,D0,19.19,73.0,3846.0,695.0,1285.0,0,389
19:21:03,D0,19.19,73.0,3846.0,697.0,1286.0,0,390
19:21:04,D0,19.19,73.0,3846.0,697.0,1286.0,0,391
19:21:04,D0,19.19,73.0,3845.0,695.0,1284.0,0,392
19:21:05,D0,19.19,73.0,3845.0,695.0,1284.0,0,393
19:21:05,D0,19.19,73.0,3845.0,695.0,1284.0,0,394
19:21:06,D0,19.19,73.0,3845.0,695.0,1284.0,0,395
19:21:06,D0,19.19,73.0,3845.0,695.0,1284.0,0,396
19:21:07,D0,19.19,73.0,3845.0,695.0,1284.0,0,397
19:21:07,D0,19.19,73.0,3845.0,695.0,1284.0,0,398
19:21:08,D0,19.19,73.0,3845.0,695.0,1284.0,0,399
19:21:08,D0,19.19,73.0,3845.0,695.0,1284.0,0,400
19:21:09,D0,19.19,73.0,3845.0,695.0,1284.0,0,401
19:21:10,D0,19.19,73.0,3845.0,695.0,1284.0,0,402
19:21:10,D0,19.19,73.0,3845.0,695.0,1284.0,0,403
19:21:11,D0,19.19,73.0,3845.0,695.0,1284.0,0,404
19:21:12,D0,19.19,73.0,3845.0,695.0,1284.0,0,405
19:21:13,D0,19.19,73.0,3845.0,695.0,1284.0,0,406
19:21:13,D0,19.19,73.0,3845.0,695.0,1284.0,0,407
19:21:14,D0,19.19,73.0,3845.0,695.0,1284.0,0,408
19:21:14,D0,19.19,73.0,3845.0,695.0,1284.0,0,409
19:21:15,D0,19.19,73.0,3845.0,695.0,1284.0,0,410
19:21:15,D0,19.19,73.0,3845.0,695.0,1284.0,0,411
19:21:16,D0,19.19,73.0,3845.0,695.0,1284.0,0,412
19:21:16,D0,19.19,73.0,3845.0,695.0,1284.0,0,413
19:21:17,D0,19.19,73.0,3845.0,695.0,1284.0,0,414
19:21:17,D0,19.19,73.0,3845.0,695.0,1284.0,0,415
19:21:18,D0,19.19,73.0,3845.0,695.0,1284.0,0,416
19:21:18,D0,19.19,73.0,3845.0,695.0,1284.0,0,417
19:21:19,D0,19.19,73.0,3840.0,703.0,1283.0,0,418
19:21:19,D0,19.19,73.0,3840.0,703.0,1283.0,0,419
19:21:20,D0,19.19,73.0,3840.0,703.0,1283.0,0,420
19:21:20,D0,19.19,73.0,3840.0,703.0,1283.0,0,421
19:21:21,D0,19.19,73.0,3842.0,704.0,1283.0,0,422
19:21:22,D0,19.19,73.0,3842.0,704.0,1283.0,0,423
19:21:23,D0,19.19,73.0,3842.0,704.0,1283.0,0,424
19:21:23,D0,19.19,73.0,3842.0,704.0,1283.0,0,425
19:21:24,D0,19.19,81.0,3842.0,704.0,1283.0,0,426
19:21:24,D0,19.19,81.0,3842.0,704.0,1283.0,0,427
19:21:25,D0,19.19,81.0,3842.0,704.0,1283.0,0,428
19:21:25,D0,19.19,81.0,3844.0,702.0,1285.0,0,429
19:21:26,D0,19.19,81.0,3844.0,702.0,1285.0,0,430
19:21:26,D0,19.19,81.0,3843.0,702.0,1283.0,0,431
19:21:27,D0,19.19,81.0,3843.0,702.0,1283.0,0,432
19:21:28,D0,19.19,81.0,3843.0,702.0,1283.0,0,433
19:21:28,D0,19.19,81.0,3843.0,702.0,1283.0,0,434
19:21:29,D0,19.19,81.0,3843.0,702.0,1283.0,0,435
19:21:29,D0,19.34,81.0,3843.0,702.0,1283.0,0,436
19:21:30,D0,19.34,81.0,3845.0,700.0,1286.0,0,437
19:21:30,D0,19.34,81.0,3844.0,699.0,1285.0,0,438
19:21:31,D0,19.34,81.0,3844.0,699.0,1285.0,0,439
19:21:31,D0,19.34,81.0,3844.0,699.0,1285.0,0,440
19:21:32,D0,19.34,81.0,3844.0,699.0,1285.0,0,441
19:21:32,D0,19.34,81.0,3844.0,699.0,1285.0,0,442
19:21:33,D0,19.34,81.0,3842.0,700.0,1287.0,0,443
19:21:33,D0,19.34,81.0,3842.0,700.0,1287.0,0,444
19:21:34,D0,19.34,81.0,3842.0,700.0,1287.0,0,445
19:21:35,D0,19.34,81.0,3842.0,700.0,1287.0,0,446
19:21:35,D0,19.34,81.0,3842.0,700.0,1287.0,0,447
19:21:36,D0,19.34,81.0,3842.0,700.0,1287.0,0,448
19:21:36,D0,19.34,81.0,3842.0,700.0,1287.0,0,449
19:21:37,D0,19.34,81.0,3842.0,700.0,1287.0,0,450
19:21:37,D0,19.34,81.0,3842.0,700.0,1287.0,0,451
19:21:38,D0,19.34,81.0,3842.0,700.0,1287.0,0,452
19:21:38,D0,19.34,81.0,3842.0,700.0,1287.0,0,453
19:21:39,D0,19.34,81.0,3842.0,700.0,1287.0,0,454
19:21:39,D0,19.34,81.0,3845.0,696.0,1287.0,0,455
19:21:40,D0,19.34,81.0,3845.0,696.0,1287.0,0,456
19:21:40,D0,19.34,81.0,3845.0,696.0,1287.0,0,457
19:21:41,D0,19.34,81.0,3843.0,698.0,1288.0,0,458
19:21:42,D0,19.34,81.0,3843.0,698.0,1288.0,0,459
19:21:42,D0,19.34,81.0,3841.0,696.0,1288.0,0,460
19:21:43,D0,19.34,81.0,3843.0,698.0,1290.0,0,461
19:21:43,D0,19.34,81.0,3843.0,698.0,1290.0,0,462
19:21:44,D0,19.34,76.0,3844.0,696.0,1290.0,0,463
19:21:45,D0,19.34,76.0,3844.0,696.0,1290.0,0,464
19:21:45,D0,19.34,76.0,3842.0,697.0,1291.0,0,465
19:21:46,D0,19.34,76.0,3842.0,697.0,1291.0,0,466
19:21:46,D0,19.34,76.0,3842.0,697.0,1291.0,0,467
19:21:47,D0,19.34,76.0,3842.0,697.0,1291.0,0,468
19:21:47,D0,19.28,76.0,3845.0,697.0,1291.0,0,469
19:21:48,D0,19.28,76.0,3845.0,697.0,1291.0,0,470
19:21:48,D0,19.28,76.0,3843.0,699.0,1291.0,0,471
19:21:49,D0,19.28,76.0,3843.0,699.0,1291.0,0,472
19:21:50,D0,19.28,76.0,3844.0,697.0,1290.0,0,473
19:21:50,D0,19.28,76.0,3844.0,697.0,1290.0,0,474
19:21:51,D0,19.28,76.0,3844.0,697.0,1290.0,0,475
19:21:51,D0,19.28,76.0,3844.0,695.0,1290.0,0,476
19:21:52,D0,19.28,76.0,3844.0,695.0,1290.0,0,477
19:21:52,D0,19.28,76.0,3844.0,695.0,1290.0,0,478
19:21:53,D0,19.28,76.0,3844.0,695.0,1290.0,0,479
19:21:53,D0,19.28,76.0,3844.0,695.0,1290.0,0,480
19:21:54,D0,19.28,76.0,3844.0,695.0,1290.0,0,481
19:21:54,D0,19.28,76.0,3842.0,698.0,1292.0,0,482
19:21:55,D0,19.28,76.0,3844.0,697.0,1291.0,0,483
19:21:55,D0,19.28,76.0,3844.0,696.0,1290.0,0,484
19:21:56,D0,19.28,76.0,3842.0,697.0,1291.0,0,485
19:21:56,D0,19.28,76.0,3842.0,697.0,1291.0,0,486
19:21:57,D0,19.28,76.0,3842.0,697.0,1291.0,0,487
19:21:57,D0,19.28,76.0,3842.0,697.0,1291.0,0,488
19:21:58,D0,19.28,76.0,3842.0,697.0,1291.0,0,489
19:21:59,D0,19.28,76.0,3845.0,697.0,1290.0,0,490
19:21:59,D0,19.28,76.0,3841.0,700.0,1291.0,0,491
19:22:00,D0,19.28,76.0,3841.0,700.0,1291.0,0,492
19:22:00,D0,19.28,76.0,3841.0,700.0,1291.0,0,493
19:22:01,D0,19.28,76.0,3841.0,700.0,1291.0,0,494
19:22:01,D0,19.28,76.0,3841.0,700.0,1291.0,0,495
19:22:02,D0,19.28,76.0,3841.0,700.0,1291.0,0,496
19:22:02,D0,19.28,76.0,3841.0,700.0,1291.0,0,497
19:22:03,D0,19.28,76.0,3842.0,696.0,1291.0,0,498
19:22:03,D0,19.28,76.0,3842.0,696.0,1291.0,0,499
19:22:04,D0,19.28,76.0,3844.0,697.0,1291.0,0,500
19:22:04,D0,19.28,76.0,3844.0,697.0,1291.0,0,501
19:22:05,D0,19.28,76.0,3842.0,694.0,1291.0,0,502
19:22:06,D0,19.23,74.0,3841.0,694.0,1293.0,0,503
19:22:07,D0,19.23,74.0,3844.0,696.0,1291.0,0,504
19:22:08,D0,19.23,74.0,3840.0,696.0,1290.0,0,505
19:22:08,D0,19.23,74.0,3845.0,698.0,1291.0,0,506
19:22:09,D0,19.23,74.0,3843.0,694.0,1292.0,0,507
19:22:10,D0,19.23,74.0,3843.0,694.0,1292.0,0,508
19:22:10,D0,19.23,74.0,3843.0,694.0,1292.0,0,509
19:22:11,D0,19.23,74.0,3843.0,694.0,1292.0,0,510
19:22:11,D0,19.23,74.0,3843.0,694.0,1292.0,0,511
19:22:12,D0,19.23,74.0,3843.0,694.0,1292.0,0,512
19:22:13,D0,19.23,74.0,3843.0,694.0,1292.0,0,513
19:22:13,D0,19.23,74.0,3843.0,694.0,1292.0,0,514
19:22:14,D0,19.23,74.0,3843.0,694.0,1292.0,0,515
19:22:15,D0,19.23,74.0,3843.0,694.0,1292.0,0,516
19:22:15,D0,19.23,74.0,3843.0,694.0,1292.0,0,517
19:22:16,D0,19.23,74.0,3843.0,694.0,1292.0,0,518
19:22:16,D0,19.23,74.0,3843.0,694.0,1292.0,0,519
19:22:17,D0,19.23,74.0,3843.0,694.0,1292.0,0,520
19:22:17,D0,19.23,74.0,3843.0,694.0,1292.0,0,521
19:22:18,D0,19.23,74.0,3843.0,694.0,1292.0,0,522
19:22:18,D0,19.23,74.0,3843.0,694.0,1292.0,0,523
19:22:19,D0,19.23,74.0,3843.0,694.0,1292.0,0,524
19:22:19,D0,19.23,74.0,3843.0,694.0,1292.0,0,525
19:22:20,D0,19.23,74.0,3843.0,694.0,1292.0,0,526
19:22:21,D0,19.23,74.0,3843.0,694.0,1292.0,0,527
19:22:21,D0,19.23,74.0,3843.0,694.0,1292.0,0,528
19:22:22,D0,19.23,74.0,3843.0,694.0,1292.0,0,529
19:22:22,D0,19.23,74.0,3842.0,696.0,1295.0,0,530
19:22:23,D0,19.23,74.0,3842.0,696.0,1295.0,0,531
19:22:23,D0,19.23,74.0,3842.0,696.0,1295.0,0,532
19:22:24,D0,19.23,74.0,3842.0,696.0,1295.0,0,533
19:22:24,D0,19.23,74.0,3842.0,696.0,1295.0,0,534
19:22:25,D0,19.23,74.0,3842.0,696.0,1295.0,0,535
19:22:25,D0,19.23,74.0,3842.0,696.0,1295.0,0,536
19:22:26,D0,19.23,74.0,3842.0,697.0,1296.0,0,537
19:22:26,D0,19.23,74.0,3842.0,697.0,1296.0,0,538
19:22:27,D0,19.23,74.0,3842.0,697.0,1296.0,0,539
19:22:27,D0,19.23,74.0,3842.0,697.0,1296.0,0,540
19:22:28,D0,19.23,74.0,3842.0,697.0,1296.0,0,541
19:22:29,D0,19.23,74.0,3842.0,697.0,1296.0,0,542
19:22:29,D0,19.23,74.0,3841.0,696.0,1293.0,0,543
19:22:30,D0,19.23,74.0,3841.0,696.0,1293.0,0,544
19:22:30,D0,19.23,74.0,3841.0,696.0,1293.0,0,545
19:22:31,D0,19.23,74.0,3841.0,696.0,1293.0,0,546
19:22:31,D0,19.23,74.0,3841.0,694.0,1293.0,0,547
19:22:32,D0,19.23,74.0,3841.0,694.0,1293.0,0,548
19:22:32,D0,19.23,74.0,3841.0,694.0,1293.0,0,549
19:22:33,D0,19.23,74.0,3841.0,694.0,1293.0,0,550
19:22:34,D0,19.23,74.0,3841.0,694.0,1293.0,0,551
19:22:34,D0,19.23,74.0,3841.0,694.0,1293.0,0,552
19:22:35,D0,19.23,74.0,3841.0,694.0,1293.0,0,553
19:22:35,D0,19.23,74.0,3841.0,694.0,1293.0,0,554
19:22:36,D0,19.23,74.0,3841.0,694.0,1293.0,0,555
19:22:36,D0,19.23,74.0,3841.0,694.0,1293.0,0,556
19:22:37,D0,19.23,74.0,3841.0,694.0,1293.0,0,557
19:22:37,D0,19.23,74.0,3841.0,694.0,1293.0,0,558
19:22:38,D0,19.23,74.0,3841.0,694.0,1293.0,0,559
19:22:38,D0,19.23,74.0,3841.0,694.0,1293.0,0,560
19:22:39,D0,19.23,74.0,3841.0,694.0,1293.0,0,561
19:22:39,D0,19.23,74.0,3841.0,694.0,1293.0,0,562
19:22:40,D0,19.23,74.0,3841.0,694.0,1293.0,0,563
19:22:40,D0,19.23,74.0,3841.0,694.0,1297.0,0,564
19:22:41,D0,19.23,74.0,3841.0,694.0,1297.0,0,565
19:22:41,D0,19.23,74.0,3841.0,694.0,1297.0,0,566
19:22:42,D0,19.23,74.0,3841.0,694.0,1297.0,0,567
19:22:43,D0,19.23,74.0,3841.0,694.0,1297.0,0,568
19:22:43,D0,19.23,74.0,3841.0,694.0,1297.0,0,569
19:22:44,D0,19.23,74.0,3841.0,694.0,1297.0,0,570
19:22:44,D0,19.23,74.0,3841.0,694.0,1297.0,0,571
19:22:45,D0,19.23,74.0,3841.0,694.0,1297.0,0,572
19:22:45,D0,19.23,74.0,3841.0,693.0,1296.0,0,573
19:22:46,D0,19.23,74.0,3841.0,693.0,1296.0,0,574
19:22:46,D0,19.23,74.0,3841.0,693.0,1296.0,0,575
19:22:47,D0,19.23,74.0,3841.0,693.0,1296.0,0,576
19:22:47,D0,19.23,74.0,3841.0,693.0,1296.0,0,577
19:22:48,D0,19.23,74.0,3841.0,693.0,1296.0,0,578
19:22:49,D0,19.23,74.0,3841.0,693.0,1296.0,0,579
19:22:50,D0,19.23,74.0,3842.0,694.0,1295.0,0,580
19:22:50,D0,19.23,74.0,3842.0,694.0,1295.0,0,581
19:22:51,D0,19.23,74.0,3842.0,694.0,1295.0,0,582
19:22:51,D0,19.23,74.0,3842.0,694.0,1295.0,0,583
19:22:52,D0,19.23,74.0,3840.0,696.0,1295.0,0,584
19:22:52,D0,19.23,74.0,3844.0,694.0,1296.0,0,585
19:22:53,D0,19.23,74.0,3844.0,694.0,1296.0,0,586
19:22:53,D0,19.23,74.0,3844.0,694.0,1296.0,0,587
19:22:54,D0,19.23,74.0,3844.0,694.0,1296.0,0,588
19:22:54,D0,19.23,74.0,3844.0,694.0,1296.0,0,589
19:22:55,D0,19.23,74.0,3844.0,694.0,1296.0,0,590
19:22:55,D0,19.23,74.0,3844.0,694.0,1296.0,0,591
19:22:56,D0,19.23,74.0,3844.0,694.0,1296.0,0,592
19:22:57,D0,19.23,74.0,3841.0,694.0,1296.0,0,593
19:22:57,D0,19.23,74.0,3842.0,696.0,1295.0,0,594
19:22:58,D0,19.23,74.0,3842.0,696.0,1295.0,0,595
19:22:58,D0,19.23,74.0,3842.0,696.0,1295.0,0,596
19:22:59,D0,19.23,74.0,3843.0,694.0,1292.0,0,597
19:22:59,D0,19.23,74.0,3843.0,694.0,1292.0,0,598
19:23:00,D0,19.23,74.0,3843.0,694.0,1292.0,0,599
19:23:00,D0,19.23,74.0,3843.0,694.0,1292.0,0,600
19:23:01,D0,19.23,74.0,3843.0,694.0,1292.0,0,601
19:23:01,D0,19.23,74.0,3840.0,695.0,1294.0,0,602
19:23:02,D0,19.23,74.0,3840.0,693.0,1295.0,0,603
19:23:02,D0,19.23,74.0,3840.0,693.0,1295.0,0,604
19:23:03,D0,19.23,74.0,3840.0,693.0,1295.0,0,605
19:23:04,D0,19.23,74.0,3842.0,694.0,1296.0,0,606
19:23:04,D0,19.23,74.0,3840.0,695.0,1296.0,0,607
19:23:05,D0,19.23,74.0,3840.0,695.0,1296.0,0,608
19:23:05,D0,19.23,74.0,3840.0,695.0,1296.0,0,609
19:23:06,D0,19.23,74.0,3840.0,695.0,1296.0,0,610
19:23:07,D0,19.23,74.0,3840.0,695.0,1296.0,0,611
19:23:07,D0,19.23,74.0,3840.0,695.0,1296.0,0,612
19:23:08,D0,19.23,74.0,3840.0,695.0,1296.0,0,613
19:23:08,D0,19.23,74.0,3841.0,698.0,1298.0,0,614
19:23:09,D0,19.23,74.0,3841.0,698.0,1298.0,0,615
19:23:09,D0,19.23,74.0,3841.0,698.0,1298.0,0,616
19:23:10,D0,19.23,74.0,3841.0,698.0,1298.0,0,617
19:23:10,D0,19.23,74.0,3841.0,698.0,1298.0,0,618
19:23:11,D0,19.23,74.0,3841.0,698.0,1298.0,0,619
19:23:11,D0,19.23,74.0,3841.0,698.0,1298.0,0,620
19:23:12,D0,19.23,74.0,3841.0,698.0,1298.0,0,621
19:23:12,D0,19.23,74.0,3841.0,698.0,1298.0,0,622
19:23:13,D0,19.23,74.0,3843.0,695.0,1297.0,0,623
19:23:13,D0,19.23,74.0,3841.0,696.0,1295.0,0,624
19:23:14,D0,19.23,74.0,3841.0,696.0,1295.0,0,625
19:23:15,D0,19.15,74.0,3841.0,694.0,1296.0,0,626
19:23:15,D0,19.15,74.0,3841.0,694.0,1296.0,0,627
19:23:16,D0,19.15,74.0,3841.0,694.0,1296.0,0,628
19:23:17,D0,19.15,74.0,3843.0,693.0,1297.0,0,629
19:23:17,D0,19.15,74.0,3845.0,693.0,1297.0,0,630
19:23:18,D0,19.15,73.0,3844.0,694.0,1297.0,0,631
19:23:18,D0,19.15,73.0,3844.0,694.0,1297.0,0,632
19:23:19,D0,19.15,73.0,3844.0,694.0,1297.0,0,633
19:23:19,D0,19.15,73.0,3844.0,694.0,1297.0,0,634
19:23:20,D0,19.15,73.0,3844.0,694.0,1297.0,0,635
19:23:20,D0,19.15,73.0,3844.0,694.0,1297.0,0,636
19:23:21,D0,19.15,73.0,3844.0,694.0,1297.0,0,637
19:23:21,D0,19.15,73.0,3844.0,694.0,1297.0,0,638
19:23:22,D0,19.15,73.0,3844.0,694.0,1297.0,0,639
19:23:23,D0,19.15,73.0,3844.0,694.0,1297.0,0,640
19:23:23,D0,19.15,73.0,3844.0,694.0,1297.0,0,641
19:23:24,D0,19.15,73.0,3844.0,694.0,1297.0,0,642
19:23:24,D0,19.15,73.0,3844.0,694.0,1297.0,0,643
19:23:25,D0,19.15,73.0,3842.0,692.0,1298.0,0,644
19:23:25,D0,19.15,73.0,3842.0,692.0,1298.0,0,645
19:23:26,D0,19.15,73.0,3842.0,692.0,1298.0,0,646
19:23:26,D0,19.15,73.0,3841.0,694.0,1296.0,0,647
19:23:27,D0,19.15,73.0,3840.0,693.0,1298.0,0,648
19:23:27,D0,19.15,73.0,3840.0,693.0,1298.0,0,649
19:23:28,D0,19.15,73.0,3840.0,693.0,1298.0,0,650
19:23:28,D0,19.15,73.0,3840.0,693.0,1298.0,0,651
19:23:29,D0,19.15,73.0,3840.0,693.0,1298.0,0,652
19:23:29,D0,19.15,73.0,3840.0,693.0,1298.0,0,653
19:23:30,D0,19.15,73.0,3840.0,693.0,1298.0,0,654
19:23:30,D0,19.15,73.0,3840.0,693.0,1298.0,0,655
19:23:31,D0,19.15,73.0,3840.0,693.0,1298.0,0,656
19:23:31,D0,19.15,73.0,3840.0,693.0,1298.0,0,657
19:23:32,D0,19.15,73.0,3840.0,693.0,1298.0,0,658
19:23:32,D0,19.15,73.0,3840.0,693.0,1298.0,0,659
19:23:33,D0,19.15,73.0,3840.0,693.0,1298.0,0,660
19:23:33,D0,19.15,73.0,3840.0,693.0,1298.0,0,661
19:23:34,D0,19.15,73.0,3840.0,693.0,1298.0,0,662
19:23:35,D0,19.15,73.0,3840.0,693.0,1298.0,0,663
19:23:35,D0,19.15,73.0,3840.0,693.0,1298.0,0,664
19:23:36,D0,19.15,73.0,3840.0,693.0,1298.0,0,665
19:23:36,D0,19.15,73.0,3840.0,693.0,1298.0,0,666
19:23:37,D0,19.15,73.0,3840.0,693.0,1298.0,0,667
19:23:38,D0,19.15,73.0,3842.0,691.0,1297.0,0,668
19:23:38,D0,19.15,73.0,3842.0,691.0,1297.0,0,669
19:23:39,D0,19.15,73.0,3842.0,691.0,1297.0,0,670
19:23:39,D0,19.15,73.0,3842.0,691.0,1297.0,0,671
19:23:40,D0,19.15,73.0,3842.0,691.0,1297.0,0,672
19:23:40,D0,19.15,73.0,3842.0,691.0,1297.0,0,673
19:23:41,D0,19.15,73.0,3842.0,691.0,1297.0,0,674
19:23:41,D0,19.15,73.0,3842.0,691.0,1297.0,0,675
19:23:42,D0,19.15,73.0,3842.0,691.0,1297.0,0,676
19:23:42,D0,19.15,73.0,3842.0,695.0,1297.0,0,677
19:23:43,D0,19.15,73.0,3842.0,695.0,1297.0,0,678
19:23:43,D0,19.15,73.0,3842.0,695.0,1297.0,0,679
19:23:44,D0,19.15,73.0,3840.0,692.0,1297.0,0,680
19:23:44,D0,19.15,73.0,3840.0,692.0,1297.0,0,681
19:23:45,D0,19.15,73.0,3843.0,694.0,1299.0,0,682
19:23:45,D0,19.15,73.0,3843.0,694.0,1299.0,0,683
19:23:46,D0,19.15,73.0,3841.0,694.0,1299.0,0,684
19:23:47,D0,19.15,73.0,3841.0,694.0,1299.0,0,685
19:23:47,D0,19.15,73.0,3841.0,694.0,1299.0,0,686
19:23:48,D0,19.15,73.0,3841.0,694.0,1299.0,0,687
19:23:48,D0,19.15,73.0,3841.0,694.0,1299.0,0,688
19:23:49,D0,19.15,73.0,3841.0,694.0,1299.0,0,689
19:23:50,D0,19.15,73.0,3841.0,694.0,1299.0,0,690
19:23:50,D0,19.15,73.0,3842.0,692.0,1300.0,0,691
19:23:51,D0,19.15,73.0,3842.0,692.0,1300.0,0,692
19:23:51,D0,19.15,73.0,3842.0,692.0,1300.0,0,693
19:23:52,D0,19.15,73.0,3842.0,692.0,1300.0,0,694
19:23:52,D0,19.15,73.0,3840.0,695.0,1297.0,0,695
19:23:53,D0,19.15,73.0,3840.0,693.0,1300.0,0,696
19:23:53,D0,19.15,73.0,3840.0,692.0,1300.0,0,697
19:23:54,D0,19.15,73.0,3840.0,692.0,1300.0,0,698
19:23:54,D0,19.15,73.0,3840.0,692.0,1300.0,0,699
19:23:55,D0,19.15,73.0,3842.0,693.0,1300.0,0,700
19:23:56,D0,19.15,73.0,3842.0,693.0,1300.0,0,701
19:23:56,D0,19.15,73.0,3842.0,693.0,1300.0,0,702
19:23:57,D0,19.15,73.0,3842.0,693.0,1300.0,0,703
19:23:57,D0,19.15,73.0,3842.0,693.0,1300.0,0,704
19:23:58,D0,19.15,73.0,3842.0,693.0,1300.0,0,705
19:23:58,D0,19.15,73.0,3842.0,693.0,1300.0,0,706
19:23:59,D0,19.15,73.0,3842.0,693.0,1300.0,0,707
19:23:59,D0,19.15,73.0,3841.0,694.0,1302.0,0,708
19:24:00,D0,19.15,73.0,3841.0,694.0,1302.0,0,709
19:24:01,D0,19.15,73.0,3841.0,694.0,1302.0,0,710
19:24:02,D0,19.15,73.0,3840.0,693.0,1298.0,0,711
19:24:02,D0,19.15,73.0,3840.0,691.0,1300.0,0,712
19:24:03,D0,19.15,73.0,3840.0,691.0,1300.0,0,713
19:24:03,D0,19.15,73.0,3840.0,691.0,1300.0,0,714
19:24:04,D0,19.15,73.0,3840.0,691.0,1300.0,0,715
19:24:04,D0,19.15,73.0,3844.0,692.0,1299.0,0,716
19:24:05,D0,19.15,73.0,3840.0,692.0,1300.0,0,717
19:24:06,D0,19.15,73.0,3840.0,692.0,1300.0,0,718
19:24:06,D0,19.15,73.0,3841.0,695.0,1300.0,0,719
19:24:07,D0,19.15,73.0,3841.0,695.0,1300.0,0,720
19:24:07,D0,19.15,73.0,3841.0,695.0,1300.0,0,721
19:24:08,D0,19.15,73.0,3841.0,691.0,1300.0,0,722
19:24:08,D0,19.15,73.0,3841.0,692.0,1300.0,0,723
19:24:09,D0,19.15,73.0,3840.0,693.0,1299.0,0,724
19:24:09,D0,19.15,73.0,3840.0,693.0,1299.0,0,725
19:24:10,D0,19.15,73.0,3840.0,693.0,1299.0,0,726
19:24:10,D0,19.15,73.0,3840.0,693.0,1299.0,0,727
19:24:11,D0,19.15,73.0,3840.0,693.0,1299.0,0,728
19:24:11,D0,19.15,73.0,3840.0,693.0,1299.0,0,729
19:24:12,D0,19.15,73.0,3840.0,693.0,1299.0,0,730
19:24:12,D0,19.15,73.0,3840.0,693.0,1299.0,0,731
19:24:13,D0,19.15,73.0,3840.0,693.0,1299.0,0,732
19:24:13,D0,19.15,73.0,3837.0,699.0,1296.0,0,733
19:24:14,D0,19.15,73.0,3837.0,699.0,1296.0,0,734
19:24:15,D0,19.15,73.0,3841.0,699.0,1296.0,0,735
19:24:16,D0,19.15,73.0,3841.0,699.0,1296.0,0,736
19:24:16,D0,19.15,73.0,3841.0,699.0,1296.0,0,737
19:24:17,D0,19.15,73.0,3841.0,699.0,1296.0,0,738
19:24:17,D0,19.15,73.0,3841.0,699.0,1296.0,0,739
19:24:18,D0,19.15,77.0,3839.0,701.0,1293.0,0,740
19:24:18,D0,19.15,77.0,3842.0,703.0,1293.0,0,741
19:24:19,D0,19.15,77.0,3839.0,701.0,1295.0,0,742
19:24:20,D0,19.15,77.0,3839.0,706.0,1292.0,0,743
19:24:20,D0,19.15,77.0,3840.0,708.0,1293.0,0,744
19:24:21,D0,19.15,77.0,3840.0,708.0,1293.0,0,745
19:24:21,D0,19.15,77.0,3840.0,708.0,1293.0,0,746
19:24:22,D0,19.15,77.0,3836.0,707.0,1292.0,0,747
19:24:23,D0,19.15,77.0,3837.0,708.0,1291.0,0,748
19:24:23,D0,19.15,77.0,3837.0,707.0,1292.0,0,749
19:24:24,D0,19.15,77.0,3838.0,707.0,1292.0,0,750
19:24:24,D0,19.15,77.0,3838.0,707.0,1292.0,0,751
19:24:25,D0,19.15,77.0,3838.0,707.0,1292.0,0,752
19:24:25,D0,19.15,77.0,3838.0,707.0,1292.0,0,753
19:24:26,D0,19.15,77.0,3838.0,707.0,1292.0,0,754
19:24:27,D0,19.15,77.0,3838.0,707.0,1292.0,0,755
19:24:27,D0,19.15,77.0,3838.0,707.0,1292.0,0,756
19:24:28,D0,19.15,77.0,3838.0,707.0,1292.0,0,757
19:24:28,D0,19.15,77.0,3838.0,707.0,1292.0,0,758
19:24:29,D0,19.15,77.0,3838.0,707.0,1292.0,0,759
19:24:29,D0,19.15,77.0,3838.0,707.0,1292.0,0,760
19:24:30,D0,19.98,77.0,3834.0,710.0,1287.0,0,761
19:24:30,D0,19.98,77.0,3834.0,710.0,1287.0,0,762
19:24:31,D0,19.98,77.0,3834.0,710.0,1287.0,0,763
19:24:31,D0,19.98,77.0,3834.0,710.0,1287.0,0,764
19:24:32,D0,19.98,77.0,3834.0,707.0,1285.0,0,765
19:24:32,D0,19.98,77.0,3834.0,707.0,1285.0,0,766
19:24:33,D0,19.98,77.0,3834.0,707.0,1285.0,0,767
19:24:33,D0,19.98,77.0,3834.0,707.0,1285.0,0,768
19:24:34,D0,19.98,77.0,3834.0,707.0,1285.0,0,769
19:24:35,D0,19.98,77.0,3834.0,707.0,1285.0,0,770
19:24:35,D0,19.98,77.0,3834.0,707.0,1285.0,0,771
19:24:36,D0,19.98,77.0,3834.0,707.0,1285.0,0,772
19:24:36,D0,19.98,77.0,3835.0,708.0,1287.0,0,773
19:24:37,D0,19.98,77.0,3835.0,708.0,1287.0,0,774
19:24:37,D0,19.98,77.0,3835.0,708.0,1287.0,0,775
19:24:38,D0,19.98,77.0,3835.0,708.0,1287.0,0,776
19:24:39,D0,19.98,77.0,3835.0,708.0,1287.0,0,777
19:24:39,D0,19.98,77.0,3835.0,708.0,1287.0,0,778
19:24:40,D0,19.98,77.0,3835.0,708.0,1287.0,0,779
19:24:40,D0,19.98,77.0,3835.0,708.0,1287.0,0,780
19:24:41,D0,19.98,77.0,3835.0,708.0,1287.0,0,781
19:24:41,D0,19.98,77.0,3835.0,708.0,1287.0,0,782
19:24:42,D0,19.98,77.0,3837.0,710.0,1285.0,0,783
19:24:43,D0,19.98,77.0,3837.0,710.0,1285.0,0,784
19:24:43,D0,19.98,77.0,3837.0,710.0,1285.0,0,785
19:24:44,D0,19.98,77.0,3837.0,710.0,1285.0,0,786
19:24:44,D0,19.98,77.0,3837.0,710.0,1285.0,0,787
19:24:45,D0,19.98,77.0,3836.0,708.0,1289.0,0,788
19:24:45,D0,19.98,77.0,3836.0,708.0,1289.0,0,789
19:24:46,D0,19.98,77.0,3836.0,708.0,1289.0,0,790
19:24:46,D0,19.98,77.0,3836.0,708.0,1289.0,0,791
19:24:47,D0,19.98,77.0,3836.0,707.0,1290.0,0,792
19:24:47,D0,19.98,77.0,3836.0,707.0,1290.0,0,793
19:24:48,D0,19.98,77.0,3836.0,707.0,1290.0,0,794
19:24:48,D0,19.98,77.0,3834.0,708.0,1287.0,0,795
19:24:49,D0,19.98,77.0,3834.0,708.0,1287.0,0,796
19:24:49,D0,19.98,77.0,3834.0,708.0,1287.0,0,797
19:24:50,D0,19.98,77.0,3834.0,708.0,1287.0,0,798
19:24:50,D0,19.98,77.0,3834.0,708.0,1287.0,0,799
19:24:51,D0,19.98,77.0,3834.0,708.0,1287.0,0,800
19:24:51,D0,19.98,77.0,3834.0,708.0,1287.0,0,801
19:24:52,D0,19.98,77.0,3834.0,708.0,1287.0,0,802
19:24:52,D0,19.98,77.0,3834.0,708.0,1287.0,0,803
19:24:53,D0,19.98,77.0,3834.0,708.0,1287.0,0,804
19:24:53,D0,19.98,77.0,3834.0,708.0,1287.0,0,805
19:24:54,D0,19.98,77.0,3836.0,708.0,1288.0,0,806
19:24:54,D0,19.98,77.0,3836.0,708.0,1288.0,0,807
19:24:55,D0,19.98,77.0,3836.0,708.0,1288.0,0,808
19:24:56,D0,19.98,77.0,3836.0,708.0,1288.0,0,809
19:24:56,D0,19.98,77.0,3836.0,708.0,1288.0,0,810
19:24:57,D0,19.98,77.0,3836.0,708.0,1288.0,0,811
19:24:57,D0,19.98,77.0,3836.0,708.0,1288.0,0,812
19:24:58,D0,19.98,77.0,3836.0,708.0,1288.0,0,813
19:24:58,D0,19.98,77.0,3834.0,708.0,1289.0,0,814
19:24:59,D0,19.98,77.0,3836.0,708.0,1288.0,0,815
19:24:59,D0,19.98,77.0,3836.0,708.0,1288.0,0,816
19:25:00,D0,19.98,77.0,3836.0,708.0,1288.0,0,817
19:25:00,D0,19.98,77.0,3836.0,708.0,1288.0,0,818
19:25:01,D0,19.98,77.0,3836.0,708.0,1288.0,0,819
19:25:01,D0,19.98,77.0,3836.0,708.0,1288.0,0,820
19:25:02,D0,19.98,77.0,3836.0,708.0,1288.0,0,821
19:25:02,D0,19.98,77.0,3835.0,706.0,1288.0,0,822
19:25:03,D0,19.98,77.0,3837.0,709.0,1289.0,0,823
19:25:04,D0,19.98,77.0,3837.0,709.0,1289.0,0,824
19:25:04,D0,19.98,77.0,3837.0,709.0,1289.0,0,825
19:25:05,D0,19.98,77.0,3837.0,709.0,1289.0,0,826
19:25:05,D0,19.98,77.0,3837.0,709.0,1289.0,0,827
19:25:06,D0,19.98,77.0,3837.0,709.0,1289.0,0,828
19:25:06,D0,19.98,77.0,3837.0,709.0,1289.0,0,829
19:25:07,D0,19.98,77.0,3837.0,709.0,1289.0,0,830
19:25:07,D0,19.98,77.0,3837.0,709.0,1289.0,0,831
19:25:08,D0,19.98,77.0,3837.0,709.0,1289.0,0,832
19:25:08,D0,19.98,77.0,3837.0,709.0,1289.0,0,833
19:25:09,D0,19.98,77.0,3837.0,709.0,1289.0,0,834
19:25:09,D0,19.98,77.0,3837.0,709.0,1289.0,0,835
19:25:10,D0,19.98,77.0,3837.0,709.0,1289.0,0,836
19:25:10,D0,19.98,77.0,3837.0,709.0,1289.0,0,837
19:25:11,D0,19.98,77.0,3837.0,709.0,1289.0,0,838
19:25:11,D0,19.98,77.0,3837.0,709.0,1289.0,0,839
19:25:12,D0,19.98,77.0,3837.0,709.0,1289.0,0,840
19:25:12,D0,19.98,77.0,3837.0,709.0,1289.0,0,841
19:25:13,D0,19.98,77.0,3837.0,709.0,1289.0,0,842
19:25:13,D0,19.98,77.0,3837.0,709.0,1289.0,0,843
19:25:14,D0,19.98,77.0,3837.0,709.0,1289.0,0,844
19:25:14,D0,19.98,77.0,3837.0,709.0,1289.0,0,845
19:25:15,D0,19.98,77.0,3837.0,709.0,1289.0,0,846
19:25:15,D0,19.98,77.0,3837.0,709.0,1289.0,0,847
19:25:16,D0,19.98,77.0,3837.0,709.0,1289.0,0,848
19:25:17,D0,19.98,77.0,3837.0,709.0,1289.0,0,849
19:25:17,D0,19.98,77.0,3837.0,709.0,1289.0,0,850
19:25:18,D0,19.98,77.0,3837.0,709.0,1289.0,0,851
19:25:18,D0,19.98,77.0,3837.0,709.0,1289.0,0,852
19:25:19,D0,19.98,77.0,3837.0,709.0,1289.0,0,853
19:25:19,D0,19.98,77.0,3837.0,709.0,1289.0,0,854
19:25:20,D0,19.98,77.0,3837.0,709.0,1289.0,0,855
19:25:20,D0,19.98,77.0,3837.0,709.0,1289.0,0,856
19:25:21,D0,19.98,77.0,3837.0,709.0,1289.0,0,857
19:25:21,D0,19.98,77.0,3837.0,709.0,1289.0,0,858
19:25:22,D0,19.98,77.0,3837.0,709.0,1289.0,0,859
19:25:22,D0,19.98,77.0,3837.0,709.0,1289.0,0,860
19:25:23,D0,19.98,77.0,3837.0,709.0,1289.0,0,861
19:25:23,D0,19.98,77.0,3837.0,709.0,1289.0,0,862
19:25:24,D0,19.98,77.0,3837.0,709.0,1289.0,0,863
19:25:24,D0,19.98,77.0,3837.0,709.0,1289.0,0,864
19:25:25,D0,19.98,77.0,3837.0,709.0,1289.0,0,865
19:25:25,D0,19.98,77.0,3837.0,709.0,1289.0,0,866
19:25:26,D0,19.98,77.0,3837.0,709.0,1289.0,0,867
19:25:26,D0,19.98,77.0,3837.0,709.0,1289.0,0,868
19:25:27,D0,19.98,77.0,3837.0,709.0,1289.0,0,869
19:25:27,D0,19.98,77.0,3837.0,709.0,1289.0,0,870
19:25:28,D0,19.98,77.0,3837.0,709.0,1289.0,0,871
19:25:29,D0,19.98,77.0,3837.0,709.0,1289.0,0,872
19:25:29,D0,19.98,77.0,3837.0,709.0,1289.0,0,873
19:25:30,D0,19.98,77.0,3837.0,709.0,1289.0,0,874
19:25:30,D0,19.98,77.0,3837.0,709.0,1289.0,0,875
19:25:31,D0,19.98,77.0,3837.0,709.0,1289.0,0,876
19:25:31,D0,19.98,77.0,3837.0,709.0,1289.0,0,877
19:25:32,D0,19.98,77.0,3837.0,709.0,1289.0,0,878
19:25:32,D0,19.98,77.0,3837.0,709.0,1289.0,0,879
19:25:33,D0,19.98,77.0,3837.0,709.0,1289.0,0,880
19:25:33,D0,19.98,77.0,3837.0,709.0,1289.0,0,881
19:25:34,D0,19.98,77.0,3837.0,709.0,1289.0,0,882
19:25:34,D0,19.98,77.0,3837.0,709.0,1289.0,0,883
19:25:35,D0,19.98,77.0,3837.0,709.0,1289.0,0,884
19:25:35,D0,19.98,77.0,3837.0,709.0,1289.0,0,885
19:25:36,D0,19.98,77.0,3837.0,709.0,1289.0,0,886
19:25:36,D0,19.98,77.0,3837.0,709.0,1289.0,0,887
19:25:37,D0,19.98,77.0,3837.0,709.0,1289.0,0,888
19:25:37,D0,19.98,77.0,3837.0,709.0,1289.0,0,889
19:25:38,D0,19.98,77.0,3837.0,709.0,1289.0,0,890
19:25:38,D0,19.98,77.0,3837.0,709.0,1289.0,0,891
19:25:39,D0,19.98,77.0,3837.0,709.0,1289.0,0,892
19:25:39,D0,19.98,77.0,3837.0,709.0,1289.0,0,893
19:25:40,D0,19.98,77.0,3837.0,709.0,1289.0,0,894
19:25:40,D0,19.98,77.0,3837.0,709.0,1289.0,0,895
19:25:41,D0,19.98,77.0,3837.0,709.0,1289.0,0,896
19:25:42,D0,19.98,77.0,3837.0,709.0,1289.0,0,897
19:25:42,D0,19.98,77.0,3837.0,709.0,1289.0,0,898
19:25:43,D0,19.98,77.0,3837.0,709.0,1289.0,0,899
19:25:43,D0,19.98,77.0,3837.0,709.0,1289.0,0,900
19:25:44,D0,19.98,77.0,3837.0,709.0,1289.0,0,901
19:25:44,D0,19.98,77.0,3837.0,709.0,1289.0,0,902
19:25:45,D0,19.98,77.0,3837.0,709.0,1289.0,0,903
19:25:45,D0,19.98,77.0,3837.0,709.0,1289.0,0,904
19:25:46,D0,19.98,77.0,3837.0,709.0,1289.0,0,905
19:25:46,D0,19.98,77.0,3837.0,709.0,1289.0,0,906
19:25:47,D0,19.98,77.0,3837.0,709.0,1289.0,0,907
19:25:47,D0,19.98,77.0,3837.0,709.0,1289.0,0,908
19:25:48,D0,19.98,77.0,3837.0,709.0,1289.0,0,909
19:25:48,D0,19.98,77.0,3837.0,709.0,1289.0,0,910
19:25:49,D0,19.98,77.0,3837.0,709.0,1289.0,0,911
19:25:49,D0,19.98,77.0,3837.0,709.0,1289.0,0,912
19:25:50,D0,19.98,77.0,3837.0,709.0,1289.0,0,913
19:25:50,D0,19.98,77.0,3837.0,709.0,1289.0,0,914
19:25:51,D0,19.98,77.0,3837.0,709.0,1289.0,0,915
19:25:51,D0,19.98,77.0,3837.0,709.0,1289.0,0,916
19:25:52,D0,19.98,77.0,3837.0,709.0,1289.0,0,917
19:25:52,D0,19.98,77.0,3837.0,709.0,1289.0,0,918
19:25:53,D0,19.98,77.0,3837.0,709.0,1289.0,0,919
19:25:54,D0,19.98,77.0,3837.0,709.0,1289.0,0,920
19:25:54,D0,19.98,77.0,3837.0,709.0,1289.0,0,921
19:25:55,D0,19.98,77.0,3837.0,709.0,1289.0,0,922
19:25:55,D0,19.98,77.0,3837.0,709.0,1289.0,0,923
19:25:56,D0,19.98,77.0,3837.0,709.0,1289.0,0,924
19:25:56,D0,19.98,77.0,3837.0,709.0,1289.0,0,925
19:25:57,D0,19.98,77.0,3837.0,709.0,1289.0,0,926
19:25:57,D0,19.98,77.0,3837.0,709.0,1289.0,0,927
19:25:58,D0,19.98,77.0,3837.0,709.0,1289.0,0,928
19:25:58,D0,19.98,77.0,3837.0,709.0,1289.0,0,929
19:25:59,D0,19.98,77.0,3837.0,709.0,1289.0,0,930
19:25:59,D0,19.98,77.0,3837.0,709.0,1289.0,0,931
19:26:00,D0,19.98,77.0,3837.0,709.0,1289.0,0,932
19:26:00,D0,19.98,77.0,3837.0,709.0,1289.0,0,933
19:26:01,D0,19.98,77.0,3837.0,709.0,1289.0,0,934
19:26:01,D0,19.98,77.0,3837.0,709.0,1289.0,0,935
19:26:02,D0,19.98,77.0,3837.0,709.0,1289.0,0,936
19:26:02,D0,19.98,77.0,3837.0,709.0,1289.0,0,937
19:26:03,D0,19.98,77.0,3837.0,709.0,1289.0,0,938
19:26:03,D0,19.98,77.0,3837.0,709.0,1289.0,0,939
19:26:04,D0,19.98,77.0,3837.0,709.0,1289.0,0,940
19:26:04,D0,19.98,77.0,3837.0,709.0,1289.0,0,941
19:26:05,D0,19.98,77.0,3837.0,709.0,1289.0,0,942
19:26:05,D0,19.98,77.0,3837.0,709.0,1289.0,0,943
19:26:06,D0,19.98,77.0,3837.0,709.0,1289.0,0,944
19:26:07,D0,19.98,77.0,3837.0,709.0,1289.0,0,945
19:26:07,D0,19.98,77.0,3837.0,709.0,1289.0,0,946
