timestamp_unix,timestamp_iso,voltage_v,current_a,power_w,temp_c,energy_ws,capacity_as,duration_sec
1778534314.0788906,2026-05-11T22:18:34.078893,5.12828,0.6432,3.298509696,27.1,0.03298509696,0.006432,0.012891530990600586
1778534314.0789595,2026-05-11T22:18:34.078960,5.12828,0.6432,3.298509696,27.1,0.06597019392,0.012864,0.012891530990600586
1778534314.0789704,2026-05-11T22:18:34.078970,5.12828,0.6432,3.298509696,27.1,0.09895529088,0.019296,0.012891530990600586
1778534314.078977,2026-05-11T22:18:34.078977,5.12828,0.65991,3.3842032548,27.1,0.132797323428,0.0258951,0.012891530990600586
1778534314.106126,2026-05-11T22:18:34.106136,5.1377,0.68257,3.5068398889999997,27.0,0.16786572231799998,0.0327208,0.04008817672729492
1778534314.1061912,2026-05-11T22:18:34.106192,5.12738,0.63874,3.2750627011999995,27.0,0.20061634932999997,0.0391082,0.04008817672729492
1778534314.1062396,2026-05-11T22:18:34.106240,5.12738,0.63974,3.2801900811999998,27.0,0.23341825014199996,0.0455056,0.04008817672729492
1778534314.1062555,2026-05-11T22:18:34.106256,5.12738,0.63849,3.2737808561999997,27.0,0.26615605870399994,0.0518905,0.04008817672729492
1778534314.1458888,2026-05-11T22:18:34.145891,5.12738,0.65509,3.3588953641999995,27.0,0.29974501234599993,0.0584414,0.07989192008972168
1778534314.1459134,2026-05-11T22:18:34.145913,5.12738,0.63376,3.2495283487999997,27.0,0.33224029583399994,0.064779,0.07989192008972168
1778534314.145921,2026-05-11T22:18:34.145921,5.1275,0.63551,3.258577525,27.0,0.36482607108399995,0.0711341,0.07989192008972168
1778534314.1459305,2026-05-11T22:18:34.145932,5.1275,0.6233,3.19597075,27.0,0.39678577858399994,0.07736710000000001,0.07989192008972168
1778534314.1858618,2026-05-11T22:18:34.185864,5.1275,0.6238,3.1985345000000005,27.0,0.42877112358399994,0.08360510000000002,0.11986804008483887
1778534314.18588,2026-05-11T22:18:34.185880,5.1275,0.64198,3.29175245,27.0,0.46168864808399995,0.09002490000000002,0.11986804008483887
1778534314.1858852,2026-05-11T22:18:34.185885,5.1275,0.64572,3.3109293,26.9,0.49479794108399994,0.09648210000000002,0.11986804008483887
1778534314.1858897,2026-05-11T22:18:34.185890,5.1275,0.63575,3.2598081250000006,26.9,0.527396022334,0.10283960000000002,0.11986804008483887
1778534314.2259479,2026-05-11T22:18:34.225951,5.1275,0.63725,3.2674993750000003,26.9,0.560071016084,0.10921210000000002,0.15994811058044434
1778534314.2259789,2026-05-11T22:18:34.225979,5.1275,0.63725,3.2674993750000003,26.9,0.592746009834,0.11558460000000002,0.15994811058044434
1778534314.2259932,2026-05-11T22:18:34.225993,5.1275,0.62231,3.1908945250000005,26.9,0.624654955084,0.12180770000000002,0.15994811058044434
1778534314.2260065,2026-05-11T22:18:34.226006,5.1275,0.63053,3.2330425750000003,26.9,0.656985380834,0.12811300000000003,0.15994811058044434
1778534314.265851,2026-05-11T22:18:34.265852,5.12758,0.63177,3.2394512166000005,27.0,0.689379893,0.13443070000000004,0.1998589038848877
1778534314.2658656,2026-05-11T22:18:34.265865,5.12758,0.636,3.26114088,27.0,0.7219913018,0.14079070000000005,0.1998589038848877
1778534314.2658699,2026-05-11T22:18:34.265870,5.12758,0.65379,3.3523605281999997,27.0,0.7555149070820001,0.14732860000000006,0.1998589038848877
1778534314.2658737,2026-05-11T22:18:34.265873,5.12758,0.65379,3.3523605281999997,27.0,0.7890385123640001,0.15386650000000007,0.1998589038848877
1778534314.3057284,2026-05-11T22:18:34.305730,5.12758,0.64198,3.2918038084,27.0,0.8219565504480001,0.16028630000000008,0.23973631858825684
1778534314.3057437,2026-05-11T22:18:34.305744,5.12758,0.6233,3.196020614,27.0,0.8539167565880001,0.16651930000000006,0.23973631858825684
1778534314.305759,2026-05-11T22:18:34.305760,5.12758,0.63974,3.2803180292,27.0,0.8867199368800002,0.17291670000000006,0.23973631858825684
1778534314.3057642,2026-05-11T22:18:34.305764,5.12758,0.63551,3.2586283658,27.0,0.9193062205380002,0.17927180000000006,0.23973631858825684
1778534314.3458123,2026-05-11T22:18:34.345814,5.12758,0.63302,3.2458606916000003,27.0,0.9517648274540002,0.18560200000000007,0.279813289642334
1778534314.3458295,2026-05-11T22:18:34.345829,5.12758,0.63401,3.2509369957999996,27.0,0.9842741974120002,0.19194210000000006,0.279813289642334
1778534314.3458333,2026-05-11T22:18:34.345833,5.1275,0.62629,3.2113019750000005,27.0,1.016387217162,0.19820500000000005,0.279813289642334
1778534314.3458364,2026-05-11T22:18:34.345836,5.1275,0.63401,3.250886275,27.0,1.0488960799120002,0.20454510000000004,0.279813289642334
1778534314.3857856,2026-05-11T22:18:34.385788,5.1275,0.63376,3.2496044000000004,27.0,1.0813921239120001,0.21088270000000003,0.3197917938232422
1778534314.3858035,2026-05-11T22:18:34.385803,5.1275,0.62853,3.2227875750000003,27.0,1.1136199996620002,0.21716800000000003,0.3197917938232422
1778534314.3858075,2026-05-11T22:18:34.385807,5.1275,0.63526,3.2572956500000005,27.0,1.1461929561620001,0.22352060000000004,0.3197917938232422
1778534314.3858116,2026-05-11T22:18:34.385811,5.1275,0.636,3.2610900000000003,27.0,1.1788038561620002,0.22988060000000005,0.3197917938232422
1778534314.4257884,2026-05-11T22:18:34.425791,5.1275,0.65017,3.3337466750000004,27.0,1.2121413229120002,0.23638230000000005,0.35979247093200684
1778534314.425831,2026-05-11T22:18:34.425831,5.1275,0.65017,3.3337466750000004,27.0,1.245478789662,0.24288400000000004,0.35979247093200684
1778534314.4258394,2026-05-11T22:18:34.425839,5.1275,0.62729,3.2164294750000004,27.0,1.2776430844120001,0.24915690000000004,0.35979247093200684
1778534314.4258468,2026-05-11T22:18:34.425847,5.1275,0.62106,3.18448515,27.0,1.3094879359120002,0.2553675,0.35979247093200684
1778534314.471933,2026-05-11T22:18:34.471935,5.12746,0.65062,3.3360280252,27.0,1.3428482161640003,0.26187370000000004,0.40593624114990234
1778534314.471958,2026-05-11T22:18:34.471958,5.12746,0.65062,3.3360280252,27.0,1.3762084964160004,0.26837990000000006,0.40593624114990234
1778534314.471966,2026-05-11T22:18:34.471966,5.12746,0.63775,3.270037615,27.0,1.4089088725660004,0.27475740000000004,0.40593624114990234
1778534314.4719734,2026-05-11T22:18:34.471973,5.12746,0.63974,3.2802412604,27.0,1.4417112851700005,0.28115480000000004,0.40593624114990234
1778534314.5057945,2026-05-11T22:18:34.505797,5.12746,0.63351,3.2482971846,27.0,1.4741942570160005,0.2874899,0.43977832794189453
1778534314.5058334,2026-05-11T22:18:34.505834,5.12746,0.63575,3.259782695,27.0,1.5067920839660005,0.29384740000000004,0.43977832794189453
1778534314.5058465,2026-05-11T22:18:34.505847,5.12746,0.63526,3.2572702396000004,27.0,1.5393647863620006,0.3002,0.43977832794189453
1778534314.505855,2026-05-11T22:18:34.505855,5.12746,0.62928,3.2266080288,27.0,1.5716308666500005,0.3064928,0.43977832794189453
1778534314.5459251,2026-05-11T22:18:34.545947,5.12746,0.64024,3.2828049904000003,27.0,1.6044589165540004,0.3128952,0.4799230098724365
1778534314.5459847,2026-05-11T22:18:34.545986,5.12746,0.63899,3.2763956654,27.0,1.6372228732080003,0.3192851,0.4799230098724365
1778534314.5459957,2026-05-11T22:18:34.545996,5.1275,0.64024,3.2828306000000005,27.0,1.6700511792080004,0.32568749999999996,0.4799230098724365
1778534314.5460033,2026-05-11T22:18:34.546003,5.1275,0.63849,3.2738574750000002,27.0,1.7027897539580004,0.3320724,0.4799230098724365
1778534314.5857403,2026-05-11T22:18:34.585742,5.1275,0.63077,3.2342731750000007,27.0,1.7351324857080004,0.3383801,0.5197477340698242
1778534314.5857549,2026-05-11T22:18:34.585755,5.1275,0.61633,3.1602320750000006,27.0,1.7667348064580004,0.3445434,0.5197477340698242
1778534314.5857596,2026-05-11T22:18:34.585759,5.1275,0.63476,3.2547319000000003,27.0,1.7992821254580005,0.350891,0.5197477340698242
1778534314.5857632,2026-05-11T22:18:34.585763,5.1275,0.65127,3.3393869250000003,27.0,1.8326759947080005,0.3574037,0.5197477340698242
1778534314.6266022,2026-05-11T22:18:34.626609,5.1275,0.65127,3.3393869250000003,27.0,1.8660698639580005,0.3639164,0.5605456829071045
1778534314.6266813,2026-05-11T22:18:34.626686,5.1275,0.63924,3.2777031000000005,27.0,1.8988468949580004,0.3703088,0.5605456829071045
1778534314.6267195,2026-05-11T22:18:34.626720,5.1275,0.63127,3.2368369250000004,27.0,1.9312152642080005,0.3766215,0.5605456829071045
1778534314.6267514,2026-05-11T22:18:34.626752,5.1275,0.63177,3.2394006750000006,27.0,1.9636092709580004,0.3829392,0.5605456829071045
1778534314.6669965,2026-05-11T22:18:34.667002,5.12746,0.62156,3.1870240376,27.0,1.9954795113340005,0.38915479999999997,0.6009862422943115
1778534314.6671052,2026-05-11T22:18:34.667106,5.12746,0.62604,3.2099950584,27.0,2.0275794619180005,0.39541519999999997,0.6009862422943115
1778534314.667129,2026-05-11T22:18:34.667129,5.12746,0.63775,3.270037615,27.0,2.0602798380680007,0.40179269999999995,0.6009862422943115
1778534314.66715,2026-05-11T22:18:34.667151,5.12746,0.63351,3.2482971846,27.0,2.0927628099140008,0.40812779999999993,0.6009862422943115
1778534314.7062347,2026-05-11T22:18:34.706240,5.12746,0.63476,3.2547065096,27.0,2.1253098750100006,0.41447539999999994,0.6402263641357422
1778534314.7063115,2026-05-11T22:18:34.706312,5.12746,0.63252,3.2432209992,27.0,2.1577420850020004,0.4208005999999999,0.6402263641357422
1778534314.7063336,2026-05-11T22:18:34.706334,5.12746,0.61932,3.1755385272,27.0,2.1894974702740004,0.4269937999999999,0.6402263641357422
1778534314.706357,2026-05-11T22:18:34.706358,5.12746,0.61957,3.1768203922,27.0,2.2212656741960006,0.43318949999999995,0.6402263641357422
1778534314.746114,2026-05-11T22:18:34.746119,5.12746,0.63376,3.2495790496,27.0,2.253761464692001,0.43952709999999995,0.6801068782806396
1778534314.746162,2026-05-11T22:18:34.746162,5.12746,0.63526,3.2572702396000004,27.0,2.286334167088001,0.44587969999999993,0.6801068782806396
1778534314.746179,2026-05-11T22:18:34.746180,5.12742,0.63277,3.2444775534000003,27.0,2.318778942622001,0.4522073999999999,0.6801068782806396
1778534314.7461946,2026-05-11T22:18:34.746195,5.12742,0.63376,3.2495536992,27.0,2.351274479614001,0.4585449999999999,0.6801068782806396
1778534314.7861605,2026-05-11T22:18:34.786165,5.12742,0.63177,3.2393501334000003,27.0,2.383667980948001,0.4648626999999999,0.7201530933380127
1778534314.7862077,2026-05-11T22:18:34.786208,5.12742,0.65031,3.3344125002,27.0,2.417012105950001,0.4713657999999999,0.7201530933380127
1778534314.7862253,2026-05-11T22:18:34.786226,5.12742,0.61957,3.1767956093999996,27.0,2.448780062044001,0.4775614999999999,0.7201530933380127
1778534314.786241,2026-05-11T22:18:34.786241,5.12742,0.62181,3.1882810301999998,27.0,2.480662872346001,0.4837795999999999,0.7201530933380127
1778534314.8261602,2026-05-11T22:18:34.826165,5.12742,0.6365,3.2636028299999995,27.0,2.5132989006460007,0.49014459999999993,0.76015305519104
1778534314.826207,2026-05-11T22:18:34.826208,5.12742,0.63426,3.2521174092000003,27.0,2.5458200747380006,0.4964871999999999,0.76015305519104
1778534314.8262255,2026-05-11T22:18:34.826226,5.12742,0.63476,3.2546811192,27.0,2.578366885930001,0.5028347999999999,0.76015305519104
1778534314.8262408,2026-05-11T22:18:34.826241,5.12742,0.65031,3.3344125002,27.0,2.6117110109320008,0.5093378999999999,0.76015305519104
1778534314.8660467,2026-05-11T22:18:34.866050,5.12746,0.61982,3.1781022572000004,27.0,2.6434920335040006,0.5155360999999999,0.8000462055206299
1778534314.8660939,2026-05-11T22:18:34.866094,5.12746,0.61783,3.1678986118,27.0,2.6751710196220007,0.5217143999999999,0.8000462055206299
1778534314.8661072,2026-05-11T22:18:34.866107,5.12746,0.6465,3.31490289,27.0,2.7083200485220007,0.5281794,0.8000462055206299
1778534314.8661165,2026-05-11T22:18:34.866117,5.12746,0.636,3.2610645600000003,27.0,2.740930694122001,0.5345394,0.8000462055206299
1778534314.906271,2026-05-11T22:18:34.906274,5.12746,0.63302,3.2457847292000004,27.0,2.773388541414001,0.5408696,0.8402707576751709
1778534314.9063027,2026-05-11T22:18:34.906303,5.12746,0.636,3.2610645600000003,27.0,2.805999187014001,0.5472296,0.8402707576751709
1778534314.9063146,2026-05-11T22:18:34.906315,5.12746,0.63077,3.2342479442000003,27.0,2.8383416664560013,0.5535373,0.8402707576751709
1778534314.9063244,2026-05-11T22:18:34.906325,5.12746,0.69975,3.587940135,26.9,2.874221067806001,0.5605348,0.8402707576751709
1778534314.9459088,2026-05-11T22:18:34.945911,5.12746,0.63202,3.2406572692,26.9,2.906627640498001,0.566855,0.8799118995666504
1778534314.9459338,2026-05-11T22:18:34.945934,5.12746,0.62679,3.2138406533999997,26.9,2.938766047032001,0.5731229,0.8799118995666504
1778534314.9459426,2026-05-11T22:18:34.945942,5.1273,0.64402,3.302083746,27.0,2.9717868844920012,0.5795631,0.8799118995666504
1778534314.9459503,2026-05-11T22:18:34.945950,5.1273,0.63351,3.248195823,27.0,3.0042688427220012,0.5858982,0.8799118995666504
1778534314.9857953,2026-05-11T22:18:34.985797,5.1273,0.63401,3.2507594729999996,27.0,3.0367764374520014,0.5922383,0.9198026657104492
1778534314.9858112,2026-05-11T22:18:34.985811,5.1273,0.64402,3.302083746,27.0,3.0697972749120015,0.5986785,0.9198026657104492
1778534314.9858158,2026-05-11T22:18:34.985815,5.11266,0.83348,4.2612998568,27.0,3.1124102734800014,0.6070133,0.9198026657104492
1778534314.9858193,2026-05-11T22:18:34.985819,5.1273,0.77172,3.9568399559999996,27.0,3.1519786730400012,0.6147305,0.9198026657104492
1778534315.0262198,2026-05-11T22:18:35.026221,5.1273,0.77969,3.9977045369999997,26.9,3.1919557184100014,0.6225274,0.9602274894714355
1778534315.0262346,2026-05-11T22:18:35.026234,5.1273,0.75056,3.848346288,26.9,3.2304391812900013,0.630033,0.9602274894714355
1778534315.0262387,2026-05-11T22:18:35.026238,5.1273,0.72914,3.738519522,27.0,3.2678243765100015,0.6373243999999999,0.9602274894714355
1778534315.02625,2026-05-11T22:18:35.026250,5.1273,0.8036,4.12029828,27.0,3.3090273593100012,0.6453604,0.9602274894714355
1778534315.0662107,2026-05-11T22:18:35.066212,5.12715,0.78467,4.0231207905,27.0,3.349258567215001,0.6532070999999999,1.0002186298370361
1778534315.0662253,2026-05-11T22:18:35.066225,5.12715,0.77496,3.973336164,27.0,3.3889919288550012,0.6609567,1.0002186298370361
1778534315.06623,2026-05-11T22:18:35.066230,5.12715,0.80036,4.103565774,27.0,3.4300275865950014,0.6689603,1.0002186298370361
1778534315.0662339,2026-05-11T22:18:35.066234,5.12715,0.79613,4.0818779295,27.0,3.4708463658900013,0.6769215999999999,1.0002186298370361
1778534315.1058636,2026-05-11T22:18:35.105866,5.12715,0.80609,4.1329443435,27.0,3.5121758093250013,0.6849824999999999,0.031640052795410156
1778534315.1058855,2026-05-11T22:18:35.105886,5.1039,1.25533,6.4070787870000006,27.0,3.5762465971950013,0.6975357999999999,0.031640052795410156
1778534315.1058934,2026-05-11T22:18:35.105893,5.14146,1.02872,5.289122731200001,27.0,3.6291378245070014,0.707823,0.031640052795410156
1778534315.105899,2026-05-11T22:18:35.105899,5.12715,1.01502,5.2041597930000005,27.0,3.6811794224370016,0.7179732,0.031640052795410156
1778534315.1457841,2026-05-11T22:18:35.145787,5.13895,0.99062,5.090746649,27.0,3.7320868889270016,0.7278794,0.07156157493591309
1778534315.145805,2026-05-11T22:18:35.145805,5.12715,1.0068,5.16201462,27.0,3.7837070351270015,0.7379473999999999,0.07156157493591309
1778534315.1458092,2026-05-11T22:18:35.145809,5.12691,1.02025,5.2307299275000005,27.0,3.8360143344020017,0.7481498999999999,0.07156157493591309
1778534315.145813,2026-05-11T22:18:35.145813,5.12691,1.01128,5.1847415448,27.0,3.8878617498500017,0.7582627,0.07156157493591309
1778534315.185824,2026-05-11T22:18:35.185826,5.12691,1.03444,5.3034807804,27.0,3.9408965576540016,0.7686071,0.11159634590148926
1778534315.1858535,2026-05-11T22:18:35.185853,5.12691,1.02747,5.2677462177,27.0,3.9935740198310015,0.7788818,0.11159634590148926
1778534315.1858613,2026-05-11T22:18:35.185861,5.12691,1.06582,5.4643632162,27.0,4.048217651993001,0.7895399999999999,0.11159634590148926
1778534315.185869,2026-05-11T22:18:35.185869,5.12691,1.03519,5.3073259629,27.0,4.1012909116220015,0.7998918999999999,0.11159634590148926
1778534315.2258584,2026-05-11T22:18:35.225860,5.12691,1.01353,5.1962770923,27.0,4.153253682545001,0.8100271999999998,0.15163016319274902
1778534315.2258878,2026-05-11T22:18:35.225888,5.12691,1.0708,5.489895227999999,27.0,4.208152634825002,0.8207351999999999,0.15163016319274902
1778534315.2258916,2026-05-11T22:18:35.225891,5.12691,1.0454,5.359671714,27.0,4.261749351965001,0.8311891999999999,0.15163016319274902
1778534315.225895,2026-05-11T22:18:35.225895,5.12691,1.05312,5.3992514592,27.0,4.315741866557001,0.8417203999999998,0.15163016319274902
1778534315.2658591,2026-05-11T22:18:35.265862,5.12711,1.09072,5.5922414192,27.0,4.371664280749001,0.8526275999999998,0.19163751602172852
1778534315.2658749,2026-05-11T22:18:35.265875,5.11517,1.31808,6.7422032735999995,27.0,4.439086313485001,0.8658083999999998,0.19163751602172852
1778534315.2658792,2026-05-11T22:18:35.265879,5.12711,1.37088,7.028652556800001,27.0,4.509372839053001,0.8795171999999998,0.19163751602172852
1778534315.2658896,2026-05-11T22:18:35.265889,5.13895,1.27102,6.531708229,27.0,4.574689921343001,0.8922273999999998,0.19163751602172852
1778534315.3060465,2026-05-11T22:18:35.306048,5.12711,1.23092,6.3110622412,27.0,4.637800543755001,0.9045365999999998,0.231825590133667
1778534315.3060613,2026-05-11T22:18:35.306061,5.13895,1.33377,6.8541773415,27.0,4.706342317170002,0.9178742999999998,0.231825590133667
1778534315.3060653,2026-05-11T22:18:35.306065,5.14271,1.04889,5.3941370919,26.9,4.760283688089002,0.9283631999999998,0.231825590133667
1778534315.306069,2026-05-11T22:18:35.306069,5.12711,1.04241,5.3445507351,26.9,4.813729195440002,0.9387872999999999,0.231825590133667
1778534315.3462486,2026-05-11T22:18:35.346254,5.12711,1.03693,5.316454172299999,26.9,4.866893737163002,0.9491565999999999,0.2719569206237793
1778534315.346296,2026-05-11T22:18:35.346297,5.12711,1.02847,5.2730788217,26.9,4.9196245253800015,0.9594412999999999,0.2719569206237793
1778534315.346312,2026-05-11T22:18:35.346312,5.12754,1.00456,5.1509215824,27.0,4.971133741204001,0.9694868999999999,0.2719569206237793
1778534315.3463254,2026-05-11T22:18:35.346325,5.12754,1.04515,5.359048431,26.9,5.024724225514001,0.9799383999999999,0.2719569206237793
1778534315.385863,2026-05-11T22:18:35.385865,5.14396,1.07205,5.5145823179999995,26.9,5.079870048694001,0.9906588999999999,0.31164097785949707
1778534315.385896,2026-05-11T22:18:35.385896,5.12754,1.04889,5.378225430600001,26.9,5.133652303000002,1.0011477999999998,0.31164097785949707
1778534315.385909,2026-05-11T22:18:35.385909,5.12754,1.03444,5.3041324776,26.9,5.186693627776002,1.0114921999999997,0.31164097785949707
1778534315.3859138,2026-05-11T22:18:35.385914,5.12754,1.26902,6.5069508108,26.9,5.251763135884002,1.0241823999999997,0.31164097785949707
1778534315.4260678,2026-05-11T22:18:35.426069,5.12754,1.03469,5.3054143626000005,26.9,5.304817279510003,1.0345292999999998,0.35184645652770996
1778534315.4260833,2026-05-11T22:18:35.426083,5.12754,1.22719,6.2924658126,26.9,5.367741937636002,1.0468011999999998,0.35184645652770996
1778534315.4260879,2026-05-11T22:18:35.426088,5.10891,1.1993,6.127115763,27.0,5.4290130952660025,1.0587941999999997,0.35184645652770996
1778534315.4260914,2026-05-11T22:18:35.426091,5.11266,1.24636,6.372214917599999,27.0,5.492735244442002,1.0712577999999997,0.35184645652770996
1778534315.46621,2026-05-11T22:18:35.466211,5.11767,1.21748,6.2306608716,27.0,5.555041853158002,1.0834325999999996,0.39198923110961914
1778534315.4662244,2026-05-11T22:18:35.466224,5.12781,1.27575,6.5418036075,27.0,5.620459889233002,1.0961900999999996,0.39198923110961914
1778534315.4662287,2026-05-11T22:18:35.466229,5.12781,1.24985,6.408993328499999,27.0,5.684549822518002,1.1086885999999996,0.39198923110961914
1778534315.4662414,2026-05-11T22:18:35.466241,5.12781,1.2506,6.412839186,27.0,5.7486782143780015,1.1211945999999995,0.39198923110961914
1778534315.5058477,2026-05-11T22:18:35.505850,5.12781,1.26803,6.5022169143,27.0,5.8137003835210015,1.1338748999999995,0.4316256046295166
1778534315.5058658,2026-05-11T22:18:35.505866,5.12781,1.23242,6.319615600200001,27.0,5.876896539523002,1.1461990999999994,0.4316256046295166
1778534315.505871,2026-05-11T22:18:35.505871,5.14396,1.0327,5.3121674919999995,27.0,5.930018214443002,1.1565260999999993,0.4316256046295166
1778534315.5058758,2026-05-11T22:18:35.505875,5.12781,1.10168,5.6492057208,27.0,5.986510271651001,1.1675428999999993,0.4316256046295166
1778534315.5462115,2026-05-11T22:18:35.546214,5.12781,1.11936,5.7398654015999995,27.0,6.043908925667001,1.1787364999999992,0.47198963165283203
1778534315.5462298,2026-05-11T22:18:35.546230,5.12781,1.04665,5.367022336500001,27.0,6.097579149032001,1.1892029999999991,0.47198963165283203
1778534315.5462356,2026-05-11T22:18:35.546235,5.12828,1.04615,5.364950122,27.0,6.151228650252,1.199664499999999,0.47198963165283203
1778534315.5462508,2026-05-11T22:18:35.546251,5.12828,0.98688,5.0609969664,27.0,6.201838619916001,1.209533299999999,0.47198963165283203
1778534315.5859256,2026-05-11T22:18:35.585929,5.12828,1.02523,5.2576665044,27.0,6.25441528496,1.2197855999999991,0.5116980075836182
1778534315.5859554,2026-05-11T22:18:35.585955,5.12828,1.03942,5.3304367976,27.0,6.307719652936,1.230179799999999,0.5116980075836182
1778534315.5859666,2026-05-11T22:18:35.585967,5.11517,1.20453,6.161375720100001,27.0,6.369333410137,1.242225099999999,0.5116980075836182
1778534315.585976,2026-05-11T22:18:35.585976,5.12828,1.38731,7.1145141268000005,27.0,6.4404785514050005,1.2560981999999992,0.5116980075836182
1778534315.626187,2026-05-11T22:18:35.626193,5.12828,1.25458,6.4338375224,27.0,6.504816926629,1.2686439999999992,0.5519421100616455
1778534315.6262553,2026-05-11T22:18:35.626258,5.12828,1.24661,6.3929651308,27.0,6.5687465779370005,1.2811100999999991,0.5519421100616455
1778534315.6262898,2026-05-11T22:18:35.626292,5.12828,1.25508,6.4364016624,27.0,6.633110594561001,1.2936608999999992,0.5519421100616455
1778534315.6263206,2026-05-11T22:18:35.626322,5.12828,1.24811,6.4006575508,27.0,6.697117170069001,1.3061419999999992,0.5519421100616455
1778534315.6660933,2026-05-11T22:18:35.666097,5.12848,1.23989,6.358751067199999,27.0,6.760704680741001,1.3185408999999992,0.591860294342041
1778534315.6661365,2026-05-11T22:18:35.666138,5.12848,1.2501,6.411112847999999,27.0,6.8248158092210005,1.3310418999999993,0.591860294342041
1778534315.666185,2026-05-11T22:18:35.666185,5.15773,1.16344,6.0007093912,27.0,6.884822903133,1.3426762999999993,0.591860294342041
1778534315.6662004,2026-05-11T22:18:35.666202,5.14396,1.04167,5.358308813200001,27.0,6.938405991265,1.3530929999999992,0.591860294342041
1778534315.7057664,2026-05-11T22:18:35.705769,5.12848,1.06034,5.4379324832,27.0,6.992785316097001,1.3636963999999991,0.6315429210662842
1778534315.705787,2026-05-11T22:18:35.705787,5.12848,1.0444,5.356184512,27.0,7.0463471612170006,1.374140399999999,0.6315429210662842
1778534315.7057939,2026-05-11T22:18:35.705794,5.12848,1.0444,5.356184512,27.0,7.0999090063370005,1.384584399999999,0.6315429210662842
1778534315.7058005,2026-05-11T22:18:35.705800,5.12848,1.04266,5.3472609568,27.0,7.153381615905,1.395010999999999,0.6315429210662842
1778534315.7458103,2026-05-11T22:18:35.745813,5.12848,1.02822,5.2732057056,27.0,7.206113672961,1.405293199999999,0.671583890914917
1778534315.745845,2026-05-11T22:18:35.745845,5.12848,1.00705,5.164635784,26.9,7.257760030801,1.415363699999999,0.671583890914917
1778534315.7458525,2026-05-11T22:18:35.745852,5.12918,1.06731,5.4744251058,26.9,7.312504281859,1.426036799999999,0.671583890914917
1778534315.7458575,2026-05-11T22:18:35.745858,5.12918,1.04914,5.381227905199999,27.0,7.366316560911,1.436528199999999,0.671583890914917
1778534315.785818,2026-05-11T22:18:35.785820,5.11767,1.09122,5.5845038574000005,27.0,7.422161599484999,1.447440399999999,0.711597204208374
1778534315.7858365,2026-05-11T22:18:35.785836,5.12918,1.0459,5.364609362,27.0,7.475807693105,1.457899399999999,0.711597204208374
1778534315.785841,2026-05-11T22:18:35.785841,5.12918,1.00929,5.1768300821999995,27.0,7.527575993927,1.467992299999999,0.711597204208374
1778534315.7858448,2026-05-11T22:18:35.785845,5.12918,1.03195,5.293057300999999,27.0,7.580506566937,1.478311799999999,0.711597204208374
1778534315.8260505,2026-05-11T22:18:35.826052,5.12918,1.04017,5.3352191606,27.0,7.633858758543,1.4887134999999991,0.7518298625946045
1778534315.8260653,2026-05-11T22:18:35.826065,5.12918,1.05362,5.4042066316,27.0,7.687900824859,1.4992496999999991,0.7518298625946045
1778534315.82607,2026-05-11T22:18:35.826070,5.12918,1.05163,5.3939995634,27.0,7.741840820493,1.509765999999999,0.7518298625946045
1778534315.826074,2026-05-11T22:18:35.826074,5.12918,1.05486,5.410566814799999,27.0,7.7959464886409995,1.520314599999999,0.7518298625946045
1778534315.8661883,2026-05-11T22:18:35.866190,5.12949,1.03046,5.2857342653999995,27.0,7.848803831294999,1.530619199999999,0.7919661998748779
1778534315.866206,2026-05-11T22:18:35.866206,5.12949,1.0332,5.299789067999999,27.0,7.901801721975,1.540951199999999,0.7919661998748779
1778534315.8662255,2026-05-11T22:18:35.866225,5.12949,1.02025,5.233362172500001,27.0,7.9541353437,1.5511536999999989,0.7919661998748779
1778534315.8662305,2026-05-11T22:18:35.866230,5.12949,1.01676,5.2154602524,27.0,8.006289946224,1.5613212999999988,0.7919661998748779
1778534315.9064548,2026-05-11T22:18:35.906460,5.12949,1.0337,5.302353813,27.0,8.059313484354,1.5716582999999988,0.8322193622589111
1778534315.9065144,2026-05-11T22:18:35.906515,5.12949,1.03668,5.3176396932,27.0,8.112489881286,1.5820250999999987,0.8322193622589111
1778534315.906532,2026-05-11T22:18:35.906532,5.12949,1.03096,5.2882990104,27.0,8.165372871390002,1.5923346999999988,0.8322193622589111
1778534315.9065845,2026-05-11T22:18:35.906585,5.12949,1.0444,5.357239356,27.0,8.218945264950001,1.6027786999999987,0.8322193622589111
1778534315.9459543,2026-05-11T22:18:35.945957,5.12949,1.05163,5.3943255687,27.0,8.272888520637002,1.6132949999999986,0.8717293739318848
1778534315.9459796,2026-05-11T22:18:35.945980,5.12949,1.04241,5.3470316709,27.0,8.326358837346001,1.6237190999999986,0.8717293739318848
1778534315.945989,2026-05-11T22:18:35.945989,5.12985,1.03733,5.3213473005,27.0,8.379572310351001,1.6340923999999986,0.8717293739318848
1778534315.9459968,2026-05-11T22:18:35.945997,5.12985,1.03733,5.3213473005,27.0,8.432785783356001,1.6444656999999985,0.8717293739318848
1778534315.985852,2026-05-11T22:18:35.985857,5.12985,1.05586,5.416403421,27.0,8.486949817566002,1.6550242999999984,0.911618709564209
1778534315.9858763,2026-05-11T22:18:35.985876,5.12985,1.0063,5.162168055,27.0,8.538571498116001,1.6650872999999984,0.911618709564209
1778534315.9858816,2026-05-11T22:18:35.985881,5.10265,1.34996,6.888373394,27.0,8.607455232056001,1.6785868999999984,0.911618709564209
1778534315.985886,2026-05-11T22:18:35.985886,5.12985,1.26404,6.484335594000001,27.0,8.672298587996002,1.6912272999999984,0.911618709564209
1778534316.0262072,2026-05-11T22:18:36.026209,5.15648,1.03733,5.348971398400001,27.0,8.725788301980002,1.7016005999999984,0.9519853591918945
1778534316.0262253,2026-05-11T22:18:36.026225,5.14146,1.03733,5.333390701800001,27.0,8.779122208998002,1.7119738999999983,0.9519853591918945
1778534316.0262318,2026-05-11T22:18:36.026231,5.14021,1.03733,5.3320940393,27.0,8.832443149391002,1.7223471999999982,0.9519853591918945
1778534316.0262372,2026-05-11T22:18:36.026237,5.12985,1.03733,5.3213473005,27.0,8.885656622396002,1.732720499999998,0.9519853591918945
1778534316.0659516,2026-05-11T22:18:36.065954,5.13039,1.07742,5.527584793800001,27.0,8.940932470334003,1.743494699999998,0.9917266368865967
1778534316.0659857,2026-05-11T22:18:36.065986,5.13039,1.16394,5.9714661366,27.0,9.000647131700003,1.755134099999998,0.9917266368865967
1778534316.065994,2026-05-11T22:18:36.065994,5.13039,1.06507,5.4642244773,27.0,9.055289376473002,1.765784799999998,0.9917266368865967
1778534316.066,2026-05-11T22:18:36.066000,5.11767,1.31783,6.7442190561,27.0,9.122731567034002,1.7789630999999981,0.9917266368865967
1778534316.1058762,2026-05-11T22:18:36.105878,5.14897,1.03868,5.3481321596,27.0,9.176212888630001,1.7893498999999982,1.0316460132598877
1778534316.1058984,2026-05-11T22:18:36.105898,5.13039,1.04142,5.3428907538,27.0,9.229641796168002,1.7997640999999982,1.0316460132598877
1778534316.1059034,2026-05-11T22:18:36.105903,5.13039,1.03668,5.3185727052,27.0,9.282827523220002,1.810130899999998,1.0316460132598877
1778534316.1059072,2026-05-11T22:18:36.105907,5.13039,1.01427,5.203600665300001,27.0,9.334863529873001,1.8202735999999982,1.0316460132598877
1778534316.145767,2026-05-11T22:18:36.145771,5.13039,1.07742,5.527584793800001,27.0,9.390139377811002,1.8310477999999981,0.032048702239990234
1778534316.1457982,2026-05-11T22:18:36.145799,5.11517,1.07742,5.5111864614,27.0,9.445251242425002,1.841821999999998,0.032048702239990234
1778534316.1458094,2026-05-11T22:18:36.145809,5.1309,1.05735,5.425157114999999,27.0,9.499502813575,1.852395499999998,0.032048702239990234
1778534316.145816,2026-05-11T22:18:36.145816,5.1309,1.22046,6.262058214,27.0,9.562123395715,1.864600099999998,0.032048702239990234
1778534316.185931,2026-05-11T22:18:36.185934,5.1309,1.01751,5.220742058999999,27.0,9.614330816305,1.8747751999999982,0.07221388816833496
1778534316.1859577,2026-05-11T22:18:36.185958,5.1309,1.02423,5.255221707,27.0,9.666883033374999,1.8850174999999982,0.07221388816833496
1778534316.185966,2026-05-11T22:18:36.185966,5.1309,1.03668,5.319101412,27.0,9.720074047494998,1.8953842999999981,0.07221388816833496
1778534316.1859741,2026-05-11T22:18:36.185974,5.1309,1.03693,5.320384136999999,27.0,9.773277888864998,1.9057535999999982,0.07221388816833496
1778534316.226272,2026-05-11T22:18:36.226274,5.1309,1.03469,5.308890921,27.0,9.826366798074998,1.9161004999999982,0.11255693435668945
1778534316.2262883,2026-05-11T22:18:36.226288,5.1309,1.03644,5.317869996,27.0,9.879545498034998,1.9264648999999983,0.11255693435668945
1778534316.226293,2026-05-11T22:18:36.226293,5.1309,1.06458,5.462253522,27.0,9.934168033254998,1.9371106999999983,0.11255693435668945
1778534316.226297,2026-05-11T22:18:36.226297,5.1309,1.03345,5.302528604999999,27.0,9.987193319304998,1.9474451999999982,0.11255693435668945
1778534316.2658114,2026-05-11T22:18:36.265813,5.13094,1.0322,5.296156268,27.0,10.040154881984998,1.9577671999999982,0.15209460258483887
1778534316.2658463,2026-05-11T22:18:36.265847,5.13094,1.01353,5.2003616182,27.0,10.092158498166999,1.9679024999999981,0.15209460258483887
1778534316.265858,2026-05-11T22:18:36.265858,5.13094,1.03868,5.3294047592,27.0,10.145452545759,1.9782892999999981,0.15209460258483887
1778534316.2658648,2026-05-11T22:18:36.265865,5.13094,1.05088,5.3920022272,27.0,10.199372568031,1.9887980999999981,0.15209460258483887
1778534316.306176,2026-05-11T22:18:36.306179,5.13094,1.03544,5.312780513599999,27.0,10.252500373167,1.9991524999999981,0.19245696067810059
1778534316.3062088,2026-05-11T22:18:36.306209,5.13094,1.02697,5.2693214518,27.0,10.305193587685,2.009422199999998,0.19245696067810059
1778534316.306216,2026-05-11T22:18:36.306216,5.13094,1.04714,5.372812511599999,27.0,10.358921712801001,2.0198935999999983,0.19245696067810059
1778534316.3062234,2026-05-11T22:18:36.306223,5.13094,1.05959,5.4366927146,27.0,10.413288639947002,2.0304894999999985,0.19245696067810059
1778534316.3465328,2026-05-11T22:18:36.346537,5.13094,1.03619,5.3166287186,27.0,10.466454927133002,2.0408513999999984,0.23281240463256836
1778534316.3465638,2026-05-11T22:18:36.346565,5.13094,1.02722,5.2706041868,27.0,10.519160969001002,2.0511235999999986,0.23281240463256836
1778534316.346578,2026-05-11T22:18:36.346578,5.13094,0.9687,4.970341578,27.0,10.568864384781001,2.0608105999999986,0.23281240463256836
1778534316.3465874,2026-05-11T22:18:36.346587,5.13094,0.9682,4.967776108,27.0,10.618542145861001,2.070492599999999,0.23281240463256836
1778534316.3873856,2026-05-11T22:18:36.387388,5.13094,0.98489,5.0534114966,27.0,10.669076260827001,2.080341499999999,0.27367186546325684
1778534316.387401,2026-05-11T22:18:36.387401,5.13094,1.0698,5.489079612,27.0,10.723967056947002,2.091039499999999,0.27367186546325684
1778534316.3874052,2026-05-11T22:18:36.387405,5.13094,1.03917,5.3319189198,27.0,10.777286246145001,2.101431199999999,0.27367186546325684
1778534316.387408,2026-05-11T22:18:36.387408,5.13094,1.00879,5.1760409626,27.0,10.829046655771002,2.111519099999999,0.27367186546325684
1778534316.4261742,2026-05-11T22:18:36.426176,5.13094,1.01801,5.2233482294,27.0,10.881280138065001,2.121699199999999,0.3124580383300781
1778534316.426195,2026-05-11T22:18:36.426195,5.13094,0.94978,4.8732641932,27.0,10.930012779997002,2.131196999999999,0.3124580383300781
1778534316.4262033,2026-05-11T22:18:36.426203,5.13094,1.06358,5.457165165199999,27.0,10.984584431649001,2.141832799999999,0.3124580383300781
1778534316.4262838,2026-05-11T22:18:36.426284,5.13094,0.92836,4.7633594584,27.0,11.032218026233,2.151116399999999,0.3124580383300781
1778534316.4660828,2026-05-11T22:18:36.466088,5.13098,1.00805,5.172284389,27.0,11.083940870123,2.161196899999999,0.3523545265197754
1778534316.4661312,2026-05-11T22:18:36.466132,5.13098,1.00954,5.179929549200001,27.0,11.135740165615,2.171292299999999,0.3523545265197754
1778534316.4661632,2026-05-11T22:18:36.466185,5.13098,1.02697,5.2693625306,27.0,11.188433790921,2.1815619999999987,0.3523545265197754
1778534316.4662144,2026-05-11T22:18:36.466215,5.13098,1.05387,5.407385892600001,27.0,11.242507649847,2.192100699999999,0.3523545265197754
1778534316.506105,2026-05-11T22:18:36.506110,5.13098,1.06233,5.4507939834,27.0,11.297015589681,2.2027239999999986,0.3923633098602295
1778534316.506159,2026-05-11T22:18:36.506160,5.13098,1.0972,5.629711256,27.0,11.353312702240999,2.2136959999999988,0.3923633098602295
1778534316.5061805,2026-05-11T22:18:36.506181,5.13098,0.94156,4.8311255287999995,27.0,11.401623957528999,2.223111599999999,0.3923633098602295
1778534316.5062056,2026-05-11T22:18:36.506209,5.13098,1.11413,5.716578747400001,27.0,11.458789745003,2.2342528999999987,0.3923633098602295
1778534316.5462317,2026-05-11T22:18:36.546237,5.13098,0.98414,5.0496026572,27.0,11.509285771575,2.2440942999999987,0.43250346183776855
1778534316.5462801,2026-05-11T22:18:36.546281,5.13098,0.9555,4.90265139,27.0,11.558312285475,2.253649299999999,0.43250346183776855
1778534316.546299,2026-05-11T22:18:36.546299,5.13078,1.01328,5.198916758399999,27.0,11.610301453059,2.263782099999999,0.43250346183776855
1778534316.5463147,2026-05-11T22:18:36.546315,5.13078,1.0332,5.301121895999999,27.0,11.663312672019,2.274114099999999,0.43250346183776855
1778534316.586378,2026-05-11T22:18:36.586384,5.13078,0.99709,5.1158494302,27.0,11.714471166321,2.284084999999999,0.47264671325683594
1778534316.5864444,2026-05-11T22:18:36.586445,5.13078,1.00257,5.1439661046,27.0,11.765910827367,2.2941106999999987,0.47264671325683594
1778534316.5867896,2026-05-11T22:18:36.586792,5.13078,1.00008,5.1311904624,27.0,11.817222731991,2.3041114999999985,0.47264671325683594
1778534316.5868263,2026-05-11T22:18:36.586828,5.13078,1.16543,5.979564935399999,27.0,11.877018381345,2.3157657999999985,0.47264671325683594
1778534316.6261573,2026-05-11T22:18:36.626165,5.14271,0.90321,4.6449470990999995,27.0,11.923467852336,2.3247978999999988,0.5124163627624512
1778534316.6262658,2026-05-11T22:18:36.626268,5.14146,0.82227,4.2276683142,27.0,11.965744535477999,2.333020599999999,0.5124163627624512
1778534316.6263118,2026-05-11T22:18:36.626313,5.13078,0.79164,4.0617306792,27.0,12.00636184227,2.340936999999999,0.5124163627624512
1778534316.6263452,2026-05-11T22:18:36.626346,5.13078,0.81455,4.179276849,27.0,12.04815461076,2.349082499999999,0.5124163627624512
1778534316.665851,2026-05-11T22:18:36.665854,5.13122,0.80559,4.1336595198,27.0,12.089491205958,2.357138399999999,0.552114725112915
1778534316.6658776,2026-05-11T22:18:36.665878,5.13122,0.81107,4.161778605399999,27.0,12.131108992011999,2.365249099999999,0.552114725112915
1778534316.6658835,2026-05-11T22:18:36.665883,5.13122,0.80982,4.1553645804,27.0,12.172662637815998,2.373347299999999,0.552114725112915
1778534316.665889,2026-05-11T22:18:36.665889,5.13122,0.80957,4.1540817754,27.0,12.214203455569999,2.381442999999999,0.552114725112915
1778534316.705965,2026-05-11T22:18:36.705967,5.13122,0.80385,4.124731197,27.0,12.25545076754,2.389481499999999,0.5922508239746094
1778534316.7059813,2026-05-11T22:18:36.705981,5.13122,0.85066,4.3649236052,27.0,12.299100003591999,2.397988099999999,0.5922508239746094
1778534316.7059858,2026-05-11T22:18:36.705986,5.13122,0.82153,4.215451166599999,27.0,12.341254515257999,2.406203399999999,0.5922508239746094
1778534316.7059898,2026-05-11T22:18:36.705990,5.13122,0.83647,4.2921115934000005,27.0,12.384175631191999,2.414568099999999,0.5922508239746094
1778534316.7458909,2026-05-11T22:18:36.745893,5.13122,0.81057,4.1592129954,27.0,12.425767761145998,2.422673799999999,0.6321756839752197
1778534316.745915,2026-05-11T22:18:36.745915,5.13122,0.86112,4.4185961663999995,27.0,12.469953722809999,2.431284999999999,0.6321756839752197
1778534316.7459197,2026-05-11T22:18:36.745919,5.13078,0.81057,4.1588563446,27.0,12.511542286255999,2.4393906999999992,0.6321756839752197
1778534316.745924,2026-05-11T22:18:36.745924,5.13078,0.87208,4.474450622399999,27.0,12.556286792479998,2.448111499999999,0.6321756839752197
1778534316.786519,2026-05-11T22:18:36.786531,5.14271,0.79737,4.1006426727,27.0,12.597293219206998,2.456085199999999,0.6727557182312012
1778534316.7865832,2026-05-11T22:18:36.786584,5.13078,0.80808,4.1460807024,27.0,12.638754026230998,2.464165999999999,0.6727557182312012
1778534316.7866056,2026-05-11T22:18:36.786606,5.13078,0.81007,4.156290954599999,27.0,12.680316935776998,2.472266699999999,0.6727557182312012
1778534316.786652,2026-05-11T22:18:36.786653,5.13078,0.81007,4.156290954599999,27.0,12.721879845322999,2.480367399999999,0.6727557182312012
1778534316.8265562,2026-05-11T22:18:36.826561,5.13078,0.8026,4.117964027999999,27.0,12.763059485602998,2.488393399999999,0.7128269672393799
1778534316.826605,2026-05-11T22:18:36.826606,5.13078,0.81605,4.186973019,27.0,12.804929215792997,2.496553899999999,0.7128269672393799
1778534316.8266227,2026-05-11T22:18:36.826623,5.13078,0.82377,4.226582640599999,27.0,12.847195042198997,2.504791599999999,0.7128269672393799
1778534316.8266673,2026-05-11T22:18:36.826668,5.13078,0.7909,4.057933902,27.0,12.887774381218998,2.512700599999999,0.7128269672393799
1778534316.866033,2026-05-11T22:18:36.866037,5.13063,0.79513,4.0795178319,27.0,12.928569559537998,2.5206518999999994,0.7523119449615479
1778534316.8660657,2026-05-11T22:18:36.866066,5.13063,0.80634,4.1370321942,27.0,12.969939881479998,2.5287152999999996,0.7523119449615479
1778534316.866077,2026-05-11T22:18:36.866077,5.13063,0.81455,4.1791546665,27.0,13.011731428144998,2.5368607999999995,0.7523119449615479
1778534316.8660877,2026-05-11T22:18:36.866088,5.13063,0.83647,4.291618076100001,27.0,13.054647608905999,2.5452254999999995,0.7523119449615479
1778534316.906329,2026-05-11T22:18:36.906334,5.13063,0.80883,4.1498074629,27.0,13.096145683535,2.5533137999999993,0.792607307434082
1778534316.906376,2026-05-11T22:18:36.906376,5.13063,0.80609,4.1357495367,27.0,13.137503178902,2.561374699999999,0.792607307434082
1778534316.9063876,2026-05-11T22:18:36.906387,5.13063,0.80634,4.1370321942,27.0,13.178873500844,2.5694380999999993,0.792607307434082
1778534316.9063976,2026-05-11T22:18:36.906398,5.13063,0.78965,4.0514019795,27.0,13.219387520639,2.5773345999999995,0.792607307434082
1778534316.9462447,2026-05-11T22:18:36.946248,5.13063,0.79812,4.0948584156,27.0,13.260336104795,2.5853157999999996,0.8325226306915283
1778534316.946278,2026-05-11T22:18:36.946278,5.13063,0.8275,4.245596325,27.0,13.302792068045,2.5935907999999994,0.8325226306915283
1778534316.9462905,2026-05-11T22:18:36.946290,5.13047,0.80758,4.1432649626,27.0,13.344224717670999,2.6016665999999993,0.8325226306915283
1778534316.9463005,2026-05-11T22:18:36.946300,5.13047,0.80758,4.1432649626,27.0,13.385657367296998,2.609742399999999,0.8325226306915283
1778534316.9862156,2026-05-11T22:18:36.986217,5.13047,0.80659,4.1381857973,27.0,13.427039225269999,2.617808299999999,0.872495174407959
1778534316.9862306,2026-05-11T22:18:36.986230,5.13047,0.79862,4.0972959514,27.0,13.468012184784,2.625794499999999,0.872495174407959
1778534316.9862347,2026-05-11T22:18:36.986234,5.13047,0.80136,4.111353439199999,27.0,13.509125719176,2.633808099999999,0.872495174407959
1778534316.986238,2026-05-11T22:18:36.986238,5.13047,1.04117,5.3416914499,27.0,13.562542633675,2.6442197999999992,0.872495174407959
1778534317.0262377,2026-05-11T22:18:37.026240,5.10515,1.07728,5.499675992,27.0,13.617539393594999,2.654992599999999,0.9125239849090576
1778534317.026255,2026-05-11T22:18:37.026255,5.13047,0.81655,4.1892852785,27.0,13.65943224638,2.663158099999999,0.9125239849090576
1778534317.0262601,2026-05-11T22:18:37.026260,5.13047,0.82626,4.2391021422,27.0,13.701823267802,2.671420699999999,0.9125239849090576
1778534317.0262733,2026-05-11T22:18:37.026273,5.13047,0.80883,4.1496780501,27.0,13.743320048303,2.679508999999999,0.9125239849090576
1778534317.0661156,2026-05-11T22:18:37.066120,5.13039,0.8148,4.1802417720000005,27.0,13.785122466023,2.687656999999999,0.9523918628692627
1778534317.0661535,2026-05-11T22:18:37.066154,5.13039,0.79687,4.0882538793,27.0,13.826005004815999,2.695625699999999,0.9523918628692627
1778534317.0661678,2026-05-11T22:18:37.066168,5.13039,0.78816,4.0435681824,27.0,13.866440686639999,2.703507299999999,0.9523918628692627
1778534317.06618,2026-05-11T22:18:37.066180,5.13039,0.81431,4.1777278809,27.0,13.908217965449,2.711650399999999,0.9523918628692627
1778534317.1060777,2026-05-11T22:18:37.106084,5.13039,0.80434,4.1265778926,27.0,13.949483744375,2.719693799999999,0.9923491477966309
1778534317.106127,2026-05-11T22:18:37.106128,5.13039,0.80758,4.1432003562,27.0,13.990915747937,2.727769599999999,0.9923491477966309
1778534317.1061456,2026-05-11T22:18:37.106146,5.13039,0.80185,4.1138032214999996,27.0,14.032053780152001,2.735788099999999,0.9923491477966309
1778534317.1061618,2026-05-11T22:18:37.106162,5.13039,0.80086,4.1087241354,27.0,14.073141021506002,2.743796699999999,0.9923491477966309
1778534317.146135,2026-05-11T22:18:37.146142,5.13039,0.80061,4.107441537900001,27.0,14.114215436885003,2.7518027999999988,1.032397985458374
1778534317.146204,2026-05-11T22:18:37.146206,5.13039,0.79488,4.078044403200001,27.0,14.154995880917003,2.7597515999999986,1.032397985458374
1778534317.1462739,2026-05-11T22:18:37.146276,5.13016,0.80908,4.1507098528,27.0,14.196502979445002,2.767842399999999,1.032397985458374
1778534317.1463065,2026-05-11T22:18:37.146308,5.13016,0.80808,4.1455796928,27.0,14.237958776373002,2.775923199999999,1.032397985458374
1778534317.1860685,2026-05-11T22:18:37.186074,5.13016,0.81057,4.1583537912,27.0,14.279542314285003,2.784028899999999,0.03162431716918945
1778534317.186145,2026-05-11T22:18:37.186149,5.13016,0.80385,4.1238791159999995,27.0,14.320781105445002,2.792067399999999,0.03162431716918945
1778534317.1861832,2026-05-11T22:18:37.186184,5.13016,0.79314,4.0689351024,27.0,14.361470456469002,2.799998799999999,0.03162431716918945
1778534317.1862178,2026-05-11T22:18:37.186219,5.13016,0.79164,4.0612398624,27.0,14.402082855093003,2.807915199999999,0.03162431716918945
1778534317.2262735,2026-05-11T22:18:37.226276,5.13016,0.7914,4.060008624,27.0,14.442682941333002,2.815829199999999,0.07184576988220215
1778534317.2263007,2026-05-11T22:18:37.226301,5.13016,0.79812,4.0944832992,27.0,14.483627774325003,2.8238103999999993,0.07184576988220215
1778534317.2263236,2026-05-11T22:18:37.226324,5.13016,0.81157,4.1634839512,27.0,14.525262613837002,2.831926099999999,0.07184576988220215
1778534317.2263315,2026-05-11T22:18:37.226331,5.13016,0.8036,4.122596576,27.0,14.566488579597003,2.8399620999999993,0.07184576988220215
1778534317.2659807,2026-05-11T22:18:37.265984,5.13008,0.80833,4.1467975664,27.0,14.607956555261003,2.8480453999999993,0.11155366897583008
1778534317.2660062,2026-05-11T22:18:37.266006,5.13008,0.80285,4.118684728,27.0,14.649143402541004,2.8560738999999993,0.11155366897583008
1778534317.2660155,2026-05-11T22:18:37.266015,5.13008,0.78567,4.0305499536000005,27.0,14.689448902077004,2.8639305999999993,0.11155366897583008
1778534317.2660232,2026-05-11T22:18:37.266023,5.13008,0.79115,4.058662792000001,27.0,14.730035529997004,2.8718420999999994,0.11155366897583008
1778534317.3060732,2026-05-11T22:18:37.306083,5.13008,0.81306,4.171062844800001,27.0,14.771746158445003,2.8799726999999993,0.15163660049438477
1778534317.3061225,2026-05-11T22:18:37.306123,5.13008,0.80858,4.1480800864,27.0,14.813226959309004,2.888058499999999,0.15163660049438477
1778534317.3061366,2026-05-11T22:18:37.306137,5.13008,0.80982,4.1544413856,27.0,14.854771373165004,2.8961566999999993,0.15163660049438477
1778534317.3061647,2026-05-11T22:18:37.306165,5.13008,0.8036,4.122532288,27.0,14.895996696045005,2.9041926999999994,0.15163660049438477
1778534317.354336,2026-05-11T22:18:37.354338,5.13008,0.80161,4.112323428800001,27.0,14.937119930333004,2.9122087999999993,0.19990754127502441
1778534317.3543606,2026-05-11T22:18:37.354361,5.13008,0.80509,4.1301761072000005,27.0,14.978421691405005,2.9202596999999995,0.19990754127502441
1778534317.3543715,2026-05-11T22:18:37.354372,5.12996,0.79015,4.053437894,27.0,15.018956070345006,2.9281611999999995,0.19990754127502441
1778534317.354384,2026-05-11T22:18:37.354384,5.12996,0.79289,4.0674939843999995,27.0,15.059631010189005,2.9360900999999995,0.19990754127502441
1778534317.3858025,2026-05-11T22:18:37.385805,5.12996,0.8036,4.122435855999999,27.0,15.100855368749004,2.9441260999999996,0.23137593269348145
1778534317.3858244,2026-05-11T22:18:37.385824,5.12996,0.80883,4.1492655468,27.0,15.142348024217004,2.9522143999999995,0.23137593269348145
1778534317.3858316,2026-05-11T22:18:37.385832,5.12996,0.8031,4.119870876,27.0,15.183546732977003,2.9602453999999994,0.23137593269348145
1778534317.385839,2026-05-11T22:18:37.385839,5.12996,0.80235,4.116023406,27.0,15.224706967037003,2.9682688999999995,0.23137593269348145
1778534317.4259334,2026-05-11T22:18:37.425939,5.12996,0.78841,4.0445117636,27.0,15.265152084673003,2.9761529999999996,0.2715010643005371
1778534317.425966,2026-05-11T22:18:37.425966,5.12996,0.79239,4.0649290044,27.0,15.305801374717003,2.9840769,0.2715010643005371
1778534317.4259882,2026-05-11T22:18:37.425988,5.12996,0.80161,4.1122272356,27.0,15.346923647073003,2.9920929999999997,0.2715010643005371
1778534317.4259958,2026-05-11T22:18:37.425996,5.12996,0.81082,4.1594741672,27.0,15.388518388745004,3.0002012,0.2715010643005371
1778534317.4660475,2026-05-11T22:18:37.466049,5.12977,0.80484,4.1286440868,27.0,15.429804829613003,3.0082495999999996,0.31162500381469727
1778534317.4660623,2026-05-11T22:18:37.466062,5.12977,0.80161,4.1120749297,27.0,15.470925578910004,3.0162656999999995,0.31162500381469727
1778534317.4660666,2026-05-11T22:18:37.466066,5.12977,0.80385,4.1235656144999995,27.0,15.512161235055004,3.0243041999999996,0.31162500381469727
1778534317.4660704,2026-05-11T22:18:37.466070,5.12977,0.8021,4.114588517,27.0,15.553307120225004,3.0323251999999994,0.31162500381469727
1778534317.5060532,2026-05-11T22:18:37.506055,5.12977,0.78542,4.029023953399999,27.0,15.593597359759004,3.0401793999999995,0.35162782669067383
1778534317.5060835,2026-05-11T22:18:37.506084,5.12977,0.79115,4.0584175355,27.0,15.634181535114005,3.0480908999999996,0.35162782669067383
1778534317.5060906,2026-05-11T22:18:37.506091,5.12977,0.80385,4.1235656144999995,27.0,15.675417191259005,3.0561293999999997,0.35162782669067383
1778534317.5060961,2026-05-11T22:18:37.506096,5.12977,0.80559,4.1324914142999996,27.0,15.716742105402005,3.0641852999999997,0.35162782669067383
1778534317.5461125,2026-05-11T22:18:37.546122,5.12977,0.80733,4.1414172141,27.0,15.758156277543005,3.0722585999999996,0.3916623592376709
1778534317.5461583,2026-05-11T22:18:37.546159,5.12977,0.80285,4.1184358444999996,27.0,15.799340635988004,3.0802870999999996,0.3916623592376709
1778534317.5461729,2026-05-11T22:18:37.546173,5.12965,0.79737,4.0902290205,27.0,15.840242926193005,3.0882607999999996,0.3916623592376709
1778534317.5461853,2026-05-11T22:18:37.546185,5.12965,0.79986,4.103001849,27.0,15.881272944683005,3.0962593999999997,0.3916623592376709
1778534317.5862033,2026-05-11T22:18:37.586210,5.12965,0.7909,4.057040185,27.0,15.921843346533004,3.1041684,0.43173980712890625
1778534317.5862753,2026-05-11T22:18:37.586277,5.12965,0.79762,4.091511433,27.0,15.962758460863004,3.1121445999999997,0.43173980712890625
1778534317.586309,2026-05-11T22:18:37.586310,5.12965,0.81281,4.1694308165,27.0,16.004452769028003,3.1202726999999997,0.43173980712890625
1778534317.586337,2026-05-11T22:18:37.586338,5.12965,0.8026,4.117057089999999,27.0,16.045623339928003,3.1282986999999998,0.43173980712890625
1778534317.626203,2026-05-11T22:18:37.626211,5.12965,0.8041,4.124751565,27.0,16.086870855578002,3.1363396999999997,0.4717540740966797
1778534317.6263273,2026-05-11T22:18:37.626330,5.12965,0.80161,4.1119787365,27.0,16.127990642943004,3.1443557999999996,0.4717540740966797
1778534317.6263666,2026-05-11T22:18:37.626368,5.12965,0.7894,4.04934571,27.0,16.168484100043003,3.1522497999999994,0.4717540740966797
1778534317.6263974,2026-05-11T22:18:37.626398,5.12965,0.79438,4.074891366999999,27.0,16.209233013713003,3.1601935999999995,0.4717540740966797
1778534317.6660635,2026-05-11T22:18:37.666068,5.12926,0.81216,4.1657798016,27.0,16.250890811729004,3.1683151999999994,0.5116276741027832
1778534317.666144,2026-05-11T22:18:37.666145,5.12926,0.81216,4.1657798016,27.0,16.292548609745005,3.1764367999999994,0.5116276741027832
1778534317.6661913,2026-05-11T22:18:37.666192,5.12926,0.81216,4.1657798016,27.0,16.334206407761005,3.1845583999999993,0.5116276741027832
1778534317.666207,2026-05-11T22:18:37.666207,5.12926,0.81216,4.1657798016,27.0,16.375864205777006,3.1926799999999993,0.5116276741027832
1778534317.706414,2026-05-11T22:18:37.706420,5.12926,0.80036,4.1052545336,27.0,16.416916751113007,3.200683599999999,0.5519742965698242
1778534317.7064748,2026-05-11T22:18:37.706477,5.12926,0.81216,4.1657798016,27.0,16.458574549129008,3.208805199999999,0.5519742965698242
1778534317.7064989,2026-05-11T22:18:37.706499,5.12926,0.78592,4.0311880192,27.0,16.498886429321008,3.216664399999999,0.5519742965698242
1778534317.706528,2026-05-11T22:18:37.706529,5.12926,0.78542,4.028623389200001,27.0,16.53917266321301,3.2245185999999992,0.5519742965698242
1778534317.746229,2026-05-11T22:18:37.746234,5.12926,0.81216,4.1657798016,27.0,16.58083046122901,3.232640199999999,0.5917901992797852
1778534317.7462764,2026-05-11T22:18:37.746277,5.12926,0.81216,4.1657798016,27.0,16.62248825924501,3.240761799999999,0.5917901992797852
1778534317.746294,2026-05-11T22:18:37.746294,5.12906,0.80961,4.152538266600001,27.0,16.66401364191101,3.248857899999999,0.5917901992797852
1778534317.746309,2026-05-11T22:18:37.746309,5.12906,0.80961,4.152538266600001,27.0,16.705539024577007,3.256953999999999,0.5917901992797852
1778534317.7862175,2026-05-11T22:18:37.786223,5.12906,0.79563,4.0808340078,27.0,16.74634736465501,3.264910299999999,0.631779670715332
1778534317.7862659,2026-05-11T22:18:37.786266,5.12906,0.79887,4.0974521622,27.0,16.78732188627701,3.272898999999999,0.631779670715332
1778534317.7862852,2026-05-11T22:18:37.786285,5.12906,0.80961,4.152538266600001,27.0,16.828847268943008,3.280995099999999,0.631779670715332
1778534317.7863002,2026-05-11T22:18:37.786300,5.12906,0.80961,4.152538266600001,27.0,16.870372651609006,3.2890911999999988,0.631779670715332
1778534317.8257823,2026-05-11T22:18:37.825784,5.12906,0.80961,4.152538266600001,27.0,16.911898034275005,3.2971872999999987,0.6713559627532959
1778534317.8258138,2026-05-11T22:18:37.825814,5.12906,0.80961,4.152538266600001,27.0,16.953423416941003,3.3052833999999987,0.6713559627532959
1778534317.8258293,2026-05-11T22:18:37.825830,5.12906,0.80961,4.152538266600001,27.0,16.994948799607002,3.3133794999999986,0.6713559627532959
1778534317.825839,2026-05-11T22:18:37.825839,5.12906,0.80961,4.152538266600001,27.0,17.036474182273,3.3214755999999985,0.6713559627532959
1778534317.8658,2026-05-11T22:18:37.865808,5.12899,0.78866,4.0450292534,27.0,17.076924474807,3.3293621999999985,0.7113652229309082
1778534317.8658345,2026-05-11T22:18:37.865835,5.12899,0.78417,4.0220000883,27.0,17.11714447569,3.3372038999999987,0.7113652229309082
1778534317.8658473,2026-05-11T22:18:37.865847,5.12899,0.807,4.139094930000001,27.0,17.15853542499,3.3452738999999987,0.7113652229309082
1778534317.865853,2026-05-11T22:18:37.865853,5.12899,0.83248,4.2697815952,27.0,17.201233240942,3.3535986999999987,0.7113652229309082
1778534317.9061084,2026-05-11T22:18:37.906138,5.12899,0.807,4.139094930000001,27.0,17.242624190241997,3.3616686999999987,0.7516603469848633
1778534317.906185,2026-05-11T22:18:37.906185,5.12899,0.88876,4.5584411523999995,27.0,17.288208601765998,3.3705562999999987,0.7516603469848633
1778534317.9061909,2026-05-11T22:18:37.906191,5.12899,0.807,4.139094930000001,27.0,17.329599551065996,3.3786262999999987,0.7516603469848633
1778534317.906196,2026-05-11T22:18:37.906196,5.12899,0.79488,4.0769315712,27.0,17.370368866777998,3.3865750999999986,0.7516603469848633
1778534317.9461133,2026-05-11T22:18:37.946150,5.12899,0.7899,4.051389201,27.0,17.410882758788,3.3944740999999987,0.7916531562805176
1778534317.946344,2026-05-11T22:18:37.946348,5.12899,0.807,4.139094930000001,27.0,17.452273708087997,3.4025440999999987,0.7916531562805176
1778534317.9465349,2026-05-11T22:18:37.946538,5.12895,0.80779,4.1431145205,27.0,17.493704853292996,3.4106219999999987,0.7916531562805176
1778534317.9465618,2026-05-11T22:18:37.946562,5.12895,0.80779,4.1431145205,27.0,17.535135998497996,3.4186998999999987,0.7916531562805176
1778534317.985905,2026-05-11T22:18:37.985908,5.14521,1.31186,6.7497951905999996,27.0,17.602633950403995,3.4318184999999986,0.8314735889434814
1778534317.9859376,2026-05-11T22:18:37.985938,5.14021,0.81954,4.2126077034,27.0,17.644760027437993,3.4400138999999985,0.8314735889434814
1778534317.9859502,2026-05-11T22:18:37.985950,5.11517,1.16668,5.9677665356,27.0,17.70443769279399,3.4516806999999985,0.8314735889434814
1778534317.9859605,2026-05-11T22:18:37.985960,5.14772,0.90968,4.6827779296,27.0,17.75126547208999,3.4607774999999985,0.8314735889434814
1778534318.026401,2026-05-11T22:18:38.026409,5.12895,0.80779,4.1431145205,27.0,17.79269661729499,3.4688553999999985,0.8719515800476074
1778534318.0264616,2026-05-11T22:18:38.026463,5.12895,0.80779,4.1431145205,27.0,17.83412776249999,3.4769332999999985,0.8719515800476074
1778534318.026505,2026-05-11T22:18:38.026506,5.12895,0.82302,4.221228429,27.0,17.876340046789988,3.4851634999999983,0.8719515800476074
1778534318.0265222,2026-05-11T22:18:38.026522,5.12895,0.80779,4.1431145205,27.0,17.917771191994987,3.4932413999999983,0.8719515800476074
1778534318.066122,2026-05-11T22:18:38.066130,5.12902,0.85216,4.3707456832,27.0,17.961478648826986,3.501762999999998,0.9116759300231934
1778534318.0662043,2026-05-11T22:18:38.066208,5.12902,0.79488,4.0769554176,27.0,18.002248203002985,3.509711799999998,0.9116759300231934
1778534318.0662625,2026-05-11T22:18:38.066264,5.12902,0.78766,4.0399238932,27.0,18.042647441934985,3.517588399999998,0.9116759300231934
1778534318.066282,2026-05-11T22:18:38.066282,5.12902,0.81108,4.1600455416,27.0,18.084247897350984,3.525699199999998,0.9116759300231934
1778534318.1060953,2026-05-11T22:18:38.106102,5.12902,0.81108,4.1600455416,27.0,18.125848352766983,3.5338099999999977,0.9516472816467285
1778534318.1061642,2026-05-11T22:18:38.106166,5.12902,0.80011,4.1037801921999995,27.0,18.16688615468898,3.5418110999999977,0.9516472816467285
1778534318.1061976,2026-05-11T22:18:38.106199,5.12902,0.80011,4.1037801921999995,27.0,18.20792395661098,3.5498121999999976,0.9516472816467285
1778534318.1062288,2026-05-11T22:18:38.106230,5.12902,0.79912,4.0987024624,27.0,18.248910981234978,3.557803399999998,0.9516472816467285
1778534318.1461697,2026-05-11T22:18:38.146177,5.12902,0.79264,4.0654664128,27.0,18.289565645362977,3.565729799999998,0.9917104244232178
1778534318.1462324,2026-05-11T22:18:38.146233,5.12902,0.79389,4.0718776878,27.0,18.330284422240975,3.573668699999998,0.9917104244232178
1778534318.1462538,2026-05-11T22:18:38.146254,5.12902,0.81073,4.1582503846,27.0,18.371866926086977,3.581775999999998,0.9917104244232178
1778534318.1462724,2026-05-11T22:18:38.146273,5.12902,0.81073,4.1582503846,27.0,18.413449429932978,3.5898832999999977,0.9917104244232178
1778534318.186165,2026-05-11T22:18:38.186171,5.12902,0.81073,4.1582503846,27.0,18.45503193377898,3.5979905999999975,1.0317225456237793
1778534318.186225,2026-05-11T22:18:38.186227,5.12902,0.81073,4.1582503846,27.0,18.49661443762498,3.6060978999999973,1.0317225456237793
1778534318.1862597,2026-05-11T22:18:38.186261,5.12902,0.81073,4.1582503846,27.0,18.538196941470982,3.614205199999997,1.0317225456237793
1778534318.1863103,2026-05-11T22:18:38.186313,5.12902,0.78467,4.0245881234,27.0,18.578442822704982,3.622051899999997,1.0317225456237793
1778534318.2264485,2026-05-11T22:18:38.226454,5.12902,0.78691,4.0360771282,27.0,18.618803593986982,3.6299209999999973,0.03232526779174805
1778534318.226497,2026-05-11T22:18:38.226498,5.12902,0.85266,4.3733101932,27.0,18.66253669591898,3.6384475999999975,0.03232526779174805
1778534318.2265155,2026-05-11T22:18:38.226516,5.12902,0.81073,4.1582503846,27.0,18.704119199764982,3.6465548999999973,0.03232526779174805
1778534318.2265308,2026-05-11T22:18:38.226531,5.12902,0.81073,4.1582503846,27.0,18.745701703610983,3.654662199999997,0.03232526779174805
1778534318.266243,2026-05-11T22:18:38.266249,5.12899,0.80991,4.1540202909,27.0,18.787241906519984,3.662761299999997,0.07211852073669434
1778534318.2662926,2026-05-11T22:18:38.266293,5.12899,0.80991,4.1540202909,27.0,18.828782109428985,3.670860399999997,0.07211852073669434
1778534318.26631,2026-05-11T22:18:38.266310,5.12899,0.80991,4.1540202909,27.0,18.870322312337986,3.678959499999997,0.07211852073669434
1778534318.266325,2026-05-11T22:18:38.266325,5.12899,0.78716,4.0373357684,27.0,18.910695670021987,3.686831099999997,0.07211852073669434
1778534318.306308,2026-05-11T22:18:38.306314,5.12899,0.79812,4.0935494988,27.0,18.951631165009985,3.694812299999997,0.11218404769897461
1778534318.306357,2026-05-11T22:18:38.306357,5.12899,0.80991,4.1540202909,27.0,18.993171367918986,3.702911399999997,0.11218404769897461
1778534318.3063745,2026-05-11T22:18:38.306375,5.12899,0.80991,4.1540202909,27.0,19.034711570827987,3.711010499999997,0.11218404769897461
1778534318.30639,2026-05-11T22:18:38.306390,5.12899,0.80991,4.1540202909,27.0,19.07625177373699,3.719109599999997,0.11218404769897461
1778534318.3464289,2026-05-11T22:18:38.346435,5.12899,0.80991,4.1540202909,27.0,19.11779197664599,3.7272086999999967,0.15230512619018555
1778534318.346478,2026-05-11T22:18:38.346479,5.12899,0.78965,4.050106953499999,27.0,19.15829304618099,3.735105199999997,0.15230512619018555
1778534318.346496,2026-05-11T22:18:38.346496,5.12899,0.79613,4.0833428087,27.0,19.19912647426799,3.7430664999999967,0.15230512619018555
1778534318.3465114,2026-05-11T22:18:38.346512,5.12899,0.80956,4.1522251444,27.0,19.240648725711992,3.7511620999999966,0.15230512619018555
1778534318.3864822,2026-05-11T22:18:38.386487,5.12899,0.79762,4.0909850038,27.0,19.28155857574999,3.7591382999999965,0.19235825538635254
1778534318.3865554,2026-05-11T22:18:38.386556,5.12899,0.80956,4.1522251444,27.0,19.32308082719399,3.7672338999999964,0.19235825538635254
1778534318.386573,2026-05-11T22:18:38.386573,5.12899,0.80956,4.1522251444,27.0,19.36460307863799,3.7753294999999962,0.19235825538635254
1778534318.386595,2026-05-11T22:18:38.386595,5.12899,0.80956,4.1522251444,27.0,19.40612533008199,3.783425099999996,0.19235825538635254
1778534318.4264083,2026-05-11T22:18:38.426413,5.12899,0.80956,4.1522251444,27.0,19.44764758152599,3.791520699999996,0.2322845458984375
1778534318.4264567,2026-05-11T22:18:38.426457,5.12899,0.78467,4.0245645833,27.0,19.48789322735899,3.799367399999996,0.2322845458984375
1778534318.426475,2026-05-11T22:18:38.426475,5.12899,0.78517,4.0271290783,27.0,19.528164518141992,3.8072190999999957,0.2322845458984375
1778534318.4264905,2026-05-11T22:18:38.426491,5.12899,0.80956,4.1522251444,27.0,19.569686769585992,3.8153146999999956,0.2322845458984375
1778534318.4661791,2026-05-11T22:18:38.466184,5.12895,0.80982,4.153526288999999,27.0,19.611222032475993,3.8234128999999957,0.27205467224121094
1778534318.4662273,2026-05-11T22:18:38.466228,5.12895,0.80982,4.153526288999999,27.0,19.652757295365994,3.8315110999999957,0.27205467224121094
1778534318.466243,2026-05-11T22:18:38.466243,5.12895,0.80982,4.153526288999999,27.0,19.694292558255995,3.839609299999996,0.27205467224121094
1778534318.4662561,2026-05-11T22:18:38.466256,5.12895,0.79737,4.0896708615,27.0,19.735189266870997,3.8475829999999958,0.27205467224121094
1778534318.5061045,2026-05-11T22:18:38.506110,5.12895,0.79413,4.0730530635,27.0,19.775919797505995,3.855524299999996,0.3119807243347168
1778534318.506154,2026-05-11T22:18:38.506154,5.12895,0.79588,4.082028726,27.0,19.816740084765996,3.863483099999996,0.3119807243347168
1778534318.5061705,2026-05-11T22:18:38.506171,5.12895,0.78891,4.0462799445,27.0,19.857202884210995,3.8713721999999957,0.3119807243347168
1778534318.506186,2026-05-11T22:18:38.506186,5.12895,0.80982,4.153526288999999,27.0,19.898738147100996,3.8794703999999958,0.3119807243347168
1778534318.5460894,2026-05-11T22:18:38.546094,5.12895,0.80982,4.153526288999999,27.0,19.940273409990997,3.887568599999996,0.3519630432128906
1778534318.5461352,2026-05-11T22:18:38.546136,5.12895,0.80982,4.153526288999999,27.0,19.981808672880998,3.895666799999996,0.3519630432128906
1778534318.5461717,2026-05-11T22:18:38.546172,5.12891,0.80969,4.1528271379,27.0,20.02333694426,3.903763699999996,0.3519630432128906
1778534318.546186,2026-05-11T22:18:38.546186,5.12891,0.78741,4.038555023100001,27.0,20.063722494491,3.911637799999996,0.3519630432128906
1778534318.5860438,2026-05-11T22:18:38.586051,5.12891,0.80969,4.1528271379,27.0,20.10525076587,3.919734699999996,0.3919076919555664
1778534318.5861127,2026-05-11T22:18:38.586114,5.12891,0.80969,4.1528271379,27.0,20.146779037249,3.9278315999999958,0.3919076919555664
1778534318.5861492,2026-05-11T22:18:38.586150,5.12891,0.80969,4.1528271379,27.0,20.188307308628,3.9359284999999957,0.3919076919555664
1778534318.586234,2026-05-11T22:18:38.586235,5.12891,0.80969,4.1528271379,27.0,20.229835580007002,3.9440253999999957,0.3919076919555664
1778534318.6259615,2026-05-11T22:18:38.625966,5.12891,0.80969,4.1528271379,27.0,20.271363851386003,3.9521222999999956,0.43183279037475586
1778534318.6261327,2026-05-11T22:18:38.626133,5.12891,0.80969,4.1528271379,27.0,20.312892122765003,3.9602191999999956,0.43183279037475586
1778534318.6261494,2026-05-11T22:18:38.626150,5.12891,0.78592,4.0309129472,27.0,20.353201252237003,3.9680783999999956,0.43183279037475586
1778534318.6261632,2026-05-11T22:18:38.626163,5.12891,0.78617,4.0321951747,27.0,20.393523203984003,3.9759400999999954,0.43183279037475586
1778534318.6660945,2026-05-11T22:18:38.666102,5.12891,0.80965,4.1526219815,27.0,20.435049423799004,3.9840365999999956,0.47195863723754883
1778534318.6661692,2026-05-11T22:18:38.666171,5.12891,0.80965,4.1526219815,27.0,20.476575643614005,3.9921330999999958,0.47195863723754883
1778534318.6662052,2026-05-11T22:18:38.666206,5.12891,0.80965,4.1526219815,27.0,20.518101863429006,4.0002295999999955,0.47195863723754883
1778534318.666239,2026-05-11T22:18:38.666240,5.12891,0.80965,4.1526219815,27.0,20.559628083244007,4.008326099999995,0.47195863723754883
1778534318.7066267,2026-05-11T22:18:38.706633,5.12891,0.79239,4.064096994900001,27.0,20.600269053193006,4.016249999999995,0.5124883651733398
1778534318.7066863,2026-05-11T22:18:38.706687,5.12891,0.7909,4.056454919,27.0,20.640833602383008,4.024158999999995,0.5124883651733398
1778534318.7067084,2026-05-11T22:18:38.706709,5.12891,0.79912,4.0986145592000005,27.0,20.68181974797501,4.032150199999995,0.5124883651733398
1778534318.7067313,2026-05-11T22:18:38.706732,5.12891,0.79662,4.0857922842,27.0,20.72267767081701,4.040116399999995,0.5124883651733398
1778534318.7462518,2026-05-11T22:18:38.746259,5.12891,0.80965,4.1526219815,27.0,20.76420389063201,4.048212899999995,0.5520823001861572
1778534318.7463071,2026-05-11T22:18:38.746308,5.12891,0.80965,4.1526219815,27.0,20.805730110447012,4.056309399999995,0.5520823001861572
1778534318.7463243,2026-05-11T22:18:38.746324,5.12895,0.80946,4.1516798669999995,27.0,20.84724690911701,4.064403999999994,0.5520823001861572
1778534318.746338,2026-05-11T22:18:38.746338,5.12895,0.80946,4.1516798669999995,27.0,20.88876370778701,4.072498599999994,0.5520823001861572
